Date,Open,High,Low,Close,Volume
1938-01-03,5.65,5.75,5.59,5.63
1938-01-04,5.75,5.91,5.75,5.88
1938-01-05,5.84,5.97,5.83,5.85
1938-01-06,5.94,6.12,5.94,6.11
1938-01-07,6.1,6.12,6.02,6.06
1938-01-08,6.12,6.24,6.12,6.22
1938-01-10,6.22,6.39,6.22,6.35
1938-01-11,6.36,6.41,6.3,6.4
1938-01-12,6.39,6.42,6.32,6.34
1938-01-13,6.32,6.33,6.23,6.25
1938-01-14,6.25,6.29,6.19,6.26
1938-01-15,6.26,6.4,6.26,6.37
1938-01-17,6.33,6.34,6.23,6.24
1938-01-18,6.23,6.25,6.15,6.18
1938-01-19,6.19,6.2,6.06,6.12
1938-01-20,6.14,6.25,6.14,6.24
1938-01-21,6.19,6.24,6.11,6.12
1938-01-22,6.12,6.12,6.08,6.1
1938-01-24,6.1,6.12,6.06,6.09
1938-01-25,6.05,6.05,5.98,6
1938-01-26,5.9,5.9,5.71,5.77
1938-01-27,5.76,5.82,5.63,5.69
1938-01-28,5.68,5.71,5.55,5.64
1938-01-29,5.64,5.68,5.6,5.62
1938-01-31,5.63,5.73,5.63,5.71
1938-02-01,5.76,5.85,5.76,5.82
1938-02-02,5.78,5.83,5.72,5.74
1938-02-03,5.66,5.66,5.49,5.52
1938-02-04,5.54,5.65,5.47,5.63
1938-02-05,5.65,5.77,5.65,5.75
1938-02-07,5.71,5.73,5.62,5.64
1938-02-08,5.72,5.88,5.72,5.86
1938-02-09,5.84,5.91,5.8,5.82
1938-02-10,5.84,5.94,5.82,5.86
1938-02-11,5.86,5.91,5.82,5.84
1938-02-14,5.84,5.9,5.84,5.88
1938-02-15,5.87,5.91,5.8,5.81
1938-02-16,5.8,5.82,5.73,5.8
1938-02-17,5.83,5.99,5.83,5.95
1938-02-18,5.94,5.99,5.85,5.88
1938-02-19,5.92,5.98,5.92,5.97
1938-02-21,5.98,6.11,5.98,6.07
1938-02-23,6.15,6.25,6.15,6.23
1938-02-24,6.2,6.2,6.12,6.14
1938-02-25,6.14,6.23,6.09,6.17
1938-02-26,6.17,6.18,6.14,6.16
1938-02-28,6.11,6.11,6,6.05
1938-03-01,6.07,6.13,6.03,6.11
1938-03-02,6.11,6.11,6.04,6.05
1938-03-03,6.02,6.02,5.96,5.99
1938-03-04,5.95,6.02,5.92,5.93
1938-03-05,5.93,5.95,5.91,5.93
1938-03-07,5.9,5.9,5.79,5.8
1938-03-08,5.8,5.83,5.68,5.8
1938-03-09,5.79,5.86,5.75,5.8
1938-03-10,5.79,5.82,5.73,5.74
1938-03-11,5.71,5.71,5.62,5.64
1938-03-12,5.64,5.67,5.62,5.65
1938-03-14,5.71,5.78,5.71,5.74
1938-03-15,5.79,5.93,5.79,5.92
1938-03-16,5.81,5.81,5.61,5.66
1938-03-17,5.65,5.73,5.6,5.61
1938-03-18,5.59,5.59,5.38,5.43
1938-03-19,5.51,5.57,5.51,5.54
1938-03-21,5.53,5.63,5.52,5.53
1938-03-22,5.5,5.51,5.33,5.36
1938-03-23,5.33,5.33,5.18,5.25
1938-03-24,5.25,5.33,5.18,5.27
1938-03-25,5.24,5.24,4.96,4.98
1938-03-26,4.99,5.03,4.88,4.9
1938-03-28,4.9,4.99,4.86,4.93
1938-03-29,4.83,4.83,4.63,4.65
1938-03-30,4.63,4.72,4.55,4.59
1938-03-31,4.61,4.7,4.45,4.52
1938-04-01,4.65,4.76,4.65,4.74
1938-04-02,4.86,4.97,4.86,4.93
1938-04-04,4.94,4.97,4.86,4.92
1938-04-05,4.92,5.06,4.88,5.04
1938-04-06,5,5,4.9,4.93
1938-04-07,4.94,4.96,4.87,4.89
1938-04-08,4.99,5.14,4.99,5.12
1938-04-09,5.35,5.48,5.35,5.46
1938-04-11,5.4,5.42,5.27,5.29
1938-04-12,5.3,5.36,5.24,5.34
1938-04-13,5.32,5.43,5.32,5.37
1938-04-14,5.33,5.46,5.27,5.42
1938-04-16,5.53,5.67,5.53,5.64
1938-04-18,5.62,5.65,5.51,5.53
1938-04-19,5.47,5.47,5.36,5.37
1938-04-20,5.37,5.37,5.23,5.35
1938-04-21,5.38,5.42,5.34,5.4
1938-04-22,5.42,5.61,5.42,5.55
1938-04-23,5.55,5.58,5.5,5.51
1938-04-25,5.46,5.46,5.39,5.42
1938-04-26,5.38,5.38,5.28,5.29
1938-04-27,5.33,5.4,5.33,5.35
1938-04-28,5.32,5.32,5.17,5.19
1938-04-29,5.2,5.2,5.1,5.19
1938-04-30,5.17,5.18,5.14,5.15
1938-05-02,5.11,5.11,5.06,5.09
1938-05-03,5.14,5.25,5.14,5.23
1938-05-04,5.26,5.33,5.21,5.31
1938-05-05,5.31,5.38,5.27,5.29
1938-05-06,5.36,5.55,5.35,5.54
1938-05-07,5.52,5.56,5.49,5.52
1938-05-09,5.54,5.66,5.5,5.64
1938-05-10,5.6,5.65,5.53,5.54
1938-05-11,5.54,5.62,5.53,5.57
1938-05-12,5.53,5.59,5.5,5.53
1938-05-13,5.51,5.51,5.42,5.44
1938-05-14,5.44,5.46,5.42,5.45
1938-05-16,5.43,5.43,5.34,5.35
1938-05-17,5.33,5.39,5.3,5.38
1938-05-18,5.39,5.44,5.38,5.42
1938-05-19,5.44,5.45,5.34,5.36
1938-05-20,5.3,5.3,5.24,5.28
1938-05-21,5.26,5.26,5.2,5.21
1938-05-23,5.21,5.26,5.19,5.24
1938-05-24,5.22,5.25,5.14,5.15
1938-05-25,5.13,5.13,5.05,5.06
1938-05-26,5.03,5.06,4.91,4.92
1938-05-27,4.93,4.94,4.84,4.92
1938-05-28,4.96,5.01,4.96,4.98
1938-05-31,4.95,4.95,4.88,4.91
1938-06-01,4.94,5.09,4.93,5.07
1938-06-02,5.05,5.11,5.04,5.05
1938-06-03,5.03,5.03,4.97,4.99
1938-06-04,5.03,5.13,5.03,5.11
1938-06-06,5.11,5.21,5.11,5.16
1938-06-07,5.14,5.2,5.12,5.14
1938-06-08,5.12,5.16,5.11,5.15
1938-06-09,5.18,5.28,5.18,5.26
1938-06-10,5.24,5.26,5.18,5.19
1938-06-11,5.19,5.19,5.17,5.17
1938-06-13,5.11,5.11,5.03,5.04
1938-06-14,5.05,5.11,5.04,5.1
1938-06-15,5.1,5.17,5.1,5.12
1938-06-16,5.13,5.18,5.12,5.17
1938-06-17,5.16,5.18,5.1,5.12
1938-06-18,5.11,5.13,5.11,5.12
1938-06-20,5.24,5.41,5.24,5.39
1938-06-21,5.43,5.58,5.43,5.53
1938-06-22,5.55,5.71,5.52,5.68
1938-06-23,5.68,5.89,5.67,5.83
1938-06-24,5.82,5.97,5.82,5.9
1938-06-25,5.9,6.03,5.84,6.02
1938-06-27,6.02,6.07,5.92,5.95
1938-06-28,5.95,6.03,5.9,5.95
1938-06-29,5.95,6.21,5.95,6.2
1938-06-30,6.2,6.31,6.08,6.11
1938-07-01,6.17,6.32,6.16,6.3
1938-07-02,6.34,6.44,6.34,6.42
1938-07-05,6.43,6.43,6.27,6.33
1938-07-06,6.36,6.44,6.27,6.42
1938-07-07,6.41,6.51,6.34,6.39
1938-07-08,6.34,6.34,6.22,6.28
1938-07-09,6.3,6.34,6.27,6.32
1938-07-11,6.27,6.29,6.17,6.2
1938-07-12,6.23,6.39,6.19,6.36
1938-07-13,6.34,6.48,6.3,6.31
1938-07-14,6.31,6.35,6.23,6.25
1938-07-15,6.27,6.38,6.25,6.34
1938-07-16,6.36,6.43,6.36,6.4
1938-07-18,6.43,6.54,6.39,6.52
1938-07-19,6.58,6.71,6.58,6.69
1938-07-20,6.71,6.72,6.58,6.62
1938-07-21,6.62,6.69,6.56,6.62
1938-07-22,6.6,6.66,6.57,6.62
1938-07-23,6.64,6.75,6.64,6.74
1938-07-25,6.72,6.82,6.72,6.76
1938-07-26,6.7,6.7,6.62,6.66
1938-07-27,6.61,6.64,6.43,6.46
1938-07-28,6.49,6.6,6.46,6.58
1938-07-29,6.55,6.62,6.49,6.5
1938-07-30,6.54,6.57,6.51,6.54
1938-08-01,6.49,6.49,6.44,6.46
1938-08-02,6.47,6.57,6.45,6.55
1938-08-03,6.5,6.57,6.46,6.49
1938-08-04,6.51,6.56,6.48,6.53
1938-08-05,6.58,6.69,6.58,6.68
1938-08-06,6.71,6.78,6.71,6.75
1938-08-08,6.78,6.79,6.69,6.71
1938-08-09,6.7,6.7,6.59,6.67
1938-08-10,6.62,6.64,6.56,6.58
1938-08-11,6.56,6.58,6.4,6.42
1938-08-12,6.37,6.37,6.23,6.28
1938-08-13,6.28,6.29,6.25,6.26
1938-08-15,6.26,6.33,6.26,6.28
1938-08-16,6.31,6.41,6.31,6.37
1938-08-17,6.36,6.46,6.36,6.38
1938-08-18,6.35,6.39,6.33,6.37
1938-08-19,6.4,6.53,6.39,6.49
1938-08-20,6.48,6.5,6.47,6.48
1938-08-22,6.48,6.49,6.43,6.46
1938-08-23,6.48,6.62,6.48,6.61
1938-08-24,6.6,6.68,6.58,6.59
1938-08-25,6.62,6.66,6.58,6.64
1938-08-26,6.63,6.66,6.57,6.58
1938-08-27,6.53,6.53,6.48,6.51
1938-08-29,6.35,6.35,6.22,6.24
1938-08-30,6.29,6.36,6.29,6.34
1938-08-31,6.3,6.37,6.3,6.35
1938-09-01,6.32,6.32,6.24,6.27
1938-09-02,6.32,6.46,6.32,6.45
1938-09-03,6.47,6.51,6.47,6.5
1938-09-06,6.48,6.49,6.41,6.43
1938-09-07,6.46,6.54,6.44,6.53
1938-09-08,6.5,6.5,6.44,6.46
1938-09-09,6.39,6.39,6.29,6.32
1938-09-10,6.31,6.31,6.23,6.25
1938-09-12,6.26,6.36,6.25,6.34
1938-09-13,6.25,6.33,5.96,5.98
1938-09-14,6,6.12,5.83,5.94
1938-09-15,6.06,6.17,6.06,6.14
1938-09-16,6.04,6.04,5.97,6.01
1938-09-17,5.97,5.97,5.84,5.88
1938-09-19,6.02,6.09,6.02,6.04
1938-09-20,6.19,6.3,6.19,6.25
1938-09-21,6.24,6.33,6.21,6.29
1938-09-22,6.21,6.21,6.15,6.17
1938-09-23,6.06,6.06,5.95,5.97
1938-09-24,6.02,6.02,5.85,5.97
1938-09-26,5.87,5.87,5.7,5.79
1938-09-27,5.76,5.87,5.74,5.77
1938-09-28,5.88,6.07,5.77,6.03
1938-09-29,6.13,6.27,6.13,6.25
1938-09-30,6.34,6.46,6.34,6.43
1938-10-01,6.47,6.55,6.47,6.54
1938-10-03,6.52,6.62,6.5,6.58
1938-10-04,6.56,6.58,6.51,6.55
1938-10-05,6.58,6.76,6.58,6.75
1938-10-06,6.74,6.84,6.71,6.73
1938-10-07,6.73,6.79,6.69,6.75
1938-10-08,6.77,6.84,6.77,6.82
1938-10-10,6.79,6.82,6.73,6.78
1938-10-11,6.75,6.79,6.69,6.74
1938-10-13,6.84,6.96,6.84,6.95
1938-10-14,6.95,6.98,6.84,6.9
1938-10-15,6.94,6.99,6.93,6.96
1938-10-17,6.91,6.97,6.84,6.86
1938-10-18,6.89,6.97,6.79,6.95
1938-10-19,6.92,6.96,6.8,6.82
1938-10-20,6.86,6.94,6.84,6.93
1938-10-21,6.92,6.99,6.91,6.95
1938-10-22,6.94,7.04,6.94,7.03
1938-10-24,7.03,7.08,7,7.03
1938-10-25,7.04,7.09,7.01,7.04
1938-10-26,7,7,6.9,6.95
1938-10-27,6.97,7.04,6.94,6.99
1938-10-28,6.96,6.97,6.87,6.89
1938-10-29,6.87,6.89,6.84,6.87
1938-10-31,6.88,6.92,6.84,6.9
1938-11-01,6.88,6.93,6.84,6.87
1938-11-02,6.85,6.91,6.82,6.89
1938-11-03,6.91,6.95,6.88,6.91
1938-11-04,6.91,6.95,6.87,6.9
1938-11-05,6.92,6.94,6.91,6.92
1938-11-07,6.91,7.07,6.9,7.04
1938-11-09,7.11,7.24,7.11,7.22
1938-11-10,7.2,7.24,7.14,7.17
1938-11-12,7.18,7.23,7.18,7.22
1938-11-14,7.12,7.12,7.02,7.03
1938-11-15,7.02,7.02,6.92,6.99
1938-11-16,6.93,6.97,6.79,6.79
1938-11-17,6.81,6.88,6.8,6.87
1938-11-18,6.85,6.87,6.69,6.72
1938-11-19,6.73,6.76,6.73,6.74
1938-11-21,6.75,6.77,6.69,6.74
1938-11-22,6.7,6.7,6.65,6.68
1938-11-23,6.68,6.75,6.67,6.7
1938-11-25,6.7,6.75,6.69,6.71
1938-11-26,6.68,6.68,6.6,6.61
1938-11-28,6.55,6.55,6.43,6.47
1938-11-29,6.47,6.54,6.47,6.5
1938-11-30,6.57,6.67,6.57,6.66
1938-12-01,6.65,6.67,6.58,6.59
1938-12-02,6.57,6.57,6.49,6.53
1938-12-03,6.53,6.54,6.5,6.52
1938-12-05,6.48,6.5,6.44,6.48
1938-12-06,6.5,6.58,6.48,6.54
1938-12-07,6.54,6.61,6.54,6.56
1938-12-08,6.52,6.53,6.47,6.48
1938-12-09,6.45,6.48,6.42,6.44
1938-12-10,6.46,6.51,6.45,6.5
1938-12-12,6.5,6.55,6.49,6.51
1938-12-13,6.54,6.61,6.54,6.58
1938-12-14,6.62,6.74,6.62,6.72
1938-12-15,6.74,6.8,6.72,6.74
1938-12-16,6.78,6.8,6.72,6.74
1938-12-17,6.69,6.69,6.65,6.67
1938-12-19,6.62,6.69,6.59,6.62
1938-12-20,6.61,6.65,6.58,6.61
1938-12-21,6.61,6.62,6.55,6.57
1938-12-22,6.58,6.63,6.56,6.62
1938-12-23,6.65,6.71,6.65,6.69
1938-12-24,6.71,6.73,6.69,6.71
1938-12-27,6.69,6.7,6.63,6.65
1938-12-28,6.66,6.73,6.62,6.71
1938-12-29,6.79,6.87,6.79,6.85
1938-12-30,6.82,6.88,6.82,6.86
1938-12-31,6.88,6.91,6.87,6.89
1939-01-03,6.88,6.89,6.81,6.83
1939-01-04,6.85,6.92,6.83,6.9
1939-01-05,6.89,6.92,6.8,6.82
1939-01-06,6.83,6.85,6.8,6.82
1939-01-07,6.79,6.79,6.73,6.74
1939-01-09,6.71,6.71,6.62,6.67
1939-01-10,6.67,6.72,6.66,6.68
1939-01-11,6.62,6.62,6.55,6.56
1939-01-12,6.57,6.6,6.46,6.5
1939-01-13,6.47,6.49,6.41,6.43
1939-01-14,6.53,6.6,6.53,6.59
1939-01-16,6.58,6.6,6.56,6.58
1939-01-17,6.61,6.65,6.57,6.64
1939-01-18,6.62,6.65,6.61,6.63
1939-01-19,6.65,6.69,6.62,6.67
1939-01-20,6.66,6.68,6.63,6.64
1939-01-21,6.58,6.58,6.48,6.5
1939-01-23,6.34,6.34,6.2,6.22
1939-01-24,6.24,6.3,6.16,6.24
1939-01-25,6.24,6.25,6.15,6.21
1939-01-26,6.15,6.15,5.99,6.01
1939-01-27,6.08,6.19,6.08,6.18
1939-01-28,6.16,6.2,6.13,6.15
1939-01-30,6.23,6.34,6.23,6.33
1939-01-31,6.35,6.45,6.35,6.41
1939-02-01,6.36,6.36,6.29,6.31
1939-02-02,6.37,6.46,6.37,6.45
1939-02-03,6.43,6.45,6.38,6.4
1939-02-04,6.41,6.48,6.41,6.46
1939-02-06,6.5,6.55,6.48,6.49
1939-02-07,6.46,6.46,6.39,6.41
1939-02-08,6.45,6.51,6.45,6.5
1939-02-09,6.46,6.47,6.39,6.4
1939-02-10,6.43,6.43,6.37,6.42
1939-02-11,6.45,6.49,6.45,6.47
1939-02-14,6.45,6.45,6.41,6.43
1939-02-15,6.42,6.46,6.41,6.44
1939-02-16,6.46,6.52,6.45,6.49
1939-02-17,6.47,6.5,6.43,6.45
1939-02-18,6.49,6.52,6.49,6.51
1939-02-20,6.4,6.4,6.31,6.32
1939-02-21,6.37,6.38,6.34,6.36
1939-02-23,6.35,6.4,6.35,6.37
1939-02-24,6.44,6.54,6.44,6.52
1939-02-25,6.54,6.59,6.54,6.57
1939-02-27,6.58,6.6,6.54,6.57
1939-02-28,6.58,6.64,6.58,6.6
1939-03-01,6.61,6.63,6.58,6.6
1939-03-02,6.6,6.6,6.56,6.59
1939-03-03,6.62,6.69,6.62,6.68
1939-03-04,6.68,6.72,6.68,6.7
1939-03-06,6.68,6.71,6.63,6.65
1939-03-07,6.66,6.7,6.66,6.68
1939-03-08,6.7,6.8,6.69,6.79
1939-03-09,6.76,6.8,6.72,6.76
1939-03-10,6.76,6.82,6.76,6.8
1939-03-11,6.78,6.8,6.75,6.76
1939-03-13,6.75,6.75,6.68,6.71
1939-03-14,6.72,6.75,6.68,6.74
1939-03-15,6.66,6.66,6.53,6.55
1939-03-16,6.54,6.56,6.49,6.53
1939-03-17,6.44,6.44,6.3,6.34
1939-03-18,6.27,6.27,6.19,6.24
1939-03-20,6.22,6.28,6.17,6.2
1939-03-21,6.28,6.35,6.28,6.31
1939-03-22,6.21,6.21,6.05,6.1
1939-03-23,6.15,6.27,6.14,6.19
1939-03-24,6.23,6.31,6.23,6.26
1939-03-25,6.26,6.29,6.22,6.25
1939-03-27,6.24,6.31,6.21,6.22
1939-03-28,6.17,6.17,6.1,6.14
1939-03-29,6.16,6.22,6.14,6.18
1939-03-30,6.11,6.14,5.95,5.97
1939-03-31,5.91,5.96,5.68,5.7
1939-04-01,5.78,5.87,5.7,5.82
1939-04-03,5.86,5.98,5.76,5.84
1939-04-04,5.77,5.77,5.6,5.71
1939-04-05,5.71,5.78,5.66,5.73
1939-04-06,5.65,5.65,5.49,5.53
1939-04-08,5.4,5.4,5.26,5.28
1939-04-10,5.3,5.43,5.27,5.41
1939-04-11,5.41,5.43,5.24,5.4
1939-04-12,5.5,5.6,5.5,5.54
1939-04-13,5.54,5.67,5.54,5.59
1939-04-14,5.52,5.52,5.43,5.51
1939-04-15,5.62,5.76,5.62,5.73
1939-04-17,5.64,5.64,5.56,5.61
1939-04-18,5.59,5.59,5.5,5.52
1939-04-19,5.53,5.62,5.53,5.59
1939-04-20,5.63,5.71,5.63,5.66
1939-04-21,5.66,5.72,5.64,5.68
1939-04-22,5.67,5.68,5.65,5.67
1939-04-24,5.64,5.65,5.58,5.58
1939-04-25,5.59,5.64,5.58,5.59
1939-04-26,5.6,5.67,5.55,5.65
1939-04-27,5.66,5.72,5.65,5.71
1939-04-28,5.72,5.79,5.62,5.66
1939-04-29,5.65,5.67,5.63,5.65
1939-05-01,5.65,5.66,5.61,5.62
1939-05-02,5.65,5.73,5.65,5.69
1939-05-03,5.72,5.86,5.72,5.84
1939-05-04,5.84,5.88,5.79,5.82
1939-05-05,5.82,5.83,5.77,5.8
1939-05-06,5.8,5.83,5.8,5.82
1939-05-08,5.81,5.83,5.76,5.81
1939-05-09,5.84,5.93,5.84,5.91
1939-05-10,5.88,5.92,5.83,5.84
1939-05-11,5.83,5.85,5.8,5.84
1939-05-12,5.82,5.82,5.78,5.8
1939-05-13,5.8,5.83,5.8,5.81
1939-05-15,5.8,5.86,5.8,5.82
1939-05-16,5.77,5.77,5.65,5.66
1939-05-17,5.65,5.65,5.59,5.62
1939-05-18,5.61,5.67,5.6,5.63
1939-05-19,5.64,5.7,5.63,5.68
1939-05-20,5.71,5.74,5.71,5.73
1939-05-22,5.71,5.77,5.68,5.77
1939-05-23,5.77,5.79,5.72,5.74
1939-05-24,5.78,5.91,5.78,5.91
1939-05-25,5.9,5.99,5.9,5.92
1939-05-26,5.91,5.97,5.89,5.93
1939-05-27,5.94,5.99,5.94,5.97
1939-05-29,5.98,6.02,5.96,6.02
1939-05-31,5.97,6.03,5.96,5.99
1939-06-01,5.95,5.95,5.87,5.9
1939-06-02,5.91,5.96,5.91,5.93
1939-06-03,5.93,5.96,5.93,5.95
1939-06-05,5.94,5.96,5.91,5.94
1939-06-06,5.96,6.04,5.96,6.02
1939-06-07,6.01,6.07,6,6.02
1939-06-08,6.02,6.02,5.97,6.01
1939-06-09,6.02,6.12,6.02,6.09
1939-06-10,6.07,6.09,6.06,6.07
1939-06-12,6.06,6.06,5.98,6.02
1939-06-13,6.02,6.02,5.94,5.97
1939-06-14,5.97,5.97,5.9,5.95
1939-06-15,5.92,5.92,5.8,5.8
1939-06-16,5.8,5.85,5.78,5.82
1939-06-17,5.83,5.87,5.83,5.85
1939-06-19,5.86,5.92,5.86,5.89
1939-06-20,5.9,5.96,5.9,5.94
1939-06-21,5.94,5.96,5.91,5.94
1939-06-22,5.93,5.93,5.88,5.9
1939-06-23,5.91,5.96,5.89,5.93
1939-06-24,5.91,5.92,5.9,5.91
1939-06-26,5.87,5.87,5.78,5.79
1939-06-27,5.8,5.83,5.76,5.82
1939-06-28,5.8,5.8,5.7,5.7
1939-06-29,5.63,5.63,5.54,5.56
1939-06-30,5.58,5.62,5.53,5.6
1939-07-01,5.61,5.66,5.6,5.65
1939-07-03,5.66,5.68,5.64,5.67
1939-07-05,5.73,5.78,5.73,5.77
1939-07-06,5.77,5.79,5.74,5.76
1939-07-07,5.75,5.76,5.72,5.73
1939-07-08,5.73,5.73,5.72,5.73
1939-07-10,5.73,5.77,5.73,5.75
1939-07-11,5.79,5.84,5.79,5.82
1939-07-12,5.85,5.96,5.85,5.95
1939-07-13,5.96,6.04,5.96,5.99
1939-07-14,5.96,5.98,5.93,5.95
1939-07-15,5.96,5.98,5.95,5.97
1939-07-17,6.03,6.24,6.03,6.21
1939-07-18,6.22,6.3,6.22,6.26
1939-07-19,6.22,6.22,6.13,6.18
1939-07-20,6.16,6.19,6.09,6.1
1939-07-21,6.15,6.26,6.15,6.22
1939-07-22,6.26,6.31,6.26,6.29
1939-07-24,6.26,6.27,6.21,6.24
1939-07-25,6.25,6.31,6.18,6.2
1939-07-26,6.23,6.29,6.2,6.26
1939-07-27,6.23,6.28,6.2,6.26
1939-07-28,6.26,6.29,6.22,6.24
1939-07-29,6.23,6.24,6.22,6.23
1939-07-31,6.22,6.22,6.17,6.19
1939-08-01,6.18,6.21,6.15,6.19
1939-08-02,6.21,6.28,6.18,6.25
1939-08-03,6.24,6.3,6.21,6.23
1939-08-04,6.22,6.22,6.1,6.12
1939-08-05,6.14,6.17,6.13,6.15
1939-08-07,6.14,6.15,6.07,6.08
1939-08-08,6.08,6.14,6.08,6.1
1939-08-09,6.09,6.09,6.02,6.05
1939-08-10,6,6,5.9,5.93
1939-08-11,5.94,6.01,5.9,5.94
1939-08-12,5.96,6.01,5.96,6
1939-08-14,5.99,6.07,5.99,6.05
1939-08-15,6.09,6.15,6.09,6.11
1939-08-16,6.01,6.01,5.91,5.95
1939-08-17,5.95,5.97,5.9,5.94
1939-08-18,5.94,5.94,5.79,5.82
1939-08-19,5.81,5.81,5.76,5.79
1939-08-21,5.71,5.71,5.63,5.66
1939-08-22,5.68,5.8,5.68,5.77
1939-08-23,5.72,5.72,5.58,5.59
1939-08-24,5.59,5.62,5.46,5.57
1939-08-25,5.59,5.73,5.56,5.69
1939-08-26,5.79,5.86,5.79,5.84
1939-08-28,5.8,5.8,5.64,5.73
1939-08-29,5.82,5.91,5.82,5.89
1939-08-30,5.88,5.91,5.81,5.83
1939-08-31,5.8,5.8,5.7,5.74
1939-09-01,5.76,5.83,5.46,5.8
1939-09-02,5.84,5.99,5.84,5.91
1939-09-05,6.23,6.57,6.23,6.48
1939-09-06,6.43,6.55,6.34,6.43
1939-09-07,6.39,6.51,6.34,6.41
1939-09-08,6.43,6.62,6.42,6.51
1939-09-09,6.5,6.58,6.5,6.53
1939-09-11,6.5,6.73,6.5,6.67
1939-09-12,6.72,6.81,6.57,6.75
1939-09-13,6.76,6.84,6.62,6.68
1939-09-14,6.72,6.78,6.63,6.7
1939-09-15,6.68,6.77,6.64,6.7
1939-09-16,6.68,6.68,6.58,6.62
1939-09-18,6.51,6.51,6.38,6.39
1939-09-19,6.48,6.67,6.48,6.64
1939-09-20,6.62,6.75,6.6,6.63
1939-09-21,6.62,6.72,6.58,6.67
1939-09-22,6.66,6.72,6.59,6.62
1939-09-23,6.64,6.68,6.62,6.66
1939-09-25,6.65,6.69,6.61,6.63
1939-09-26,6.67,6.75,6.64,6.71
1939-09-27,6.73,6.79,6.67,6.71
1939-09-28,6.67,6.67,6.55,6.58
1939-09-29,6.58,6.58,6.49,6.55
1939-09-30,6.59,6.68,6.59,6.67
1939-10-02,6.64,6.64,6.56,6.59
1939-10-03,6.59,6.62,6.5,6.54
1939-10-04,6.54,6.59,6.47,6.55
1939-10-05,6.55,6.61,6.53,6.56
1939-10-06,6.54,6.66,6.51,6.55
1939-10-07,6.54,6.54,6.47,6.49
1939-10-09,6.5,6.54,6.47,6.51
1939-10-10,6.49,6.58,6.49,6.53
1939-10-11,6.54,6.59,6.53,6.57
1939-10-13,6.53,6.58,6.5,6.52
1939-10-14,6.51,6.51,6.48,6.5
1939-10-16,6.5,6.54,6.48,6.52
1939-10-17,6.55,6.71,6.55,6.69
1939-10-18,6.69,6.72,6.63,6.65
1939-10-19,6.64,6.68,6.61,6.64
1939-10-20,6.63,6.66,6.6,6.62
1939-10-21,6.62,6.67,6.62,6.66
1939-10-23,6.65,6.68,6.62,6.64
1939-10-24,6.64,6.69,6.61,6.66
1939-10-25,6.69,6.77,6.68,6.75
1939-10-26,6.75,6.77,6.67,6.68
1939-10-27,6.68,6.69,6.6,6.65
1939-10-28,6.65,6.67,6.62,6.63
1939-10-30,6.62,6.64,6.59,6.62
1939-10-31,6.61,6.61,6.53,6.55
1939-11-01,6.56,6.58,6.51,6.55
1939-11-02,6.56,6.58,6.51,6.56
1939-11-03,6.57,6.64,6.5,6.61
1939-11-04,6.6,6.64,6.58,6.59
1939-11-06,6.59,6.59,6.52,6.55
1939-11-08,6.55,6.55,6.49,6.51
1939-11-09,6.5,6.51,6.41,6.42
1939-11-10,6.44,6.46,6.39,6.45
1939-11-13,6.46,6.48,6.44,6.46
1939-11-14,6.47,6.53,6.47,6.5
1939-11-15,6.46,6.49,6.43,6.45
1939-11-16,6.46,6.54,6.45,6.53
1939-11-17,6.52,6.56,6.49,6.51
1939-11-18,6.52,6.55,6.52,6.54
1939-11-20,6.52,6.57,6.5,6.53
1939-11-21,6.51,6.53,6.46,6.48
1939-11-22,6.48,6.48,6.44,6.47
1939-11-24,6.45,6.46,6.36,6.37
1939-11-25,6.38,6.39,6.36,6.38
1939-11-27,6.39,6.41,6.36,6.39
1939-11-28,6.38,6.42,6.34,6.36
1939-11-29,6.35,6.38,6.28,6.29
1939-11-30,6.26,6.26,6.18,6.22
1939-12-01,6.23,6.28,6.22,6.27
1939-12-02,6.27,6.29,6.26,6.27
1939-12-04,6.28,6.28,6.24,6.26
1939-12-05,6.24,6.29,6.23,6.25
1939-12-06,6.26,6.36,6.26,6.35
1939-12-07,6.36,6.39,6.32,6.35
1939-12-08,6.33,6.33,6.28,6.3
1939-12-09,6.3,6.31,6.28,6.3
1939-12-11,6.27,6.28,6.22,6.23
1939-12-12,6.22,6.24,6.19,6.21
1939-12-13,6.23,6.32,6.23,6.31
1939-12-14,6.3,6.35,6.27,6.3
1939-12-15,6.29,6.34,6.28,6.32
1939-12-16,6.32,6.33,6.29,6.31
1939-12-18,6.31,6.33,6.28,6.3
1939-12-19,6.29,6.31,6.26,6.28
1939-12-20,6.3,6.34,6.28,6.31
1939-12-21,6.3,6.34,6.28,6.3
1939-12-22,6.31,6.35,6.3,6.33
1939-12-23,6.33,6.34,6.32,6.34
1939-12-26,6.33,6.34,6.28,6.3
1939-12-27,6.3,6.31,6.23,6.26
1939-12-28,6.28,6.35,6.26,6.32
1939-12-29,6.32,6.37,6.3,6.34
1939-12-30,6.35,6.38,6.34,6.36
1940-01-02,6.39,6.45,6.39,6.43
1940-01-03,6.47,6.53,6.47,6.51
1940-01-04,6.51,6.53,6.48,6.49
1940-01-05,6.5,6.52,6.45,6.46
1940-01-06,6.48,6.48,6.44,6.46
1940-01-08,6.46,6.51,6.46,6.47
1940-01-09,6.47,6.47,6.4,6.41
1940-01-10,6.41,6.44,6.39,6.43
1940-01-11,6.41,6.43,6.33,6.33
1940-01-12,6.3,6.31,6.2,6.21
1940-01-13,6.22,6.22,6.18,6.19
1940-01-15,6.2,6.24,6.12,6.18
1940-01-16,6.18,6.24,6.17,6.22
1940-01-17,6.22,6.27,6.21,6.23
1940-01-18,6.23,6.26,6.19,6.22
1940-01-19,6.23,6.27,6.22,6.24
1940-01-20,6.23,6.24,6.21,6.22
1940-01-22,6.22,6.22,6.17,6.2
1940-01-23,6.21,6.25,6.2,6.22
1940-01-24,6.25,6.32,6.25,6.31
1940-01-25,6.29,6.3,6.25,6.26
1940-01-26,6.24,6.28,6.23,6.25
1940-01-27,6.27,6.27,6.26,6.26
1940-01-29,6.28,6.3,6.25,6.27
1940-01-30,6.26,6.27,6.22,6.23
1940-01-31,6.23,6.24,6.21,6.22
1940-02-01,6.22,6.23,6.2,6.22
1940-02-02,6.22,6.26,6.21,6.23
1940-02-03,6.23,6.25,6.23,6.24
1940-02-05,6.25,6.25,6.21,6.22
1940-02-06,6.24,6.28,6.23,6.28
1940-02-07,6.29,6.34,6.29,6.32
1940-02-08,6.33,6.41,6.31,6.4
1940-02-09,6.39,6.45,6.39,6.41
1940-02-10,6.4,6.41,6.38,6.39
1940-02-13,6.39,6.43,6.38,6.39
1940-02-14,6.39,6.39,6.34,6.37
1940-02-15,6.36,6.4,6.36,6.37
1940-02-16,6.39,6.4,6.34,6.38
1940-02-17,6.39,6.43,6.39,6.4
1940-02-19,6.4,6.41,6.36,6.39
1940-02-20,6.41,6.43,6.37,6.42
1940-02-21,6.43,6.44,6.4,6.41
1940-02-23,6.4,6.4,6.35,6.37
1940-02-24,6.37,6.37,6.32,6.33
1940-02-26,6.35,6.35,6.31,6.34
1940-02-27,6.34,6.37,6.32,6.33
1940-02-28,6.32,6.36,6.32,6.34
1940-02-29,6.34,6.36,6.32,6.33
1940-03-01,6.31,6.32,6.29,6.3
1940-03-02,6.31,6.32,6.3,6.31
1940-03-04,6.31,6.33,6.3,6.32
1940-03-05,6.33,6.37,6.33,6.35
1940-03-06,6.37,6.42,6.37,6.4
1940-03-07,6.4,6.43,6.39,6.41
1940-03-08,6.4,6.42,6.38,6.39
1940-03-09,6.39,6.41,6.38,6.39
1940-03-11,6.41,6.44,6.39,6.42
1940-03-12,6.43,6.48,6.42,6.44
1940-03-13,6.43,6.46,6.4,6.43
1940-03-14,6.43,6.44,6.4,6.42
1940-03-15,6.41,6.42,6.33,6.34
1940-03-16,6.34,6.34,6.3,6.31
1940-03-18,6.32,6.34,6.29,6.31
1940-03-19,6.33,6.38,6.33,6.36
1940-03-20,6.37,6.41,6.37,6.39
1940-03-21,6.41,6.42,6.38,6.39
1940-03-23,6.39,6.4,6.38,6.39
1940-03-25,6.38,6.4,6.36,6.36
1940-03-26,6.35,6.37,6.32,6.34
1940-03-27,6.37,6.43,6.37,6.42
1940-03-28,6.42,6.45,6.39,6.41
1940-03-29,6.42,6.46,6.4,6.44
1940-03-30,6.46,6.49,6.46,6.48
1940-04-01,6.47,6.49,6.45,6.46
1940-04-02,6.47,6.5,6.47,6.48
1940-04-03,6.51,6.59,6.5,6.59
1940-04-04,6.6,6.67,6.59,6.63
1940-04-05,6.62,6.65,6.59,6.62
1940-04-06,6.63,6.68,6.63,6.67
1940-04-08,6.67,6.72,6.65,6.68
1940-04-09,6.66,6.69,6.57,6.62
1940-04-10,6.59,6.6,6.54,6.56
1940-04-11,6.57,6.63,6.56,6.58
1940-04-12,6.59,6.59,6.53,6.55
1940-04-13,6.54,6.57,6.53,6.56
1940-04-15,6.56,6.6,6.54,6.56
1940-04-16,6.53,6.55,6.43,6.47
1940-04-17,6.47,6.51,6.45,6.48
1940-04-18,6.47,6.48,6.4,6.42
1940-04-19,6.44,6.44,6.38,6.42
1940-04-20,6.41,6.46,6.41,6.45
1940-04-22,6.47,6.51,6.46,6.48
1940-04-23,6.5,6.54,6.49,6.53
1940-04-24,6.53,6.55,6.5,6.51
1940-04-25,6.51,6.54,6.5,6.52
1940-04-26,6.5,6.51,6.45,6.46
1940-04-27,6.46,6.48,6.45,6.47
1940-04-29,6.48,6.51,6.47,6.49
1940-04-30,6.53,6.56,6.52,6.53
1940-05-01,6.49,6.49,6.44,6.45
1940-05-02,6.46,6.51,6.46,6.49
1940-05-03,6.51,6.55,6.45,6.5
1940-05-04,6.5,6.51,6.48,6.49
1940-05-06,6.49,6.52,6.47,6.48
1940-05-07,6.48,6.52,6.46,6.5
1940-05-08,6.5,6.55,6.49,6.51
1940-05-09,6.51,6.54,6.5,6.52
1940-05-10,6.48,6.49,6.32,6.33
1940-05-11,6.35,6.39,6.31,6.36
1940-05-13,6.29,6.29,5.98,5.99
1940-05-14,5.92,5.92,5.53,5.54
1940-05-15,5.57,5.69,5.46,5.6
1940-05-16,5.6,5.7,5.53,5.66
1940-05-17,5.64,5.68,5.32,5.37
1940-05-18,5.33,5.33,5.19,5.27
1940-05-20,5.29,5.41,5.26,5.29
1940-05-21,5.22,5.22,4.79,4.95
1940-05-22,4.94,5.04,4.87,4.97
1940-05-23,4.99,5.12,4.9,4.98
1940-05-24,5,5.06,4.94,4.96
1940-05-25,4.98,5.04,4.94,5.01
1940-05-27,5.03,5.14,5.03,5.09
1940-05-28,5.01,5.01,4.82,4.99
1940-05-29,4.99,5.09,4.97,5.02
1940-05-31,4.99,5.08,4.99,5.04
1940-06-01,5.04,5.05,5.01,5.02
1940-06-03,5,5.03,4.94,4.96
1940-06-04,4.98,5.04,4.98,5.02
1940-06-05,5.03,5.03,4.91,4.95
1940-06-06,4.97,5.03,4.96,5.02
1940-06-07,5.04,5.13,5.04,5.09
1940-06-08,5.1,5.12,5.08,5.09
1940-06-10,5.02,5.02,4.84,4.91
1940-06-11,5.02,5.16,5.02,5.14
1940-06-12,5.22,5.44,5.22,5.4
1940-06-13,5.37,5.4,5.28,5.3
1940-06-14,5.33,5.47,5.29,5.43
1940-06-15,5.42,5.51,5.42,5.47
1940-06-17,5.49,5.5,5.3,5.46
1940-06-18,5.47,5.58,5.45,5.48
1940-06-19,5.46,5.52,5.44,5.5
1940-06-20,5.49,5.49,5.42,5.43
1940-06-21,5.42,5.46,5.4,5.44
1940-06-22,5.47,5.49,5.45,5.48
1940-06-24,5.5,5.56,5.49,5.55
1940-06-25,5.51,5.52,5.38,5.39
1940-06-26,5.4,5.4,5.32,5.36
1940-06-27,5.38,5.44,5.38,5.42
1940-06-28,5.48,5.6,5.48,5.49
1940-06-29,5.51,5.51,5.48,5.5
1940-07-01,5.47,5.47,5.43,5.44
1940-07-02,5.43,5.47,5.42,5.43
1940-07-03,5.45,5.48,5.41,5.45
1940-07-05,5.46,5.51,5.46,5.49
1940-07-06,5.5,5.51,5.49,5.5
1940-07-08,5.49,5.51,5.48,5.49
1940-07-09,5.49,5.53,5.48,5.49
1940-07-10,5.52,5.53,5.48,5.51
1940-07-11,5.51,5.55,5.5,5.52
1940-07-12,5.51,5.53,5.5,5.51
1940-07-13,5.52,5.52,5.51,5.51
1940-07-15,5.52,5.55,5.51,5.53
1940-07-16,5.53,5.62,5.53,5.59
1940-07-17,5.59,5.63,5.56,5.58
1940-07-18,5.58,5.6,5.57,5.59
1940-07-19,5.57,5.57,5.53,5.54
1940-07-20,5.55,5.55,5.53,5.54
1940-07-22,5.53,5.56,5.52,5.54
1940-07-23,5.55,5.56,5.52,5.55
1940-07-24,5.53,5.54,5.5,5.5
1940-07-25,5.51,5.54,5.49,5.53
1940-07-26,5.54,5.59,5.54,5.56
1940-07-27,5.57,5.58,5.57,5.58
1940-07-29,5.59,5.63,5.58,5.62
1940-07-30,5.65,5.78,5.65,5.77
1940-07-31,5.74,5.8,5.72,5.75
1940-08-01,5.73,5.77,5.71,5.73
1940-08-02,5.72,5.76,5.7,5.73
1940-08-03,5.75,5.76,5.74,5.75
1940-08-05,5.75,5.76,5.71,5.75
1940-08-06,5.74,5.74,5.68,5.7
1940-08-07,5.71,5.71,5.68,5.7
1940-08-08,5.7,5.72,5.69,5.7
1940-08-09,5.72,5.78,5.72,5.76
1940-08-10,5.79,5.83,5.78,5.81
1940-08-12,5.82,5.84,5.79,5.83
1940-08-13,5.78,5.78,5.6,5.62
1940-08-14,5.61,5.61,5.56,5.57
1940-08-15,5.61,5.65,5.61,5.62
1940-08-16,5.59,5.59,5.52,5.54
1940-08-17,5.57,5.6,5.57,5.59
1940-08-19,5.58,5.59,5.57,5.58
1940-08-20,5.62,5.67,5.62,5.65
1940-08-21,5.71,5.77,5.71,5.76
1940-08-22,5.78,5.85,5.78,5.82
1940-08-23,5.8,5.8,5.73,5.75
1940-08-24,5.76,5.77,5.76,5.77
1940-08-26,5.77,5.79,5.77,5.78
1940-08-27,5.8,5.81,5.78,5.79
1940-08-28,5.82,5.89,5.82,5.87
1940-08-29,5.84,5.87,5.83,5.84
1940-08-30,5.86,5.96,5.86,5.95
1940-08-31,5.96,6,5.96,5.99
1940-09-03,5.98,6.03,5.96,5.99
1940-09-04,6,6.12,5.96,6.12
1940-09-05,6.12,6.22,6.12,6.21
1940-09-06,6.21,6.21,6.15,6.16
1940-09-07,6.16,6.17,6.13,6.14
1940-09-09,6.05,6.05,5.97,5.98
1940-09-10,6,6.03,5.97,5.99
1940-09-11,5.96,6.04,5.94,5.95
1940-09-12,5.93,5.93,5.85,5.87
1940-09-13,5.89,5.91,5.85,5.88
1940-09-14,5.89,5.92,5.89,5.91
1940-09-16,5.95,6,5.95,5.97
1940-09-17,5.97,6.04,5.97,6.02
1940-09-18,6.03,6.08,6,6.07
1940-09-19,6.05,6.09,6.03,6.05
1940-09-20,6.04,6.07,6.02,6.06
1940-09-21,6.08,6.11,6.08,6.11
1940-09-23,6.14,6.25,6.14,6.24
1940-09-24,6.26,6.27,6.2,6.22
1940-09-25,6.22,6.23,6.18,6.21
1940-09-26,6.2,6.2,6.15,6.18
1940-09-27,6.13,6.13,6.05,6.07
1940-09-28,6.09,6.12,6.09,6.12
1940-09-30,6.11,6.15,6.1,6.12
1940-10-01,6.16,6.25,6.16,6.21
1940-10-02,6.21,6.26,6.19,6.25
1940-10-03,6.25,6.29,6.23,6.25
1940-10-04,6.24,6.24,6.19,6.21
1940-10-05,6.21,6.22,6.2,6.21
1940-10-07,6.2,6.23,6.17,6.18
1940-10-08,6.17,6.17,6.07,6.08
1940-10-09,6.08,6.08,6.03,6.05
1940-10-10,6.05,6.08,6.03,6.05
1940-10-11,6.08,6.14,6.08,6.11
1940-10-14,6.1,6.12,6.07,6.09
1940-10-15,6.12,6.16,6.06,6.15
1940-10-16,6.16,6.22,6.14,6.18
1940-10-17,6.19,6.22,6.15,6.21
1940-10-18,6.21,6.23,6.18,6.21
1940-10-19,6.21,6.22,6.19,6.2
1940-10-21,6.21,6.22,6.17,6.18
1940-10-22,6.18,6.23,6.16,6.21
1940-10-23,6.25,6.29,6.22,6.27
1940-10-24,6.28,6.28,6.22,6.23
1940-10-25,6.25,6.26,6.2,6.24
1940-10-26,6.27,6.32,6.27,6.31
1940-10-28,6.32,6.32,6.25,6.29
1940-10-29,6.29,6.34,6.28,6.31
1940-10-30,6.32,6.38,6.31,6.36
1940-10-31,6.39,6.48,6.39,6.46
1940-11-01,6.47,6.53,6.45,6.46
1940-11-02,6.47,6.5,6.44,6.49
1940-11-04,6.51,6.55,6.45,6.52
1940-11-06,6.45,6.45,6.28,6.3
1940-11-07,6.38,6.67,6.37,6.66
1940-11-08,6.63,6.67,6.53,6.57
1940-11-09,6.6,6.69,6.6,6.67
1940-11-12,6.69,6.71,6.61,6.65
1940-11-13,6.64,6.65,6.56,6.6
1940-11-14,6.6,6.66,6.58,6.62
1940-11-15,6.62,6.64,6.54,6.55
1940-11-16,6.53,6.53,6.46,6.49
1940-11-18,6.49,6.53,6.47,6.49
1940-11-19,6.51,6.52,6.45,6.49
1940-11-20,6.44,6.44,6.32,6.34
1940-11-22,6.37,6.43,6.33,6.35
1940-11-23,6.36,6.36,6.33,6.35
1940-11-25,6.33,6.4,6.33,6.36
1940-11-26,6.35,6.38,6.31,6.34
1940-11-27,6.31,6.31,6.2,6.23
1940-11-28,6.22,6.25,6.18,6.23
1940-11-29,6.25,6.28,6.22,6.24
1940-11-30,6.23,6.28,6.23,6.27
1940-12-02,6.28,6.33,6.26,6.28
1940-12-03,6.26,6.28,6.23,6.26
1940-12-04,6.26,6.28,6.23,6.26
1940-12-05,6.26,6.26,6.2,6.22
1940-12-06,6.23,6.27,6.2,6.24
1940-12-07,6.25,6.29,6.25,6.28
1940-12-09,6.28,6.33,6.26,6.29
1940-12-10,6.3,6.33,6.26,6.3
1940-12-11,6.29,6.35,6.28,6.31
1940-12-12,6.33,6.36,6.3,6.34
1940-12-13,6.34,6.39,6.32,6.36
1940-12-14,6.36,6.37,6.34,6.35
1940-12-16,6.36,6.36,6.28,6.3
1940-12-17,6.31,6.31,6.26,6.28
1940-12-18,6.28,6.29,6.22,6.22
1940-12-19,6.23,6.23,6.17,6.2
1940-12-20,6.21,6.25,6.17,6.21
1940-12-21,6.23,6.25,6.21,6.23
1940-12-23,6.22,6.24,6.17,6.2
1940-12-24,6.19,6.25,6.18,6.22
1940-12-26,6.21,6.25,6.18,6.21
1940-12-27,6.22,6.28,6.21,6.25
1940-12-28,6.26,6.32,6.25,6.29
1940-12-30,6.3,6.38,6.3,6.33
1940-12-31,6.34,6.38,6.31,6.34
1941-01-02,6.31,6.34,6.27,6.28
1941-01-03,6.36,6.44,6.34,6.43
1941-01-04,6.41,6.47,6.41,6.43
1941-01-06,6.43,6.49,6.43,6.45
1941-01-07,6.44,6.48,6.42,6.45
1941-01-08,6.47,6.5,6.44,6.47
1941-01-09,6.49,6.53,6.47,6.5
1941-01-10,6.51,6.56,6.5,6.53
1941-01-11,6.53,6.53,6.51,6.52
1941-01-13,6.52,6.54,6.49,6.5
1941-01-14,6.51,6.51,6.46,6.47
1941-01-15,6.46,6.46,6.41,6.42
1941-01-16,6.42,6.42,6.34,6.34
1941-01-17,6.35,6.37,6.3,6.33
1941-01-18,6.31,6.35,6.31,6.32
1941-01-20,6.34,6.34,6.29,6.31
1941-01-21,6.3,6.31,6.23,6.25
1941-01-22,6.26,6.3,6.25,6.29
1941-01-23,6.3,6.32,6.25,6.28
1941-01-24,6.29,6.32,6.26,6.3
1941-01-25,6.32,6.33,6.32,6.33
1941-01-27,6.33,6.35,6.3,6.33
1941-01-28,6.31,6.33,6.28,6.29
1941-01-29,6.26,6.26,6.16,6.17
1941-01-30,6.15,6.15,6.05,6.06
1941-01-31,6.08,6.12,6.07,6.08
1941-02-01,6.08,6.08,5.99,6.04
1941-02-03,6.05,6.07,6.01,6.02
1941-02-04,6.03,6.06,6.02,6.03
1941-02-05,6.07,6.16,6.07,6.14
1941-02-06,6.14,6.19,6.14,6.16
1941-02-07,6.16,6.16,6.11,6.15
1941-02-08,6.16,6.19,6.16,6.17
1941-02-10,6.17,6.19,6.13,6.15
1941-02-11,6.11,6.11,6.04,6.04
1941-02-13,6.01,6.01,5.94,5.96
1941-02-14,5.92,5.92,5.77,5.78
1941-02-15,5.78,5.83,5.78,5.82
1941-02-17,5.83,5.88,5.83,5.85
1941-02-18,5.85,5.88,5.82,5.84
1941-02-19,5.83,5.83,5.77,5.79
1941-02-20,5.84,5.92,5.84,5.9
1941-02-21,5.91,5.94,5.89,5.92
1941-02-24,5.92,5.99,5.92,5.98
1941-02-25,6,6.05,6,6.03
1941-02-26,6.05,6.07,6.03,6.05
1941-02-27,6.02,6.02,5.97,6
1941-02-28,6.03,6.07,6.01,6.03
1941-03-01,6.03,6.03,6.01,6.02
1941-03-03,5.98,5.98,5.93,5.94
1941-03-04,5.96,5.99,5.95,5.98
1941-03-05,5.98,5.98,5.93,5.94
1941-03-06,5.99,6.07,5.99,6.06
1941-03-07,6.03,6.07,6.02,6.03
1941-03-08,6.04,6.05,6.03,6.04
1941-03-10,6.05,6.16,6.05,6.16
1941-03-11,6.12,6.15,6.1,6.11
1941-03-12,6.12,6.15,6.09,6.11
1941-03-13,6.11,6.12,6.07,6.08
1941-03-14,6.08,6.1,6.07,6.09
1941-03-15,6.1,6.14,6.09,6.13
1941-03-17,6.12,6.15,6.11,6.12
1941-03-18,6.13,6.16,6.11,6.15
1941-03-19,6.13,6.15,6.1,6.12
1941-03-20,6.12,6.13,6.11,6.12
1941-03-21,6.11,6.11,6.06,6.07
1941-03-22,6.08,6.08,6.05,6.05
1941-03-24,6.04,6.08,6.04,6.07
1941-03-25,6.08,6.11,6.06,6.09
1941-03-26,6.08,6.1,6.07,6.08
1941-03-27,6.1,6.15,6.1,6.13
1941-03-28,6.12,6.14,6.08,6.09
1941-03-29,6.09,6.09,6.06,6.08
1941-03-31,6.09,6.12,6.08,6.1
1941-04-01,6.09,6.12,6.09,6.11
1941-04-02,6.13,6.15,6.1,6.14
1941-04-03,6.18,6.24,6.18,6.23
1941-04-04,6.23,6.26,6.2,6.22
1941-04-05,6.22,6.22,6.19,6.2
1941-04-07,6.19,6.19,6.16,6.17
1941-04-08,6.13,6.13,6.03,6.04
1941-04-09,6,6,5.95,5.96
1941-04-10,5.97,5.99,5.94,5.95
1941-04-12,5.94,5.94,5.89,5.9
1941-04-14,5.9,5.93,5.87,5.91
1941-04-15,5.91,5.95,5.88,5.9
1941-04-16,5.9,5.92,5.86,5.9
1941-04-17,5.89,5.9,5.85,5.87
1941-04-18,5.85,5.85,5.77,5.79
1941-04-19,5.78,5.79,5.76,5.78
1941-04-21,5.78,5.78,5.74,5.77
1941-04-22,5.75,5.8,5.72,5.74
1941-04-23,5.77,5.82,5.74,5.81
1941-04-24,5.8,5.86,5.8,5.84
1941-04-25,5.83,5.84,5.79,5.8
1941-04-26,5.8,5.8,5.79,5.79
1941-04-28,5.8,5.82,5.78,5.81
1941-04-29,5.82,5.86,5.81,5.83
1941-04-30,5.81,5.81,5.74,5.75
1941-05-01,5.75,5.75,5.72,5.74
1941-05-02,5.75,5.79,5.75,5.76
1941-05-03,5.78,5.79,5.76,5.78
1941-05-05,5.76,5.79,5.74,5.77
1941-05-06,5.82,5.9,5.82,5.87
1941-05-07,5.87,5.89,5.84,5.86
1941-05-08,5.87,5.87,5.83,5.85
1941-05-09,5.84,5.87,5.84,5.85
1941-05-10,5.89,5.95,5.89,5.94
1941-05-12,5.94,5.96,5.91,5.92
1941-05-13,5.92,5.96,5.91,5.92
1941-05-14,5.89,5.9,5.87,5.88
1941-05-15,5.84,5.87,5.77,5.78
1941-05-16,5.78,5.82,5.77,5.8
1941-05-17,5.81,5.83,5.81,5.82
1941-05-19,5.83,5.84,5.82,5.83
1941-05-20,5.86,5.94,5.86,5.93
1941-05-21,5.92,5.96,5.9,5.93
1941-05-22,5.91,5.92,5.85,5.86
1941-05-23,5.87,5.89,5.84,5.86
1941-05-24,5.88,5.88,5.86,5.87
1941-05-26,5.83,5.83,5.79,5.8
1941-05-27,5.83,5.85,5.8,5.84
1941-05-28,5.83,5.85,5.81,5.84
1941-05-29,5.83,5.87,5.82,5.83
1941-05-31,5.83,5.83,5.8,5.82
1941-06-02,5.81,5.84,5.79,5.83
1941-06-03,5.84,5.92,5.84,5.9
1941-06-04,5.88,5.9,5.85,5.89
1941-06-05,5.9,5.94,5.89,5.92
1941-06-06,5.92,5.93,5.9,5.91
1941-06-07,5.93,5.97,5.93,5.96
1941-06-09,5.96,6.03,5.96,6.02
1941-06-10,6.06,6.16,6.06,6.12
1941-06-11,6.11,6.15,6.09,6.13
1941-06-12,6.12,6.18,6.12,6.16
1941-06-13,6.18,6.18,6.12,6.15
1941-06-14,6.15,6.15,6.13,6.14
1941-06-16,6.13,6.16,6.12,6.13
1941-06-17,6.13,6.19,6.13,6.18
1941-06-18,6.18,6.23,6.18,6.19
1941-06-19,6.18,6.19,6.13,6.18
1941-06-20,6.16,6.16,6.09,6.1
1941-06-21,6.11,6.14,6.11,6.12
1941-06-23,6.2,6.28,6.2,6.23
1941-06-24,6.22,6.22,6.17,6.18
1941-06-25,6.19,6.21,6.17,6.2
1941-06-26,6.2,6.23,6.2,6.23
1941-06-27,6.22,6.22,6.18,6.2
1941-06-28,6.2,6.21,6.18,6.19
1941-06-30,6.19,6.2,6.16,6.18
1941-07-01,6.17,6.18,6.14,6.16
1941-07-02,6.17,6.22,6.17,6.21
1941-07-03,6.2,6.24,6.19,6.22
1941-07-05,6.21,6.23,6.21,6.23
1941-07-07,6.25,6.34,6.25,6.34
1941-07-08,6.39,6.48,6.38,6.46
1941-07-09,6.46,6.52,6.43,6.46
1941-07-10,6.47,6.51,6.44,6.48
1941-07-11,6.46,6.5,6.44,6.46
1941-07-12,6.48,6.48,6.46,6.47
1941-07-14,6.48,6.49,6.45,6.48
1941-07-15,6.49,6.53,6.46,6.5
1941-07-16,6.49,6.51,6.46,6.47
1941-07-17,6.47,6.47,6.42,6.43
1941-07-18,6.42,6.47,6.42,6.46
1941-07-19,6.48,6.5,6.48,6.5
1941-07-21,6.52,6.6,6.5,6.59
1941-07-22,6.58,6.66,6.57,6.59
1941-07-23,6.59,6.6,6.55,6.57
1941-07-24,6.57,6.57,6.52,6.54
1941-07-25,6.55,6.56,6.51,6.53
1941-07-26,6.53,6.57,6.52,6.56
1941-07-28,6.54,6.62,6.54,6.61
1941-07-29,6.64,6.66,6.59,6.6
1941-07-30,6.58,6.58,6.53,6.57
1941-07-31,6.58,6.6,6.55,6.57
1941-08-01,6.56,6.56,6.5,6.54
1941-08-02,6.53,6.54,6.52,6.53
1941-08-04,6.55,6.57,6.52,6.55
1941-08-05,6.56,6.58,6.53,6.56
1941-08-06,6.56,6.58,6.53,6.56
1941-08-07,6.55,6.57,6.53,6.55
1941-08-08,6.51,6.52,6.47,6.48
1941-08-09,6.47,6.47,6.42,6.43
1941-08-11,6.45,6.46,6.41,6.43
1941-08-12,6.44,6.45,6.4,6.43
1941-08-13,6.41,6.42,6.39,6.4
1941-08-14,6.41,6.45,6.41,6.43
1941-08-15,6.42,6.42,6.35,6.36
1941-08-16,6.38,6.39,6.38,6.39
1941-08-18,6.41,6.45,6.41,6.43
1941-08-19,6.44,6.45,6.42,6.44
1941-08-20,6.45,6.49,6.44,6.47
1941-08-21,6.46,6.48,6.45,6.46
1941-08-22,6.46,6.46,6.43,6.45
1941-08-23,6.46,6.47,6.46,6.46
1941-08-25,6.47,6.49,6.45,6.47
1941-08-26,6.5,6.54,6.5,6.52
1941-08-27,6.5,6.54,6.5,6.53
1941-08-28,6.53,6.57,6.53,6.55
1941-08-29,6.57,6.57,6.54,6.55
1941-08-30,6.55,6.57,6.55,6.56
1941-09-02,6.56,6.6,6.56,6.59
1941-09-03,6.57,6.58,6.53,6.55
1941-09-04,6.55,6.55,6.52,6.53
1941-09-05,6.53,6.53,6.5,6.51
1941-09-06,6.51,6.53,6.51,6.52
1941-09-08,6.52,6.55,6.5,6.53
1941-09-09,6.52,6.56,6.5,6.51
1941-09-10,6.51,6.51,6.46,6.46
1941-09-11,6.5,6.55,6.49,6.54
1941-09-12,6.54,6.56,6.53,6.54
1941-09-13,6.55,6.56,6.54,6.55
1941-09-15,6.55,6.56,6.54,6.55
1941-09-16,6.57,6.59,6.56,6.58
1941-09-17,6.6,6.71,6.6,6.7
1941-09-18,6.68,6.71,6.64,6.65
1941-09-19,6.63,6.63,6.58,6.59
1941-09-20,6.58,6.58,6.56,6.57
1941-09-22,6.58,6.61,6.57,6.59
1941-09-23,6.59,6.64,6.59,6.61
1941-09-24,6.6,6.63,6.57,6.57
1941-09-25,6.55,6.55,6.43,6.49
1941-09-26,6.5,6.52,6.46,6.47
1941-09-27,6.49,6.51,6.49,6.5
1941-09-29,6.5,6.52,6.49,6.5
1941-09-30,6.54,6.58,6.54,6.55
1941-10-01,6.53,6.54,6.51,6.53
1941-10-02,6.55,6.56,6.51,6.51
1941-10-03,6.52,6.52,6.49,6.51
1941-10-04,6.51,6.53,6.51,6.51
1941-10-06,6.52,6.53,6.5,6.51
1941-10-07,6.5,6.51,6.42,6.43
1941-10-08,6.43,6.44,6.4,6.42
1941-10-09,6.42,6.42,6.32,6.33
1941-10-10,6.34,6.37,6.31,6.34
1941-10-11,6.33,6.35,6.33,6.34
1941-10-14,6.34,6.35,6.29,6.3
1941-10-15,6.31,6.31,6.25,6.26
1941-10-16,6.25,6.25,6.17,6.18
1941-10-17,6.17,6.22,6.14,6.2
1941-10-18,6.23,6.28,6.23,6.26
1941-10-20,6.27,6.3,6.24,6.27
1941-10-21,6.28,6.34,6.25,6.33
1941-10-22,6.33,6.33,6.29,6.3
1941-10-23,6.32,6.32,6.27,6.31
1941-10-24,6.31,6.37,6.31,6.34
1941-10-25,6.34,6.34,6.31,6.32
1941-10-27,6.28,6.28,6.23,6.25
1941-10-28,6.23,6.27,6.21,6.24
1941-10-29,6.24,6.26,6.2,6.22
1941-10-30,6.24,6.25,6.19,6.23
1941-10-31,6.22,6.22,6.13,6.15
1941-11-01,6.17,6.19,6.16,6.18
1941-11-03,6.17,6.23,6.17,6.21
1941-11-05,6.21,6.28,6.2,6.26
1941-11-06,6.26,6.26,6.19,6.21
1941-11-07,6.22,6.22,6.15,6.19
1941-11-08,6.19,6.21,6.17,6.19
1941-11-10,6.19,6.2,6.14,6.15
1941-11-12,6.1,6.1,5.99,6.01
1941-11-13,5.97,6.01,5.94,5.98
1941-11-14,5.99,6.07,5.99,6.04
1941-11-15,6.05,6.07,6.04,6.05
1941-11-17,6.06,6.07,6,6.03
1941-11-18,6.03,6.06,5.98,6.02
1941-11-19,6.03,6.09,6.01,6.07
1941-11-21,6.08,6.12,6.05,6.1
1941-11-22,6.12,6.13,6.1,6.11
1941-11-24,6.11,6.16,6.1,6.12
1941-11-25,6.1,6.12,6.05,6.09
1941-11-26,6.1,6.1,6.02,6.04
1941-11-27,6.01,6.05,5.97,6
1941-11-28,5.99,6,5.91,5.94
1941-11-29,5.96,5.96,5.92,5.93
1941-12-01,5.95,5.98,5.89,5.92
1941-12-02,5.94,6.05,5.94,6.04
1941-12-03,6.05,6.12,6.03,6.11
1941-12-04,6.13,6.17,6.09,6.12
1941-12-05,6.11,6.11,6.05,6.08
1941-12-06,6.09,6.14,6.08,6.13
1941-12-08,6.02,6.02,5.81,5.86
1941-12-09,5.84,5.85,5.58,5.67
1941-12-10,5.69,5.71,5.56,5.67
1941-12-11,5.67,5.81,5.64,5.77
1941-12-12,5.72,5.77,5.65,5.71
1941-12-13,5.7,5.76,5.68,5.71
1941-12-15,5.69,5.75,5.66,5.71
1941-12-16,5.72,5.78,5.67,5.7
1941-12-17,5.69,5.7,5.58,5.61
1941-12-18,5.62,5.64,5.51,5.56
1941-12-19,5.56,5.62,5.53,5.57
1941-12-20,5.59,5.61,5.55,5.56
1941-12-22,5.57,5.62,5.49,5.51
1941-12-23,5.51,5.54,5.46,5.5
1941-12-24,5.49,5.55,5.45,5.51
1941-12-26,5.51,5.57,5.47,5.53
1941-12-27,5.52,5.59,5.48,5.55
1941-12-29,5.49,5.56,5.44,5.5
1941-12-30,5.55,5.78,5.55,5.74
1941-12-31,5.72,5.76,5.65,5.71
1942-01-02,5.75,5.86,5.71,5.84
1942-01-03,5.86,5.91,5.86,5.9
1942-01-05,5.96,6.01,5.92,5.97
1942-01-06,5.96,6,5.91,5.95
1942-01-07,5.96,5.96,5.89,5.92
1942-01-08,5.9,5.9,5.82,5.84
1942-01-09,5.85,5.87,5.79,5.82
1942-01-10,5.8,5.82,5.76,5.78
1942-01-12,5.8,5.85,5.78,5.81
1942-01-13,5.85,5.94,5.85,5.93
1942-01-14,5.92,5.97,5.9,5.93
1942-01-15,5.94,5.96,5.92,5.94
1942-01-16,5.96,5.96,5.88,5.89
1942-01-17,5.88,5.88,5.85,5.86
1942-01-19,5.88,5.92,5.85,5.89
1942-01-20,5.89,5.92,5.86,5.88
1942-01-21,5.84,5.84,5.77,5.79
1942-01-22,5.8,5.8,5.76,5.79
1942-01-23,5.8,5.82,5.77,5.81
1942-01-24,5.82,5.85,5.82,5.84
1942-01-26,5.83,5.91,5.83,5.9
1942-01-27,5.91,5.93,5.89,5.91
1942-01-28,5.9,5.91,5.84,5.87
1942-01-29,5.87,5.88,5.84,5.86
1942-01-30,5.84,5.86,5.8,5.82
1942-01-31,5.8,5.8,5.78,5.79
1942-02-02,5.79,5.82,5.79,5.81
1942-02-03,5.82,5.86,5.82,5.85
1942-02-04,5.86,5.91,5.85,5.89
1942-02-05,5.9,5.92,5.87,5.88
1942-02-06,5.86,5.87,5.8,5.82
1942-02-07,5.82,5.82,5.8,5.82
1942-02-09,5.78,5.78,5.73,5.74
1942-02-10,5.72,5.72,5.63,5.67
1942-02-11,5.67,5.69,5.63,5.65
1942-02-13,5.65,5.68,5.63,5.67
1942-02-14,5.68,5.71,5.68,5.71
1942-02-16,5.68,5.72,5.65,5.68
1942-02-17,5.67,5.67,5.57,5.58
1942-02-18,5.57,5.59,5.53,5.57
1942-02-19,5.57,5.61,5.55,5.59
1942-02-20,5.59,5.59,5.55,5.57
1942-02-21,5.57,5.6,5.55,5.59
1942-02-24,5.57,5.64,5.57,5.6
1942-02-25,5.58,5.6,5.55,5.56
1942-02-26,5.59,5.61,5.57,5.6
1942-02-27,5.63,5.66,5.63,5.64
1942-02-28,5.63,5.66,5.63,5.64
1942-03-02,5.61,5.61,5.54,5.57
1942-03-03,5.59,5.67,5.57,5.65
1942-03-04,5.64,5.64,5.58,5.59
1942-03-05,5.56,5.56,5.49,5.51
1942-03-06,5.47,5.47,5.36,5.36
1942-03-07,5.39,5.43,5.37,5.41
1942-03-09,5.4,5.43,5.36,5.39
1942-03-10,5.38,5.39,5.34,5.35
1942-03-11,5.34,5.34,5.24,5.24
1942-03-12,5.24,5.3,5.2,5.24
1942-03-13,5.25,5.32,5.24,5.28
1942-03-14,5.28,5.28,5.26,5.27
1942-03-16,5.28,5.34,5.27,5.34
1942-03-17,5.36,5.46,5.36,5.45
1942-03-18,5.44,5.45,5.38,5.39
1942-03-19,5.4,5.42,5.37,5.39
1942-03-20,5.36,5.36,5.31,5.33
1942-03-21,5.34,5.35,5.32,5.34
1942-03-23,5.34,5.38,5.34,5.36
1942-03-24,5.36,5.42,5.34,5.4
1942-03-25,5.39,5.4,5.36,5.36
1942-03-26,5.36,5.36,5.32,5.34
1942-03-27,5.34,5.34,5.28,5.29
1942-03-28,5.29,5.3,5.28,5.29
1942-03-30,5.3,5.32,5.28,5.3
1942-03-31,5.29,5.3,5.25,5.26
1942-04-01,5.26,5.3,5.25,5.29
1942-04-02,5.29,5.35,5.29,5.33
1942-04-04,5.32,5.34,5.32,5.33
1942-04-06,5.32,5.4,5.32,5.39
1942-04-07,5.39,5.41,5.35,5.36
1942-04-08,5.38,5.38,5.32,5.33
1942-04-09,5.3,5.3,5.24,5.25
1942-04-10,5.24,5.27,5.22,5.24
1942-04-11,5.24,5.24,5.22,5.23
1942-04-13,5.24,5.25,5.22,5.23
1942-04-14,5.21,5.21,5.14,5.14
1942-04-15,5.12,5.17,5.1,5.13
1942-04-16,5.15,5.17,5.12,5.14
1942-04-17,5.14,5.14,5.05,5.06
1942-04-18,5.07,5.12,5.07,5.1
1942-04-20,5.1,5.13,5.08,5.12
1942-04-21,5.12,5.16,5.12,5.13
1942-04-22,5.13,5.14,5.1,5.12
1942-04-23,5.08,5.08,4.97,4.99
1942-04-24,5,5,4.93,4.96
1942-04-25,4.96,4.99,4.95,4.97
1942-04-27,4.97,5.01,4.94,4.95
1942-04-28,4.95,4.95,4.89,4.91
1942-04-29,4.91,5.03,4.89,5
1942-04-30,4.99,5.05,4.99,5.03
1942-05-01,5.05,5.09,5.03,5.07
1942-05-02,5.08,5.11,5.08,5.09
1942-05-04,5.09,5.13,5.08,5.11
1942-05-05,5.09,5.14,5.08,5.12
1942-05-06,5.15,5.16,5.09,5.12
1942-05-07,5.14,5.2,5.14,5.18
1942-05-08,5.18,5.22,5.17,5.18
1942-05-09,5.2,5.25,5.2,5.22
1942-05-11,5.23,5.27,5.22,5.26
1942-05-12,5.25,5.26,5.2,5.22
1942-05-13,5.18,5.18,5.12,5.13
1942-05-14,5.12,5.13,5.08,5.12
1942-05-15,5.14,5.19,5.14,5.18
1942-05-16,5.2,5.23,5.2,5.22
1942-05-18,5.21,5.24,5.19,5.22
1942-05-19,5.24,5.24,5.18,5.2
1942-05-20,5.18,5.2,5.14,5.18
1942-05-21,5.18,5.29,5.18,5.27
1942-05-22,5.29,5.3,5.24,5.26
1942-05-23,5.25,5.26,5.24,5.26
1942-05-25,5.25,5.26,5.22,5.24
1942-05-26,5.24,5.29,5.24,5.25
1942-05-27,5.27,5.37,5.26,5.36
1942-05-28,5.38,5.4,5.35,5.37
1942-05-29,5.36,5.37,5.33,5.35
1942-06-01,5.36,5.4,5.36,5.38
1942-06-02,5.38,5.39,5.35,5.37
1942-06-03,5.37,5.42,5.35,5.41
1942-06-04,5.42,5.5,5.42,5.49
1942-06-05,5.46,5.54,5.46,5.5
1942-06-06,5.51,5.53,5.5,5.52
1942-06-08,5.52,5.58,5.52,5.56
1942-06-09,5.54,5.58,5.5,5.51
1942-06-10,5.52,5.52,5.45,5.48
1942-06-11,5.49,5.51,5.46,5.5
1942-06-12,5.49,5.49,5.44,5.46
1942-06-13,5.48,5.5,5.47,5.49
1942-06-15,5.49,5.51,5.49,5.5
1942-06-16,5.5,5.53,5.5,5.51
1942-06-17,5.52,5.61,5.52,5.6
1942-06-18,5.61,5.62,5.56,5.58
1942-06-19,5.56,5.56,5.5,5.52
1942-06-20,5.51,5.51,5.49,5.5
1942-06-22,5.46,5.46,5.38,5.42
1942-06-23,5.41,5.44,5.41,5.42
1942-06-24,5.41,5.42,5.38,5.39
1942-06-25,5.4,5.42,5.36,5.4
1942-06-26,5.42,5.44,5.39,5.41
1942-06-27,5.41,5.43,5.4,5.42
1942-06-29,5.41,5.46,5.41,5.44
1942-06-30,5.45,5.46,5.43,5.45
1942-07-01,5.44,5.44,5.39,5.41
1942-07-02,5.44,5.5,5.42,5.49
1942-07-03,5.5,5.56,5.5,5.54
1942-07-06,5.54,5.62,5.54,5.6
1942-07-07,5.6,5.62,5.56,5.59
1942-07-08,5.62,5.73,5.6,5.73
1942-07-09,5.74,5.81,5.72,5.79
1942-07-10,5.79,5.79,5.73,5.78
1942-07-11,5.76,5.77,5.75,5.76
1942-07-13,5.76,5.76,5.71,5.73
1942-07-14,5.77,5.81,5.72,5.79
1942-07-15,5.79,5.83,5.78,5.8
1942-07-16,5.79,5.81,5.75,5.79
1942-07-17,5.79,5.79,5.72,5.73
1942-07-18,5.71,5.72,5.7,5.71
1942-07-20,5.73,5.76,5.72,5.75
1942-07-21,5.74,5.77,5.73,5.76
1942-07-22,5.76,5.79,5.73,5.74
1942-07-23,5.73,5.73,5.65,5.66
1942-07-24,5.68,5.68,5.63,5.67
1942-07-25,5.66,5.68,5.66,5.67
1942-07-27,5.66,5.68,5.65,5.67
1942-07-28,5.67,5.67,5.65,5.66
1942-07-29,5.62,5.62,5.56,5.57
1942-07-30,5.6,5.61,5.56,5.58
1942-07-31,5.61,5.66,5.61,5.62
1942-08-01,5.61,5.63,5.61,5.62
1942-08-03,5.62,5.64,5.61,5.63
1942-08-04,5.64,5.65,5.6,5.62
1942-08-05,5.58,5.58,5.54,5.56
1942-08-06,5.56,5.57,5.54,5.56
1942-08-07,5.56,5.59,5.54,5.58
1942-08-08,5.58,5.58,5.56,5.57
1942-08-10,5.57,5.58,5.56,5.57
1942-08-11,5.57,5.6,5.57,5.59
1942-08-12,5.58,5.6,5.56,5.59
1942-08-13,5.59,5.62,5.58,5.61
1942-08-14,5.62,5.66,5.62,5.63
1942-08-15,5.64,5.66,5.64,5.65
1942-08-17,5.67,5.69,5.65,5.68
1942-08-18,5.7,5.74,5.7,5.73
1942-08-19,5.74,5.76,5.69,5.73
1942-08-20,5.73,5.73,5.69,5.71
1942-08-21,5.71,5.73,5.69,5.72
1942-08-22,5.71,5.73,5.71,5.72
1942-08-24,5.73,5.75,5.71,5.73
1942-08-25,5.71,5.71,5.67,5.68
1942-08-26,5.65,5.65,5.59,5.61
1942-08-27,5.62,5.65,5.62,5.64
1942-08-28,5.64,5.67,5.64,5.65
1942-08-29,5.65,5.67,5.65,5.66
1942-08-31,5.67,5.69,5.65,5.66
1942-09-01,5.66,5.67,5.63,5.66
1942-09-02,5.65,5.68,5.65,5.67
1942-09-03,5.67,5.67,5.65,5.66
1942-09-04,5.65,5.67,5.64,5.65
1942-09-05,5.65,5.67,5.65,5.66
1942-09-08,5.66,5.71,5.66,5.7
1942-09-09,5.69,5.7,5.66,5.67
1942-09-10,5.67,5.67,5.63,5.63
1942-09-11,5.63,5.63,5.59,5.61
1942-09-12,5.61,5.62,5.61,5.61
1942-09-14,5.61,5.62,5.6,5.61
1942-09-15,5.63,5.65,5.63,5.64
1942-09-16,5.63,5.66,5.62,5.65
1942-09-17,5.64,5.65,5.63,5.64
1942-09-18,5.65,5.69,5.65,5.69
1942-09-19,5.69,5.69,5.68,5.68
1942-09-21,5.67,5.69,5.67,5.68
1942-09-22,5.69,5.71,5.68,5.7
1942-09-23,5.71,5.75,5.71,5.75
1942-09-24,5.78,5.83,5.77,5.82
1942-09-25,5.83,5.86,5.82,5.84
1942-09-26,5.84,5.84,5.82,5.83
1942-09-28,5.82,5.86,5.82,5.84
1942-09-29,5.83,5.84,5.8,5.81
1942-09-30,5.82,5.82,5.79,5.81
1942-10-01,5.83,5.87,5.83,5.86
1942-10-02,5.88,5.96,5.88,5.94
1942-10-03,5.93,5.97,5.93,5.96
1942-10-05,5.96,6.01,5.95,5.99
1942-10-06,6.01,6.03,5.98,5.99
1942-10-07,6,6.03,5.99,6.02
1942-10-08,6.02,6.12,6.02,6.11
1942-10-09,6.12,6.18,6.11,6.13
1942-10-10,6.13,6.18,6.13,6.18
1942-10-13,6.2,6.25,6.19,6.2
1942-10-14,6.2,6.22,6.15,6.19
1942-10-15,6.18,6.18,6.1,6.11
1942-10-16,6.12,6.15,6.09,6.14
1942-10-17,6.14,6.14,6.12,6.13
1942-10-19,6.12,6.15,6.11,6.14
1942-10-20,6.17,6.23,6.17,6.22
1942-10-21,6.22,6.26,6.18,6.21
1942-10-22,6.22,6.22,6.17,6.21
1942-10-23,6.19,6.22,6.17,6.19
1942-10-24,6.19,6.21,6.18,6.2
1942-10-26,6.21,6.24,6.19,6.22
1942-10-27,6.23,6.23,6.14,6.17
1942-10-28,6.16,6.16,6.09,6.11
1942-10-29,6.11,6.12,6.08,6.11
1942-10-30,6.12,6.15,6.11,6.14
1942-10-31,6.16,6.19,6.16,6.18
1942-11-02,6.19,6.24,6.18,6.22
1942-11-04,6.2,6.25,6.18,6.2
1942-11-05,6.2,6.23,6.17,6.21
1942-11-06,6.22,6.3,6.22,6.29
1942-11-07,6.3,6.35,6.3,6.33
1942-11-09,6.34,6.41,6.32,6.36
1942-11-10,6.36,6.36,6.3,6.31
1942-11-12,6.31,6.36,6.28,6.32
1942-11-13,6.29,6.31,6.26,6.28
1942-11-14,6.28,6.29,6.26,6.28
1942-11-16,6.25,6.26,6.21,6.22
1942-11-17,6.21,6.24,6.14,6.14
1942-11-18,6.16,6.2,6.14,6.17
1942-11-19,6.16,6.18,6.14,6.16
1942-11-20,6.18,6.24,6.18,6.22
1942-11-21,6.22,6.24,6.22,6.23
1942-11-23,6.2,6.2,6.12,6.15
1942-11-24,6.16,6.16,6.11,6.14
1942-11-25,6.11,6.14,6.08,6.11
1942-11-27,6.08,6.14,6.08,6.13
1942-11-28,6.12,6.14,6.11,6.13
1942-11-30,6.12,6.12,6.07,6.1
1942-12-01,6.08,6.12,6.07,6.09
1942-12-02,6.08,6.13,6.07,6.11
1942-12-03,6.13,6.17,6.11,6.13
1942-12-04,6.14,6.15,6.1,6.13
1942-12-05,6.12,6.15,6.12,6.14
1942-12-07,6.12,6.14,6.09,6.11
1942-12-08,6.1,6.16,6.1,6.14
1942-12-09,6.14,6.17,6.12,6.14
1942-12-10,6.14,6.17,6.12,6.15
1942-12-11,6.16,6.2,6.12,6.15
1942-12-12,6.16,6.18,6.15,6.17
1942-12-14,6.18,6.2,6.15,6.18
1942-12-15,6.17,6.21,6.16,6.2
1942-12-16,6.2,6.26,6.2,6.25
1942-12-17,6.28,6.38,6.25,6.36
1942-12-18,6.34,6.4,6.32,6.35
1942-12-19,6.38,6.38,6.35,6.37
1942-12-21,6.36,6.39,6.32,6.35
1942-12-22,6.36,6.39,6.33,6.35
1942-12-23,6.33,6.39,6.32,6.37
1942-12-24,6.38,6.41,6.35,6.39
1942-12-26,6.39,6.42,6.38,6.41
1942-12-28,6.4,6.41,6.32,6.33
1942-12-29,6.34,6.37,6.28,6.33
1942-12-30,6.34,6.42,6.33,6.41
1942-12-31,6.42,6.46,6.4,6.41
1943-01-02,6.44,6.47,6.44,6.46
1943-01-04,6.49,6.54,6.48,6.51
1943-01-05,6.53,6.54,6.48,6.5
1943-01-06,6.49,6.52,6.47,6.49
1943-01-07,6.51,6.53,6.47,6.5
1943-01-08,6.51,6.53,6.49,6.51
1943-01-09,6.5,6.52,6.5,6.52
1943-01-11,6.5,6.55,6.5,6.53
1943-01-12,6.51,6.54,6.48,6.51
1943-01-13,6.51,6.54,6.5,6.52
1943-01-14,6.53,6.57,6.52,6.56
1943-01-15,6.57,6.62,6.57,6.61
1943-01-16,6.62,6.63,6.61,6.62
1943-01-18,6.63,6.64,6.61,6.63
1943-01-19,6.62,6.62,6.55,6.56
1943-01-20,6.56,6.58,6.52,6.57
1943-01-21,6.6,6.68,6.6,6.67
1943-01-22,6.65,6.71,6.63,6.66
1943-01-23,6.67,6.69,6.66,6.68
1943-01-25,6.67,6.76,6.66,6.74
1943-01-26,6.74,6.79,6.74,6.77
1943-01-27,6.78,6.79,6.7,6.77
1943-01-28,6.76,6.79,6.72,6.77
1943-01-29,6.78,6.84,6.76,6.83
1943-01-30,6.84,6.86,6.83,6.85
1943-02-01,6.86,6.9,6.83,6.88
1943-02-02,6.88,6.91,6.86,6.88
1943-02-03,6.84,6.85,6.78,6.83
1943-02-04,6.85,6.85,6.8,6.82
1943-02-05,6.83,6.88,6.81,6.87
1943-02-06,6.87,6.89,6.85,6.87
1943-02-08,6.88,6.89,6.84,6.86
1943-02-09,6.88,6.93,6.86,6.91
1943-02-10,6.92,6.99,6.91,6.96
1943-02-11,6.96,6.99,6.94,6.97
1943-02-13,6.96,7.02,6.96,7
1943-02-15,7.03,7.09,7.03,7.06
1943-02-16,7.07,7.08,7.01,7.05
1943-02-17,7.05,7.08,7.03,7.06
1943-02-18,7.03,7.03,6.94,6.96
1943-02-19,6.97,6.98,6.89,6.95
1943-02-20,6.97,7.04,6.96,7.03
1943-02-23,7.02,7.09,6.99,7.08
1943-02-24,7.07,7.13,7.05,7.11
1943-02-25,7.14,7.18,7.12,7.16
1943-02-26,7.18,7.19,7.13,7.16
1943-02-27,7.16,7.19,7.15,7.17
1943-03-01,7.16,7.19,7.1,7.12
1943-03-02,7.1,7.1,7.03,7.07
1943-03-03,7.08,7.17,7.08,7.16
1943-03-04,7.15,7.22,7.15,7.17
1943-03-05,7.19,7.22,7.16,7.2
1943-03-06,7.21,7.24,7.2,7.21
1943-03-08,7.18,7.21,7.15,7.17
1943-03-09,7.17,7.17,7.08,7.13
1943-03-10,7.13,7.13,7.06,7.1
1943-03-11,7.1,7.18,7.09,7.17
1943-03-12,7.18,7.24,7.17,7.2
1943-03-13,7.2,7.22,7.2,7.2
1943-03-15,7.2,7.21,7.16,7.19
1943-03-16,7.19,7.2,7.15,7.17
1943-03-17,7.16,7.16,7.08,7.12
1943-03-18,7.09,7.12,7.07,7.1
1943-03-19,7.1,7.12,7.07,7.08
1943-03-20,7.09,7.09,7.05,7.07
1943-03-22,7.09,7.12,7.07,7.11
1943-03-23,7.1,7.15,7.1,7.12
1943-03-24,7.11,7.16,7.09,7.14
1943-03-25,7.17,7.3,7.17,7.29
1943-03-26,7.3,7.38,7.3,7.35
1943-03-27,7.33,7.38,7.33,7.37
1943-03-29,7.4,7.49,7.4,7.47
1943-03-30,7.5,7.55,7.46,7.54
1943-03-31,7.54,7.55,7.49,7.53
1943-04-01,7.53,7.55,7.49,7.53
1943-04-02,7.55,7.55,7.48,7.51
1943-04-03,7.53,7.54,7.5,7.52
1943-04-05,7.48,7.57,7.48,7.53
1943-04-06,7.61,7.67,7.59,7.64
1943-04-07,7.64,7.64,7.55,7.6
1943-04-08,7.56,7.6,7.51,7.53
1943-04-09,7.39,7.39,7.22,7.23
1943-04-10,7.25,7.29,7.21,7.26
1943-04-12,7.26,7.33,7.22,7.24
1943-04-13,7.24,7.25,7.15,7.23
1943-04-14,7.26,7.34,7.26,7.32
1943-04-15,7.34,7.41,7.34,7.37
1943-04-16,7.37,7.38,7.31,7.35
1943-04-17,7.36,7.4,7.36,7.39
1943-04-19,7.39,7.42,7.36,7.38
1943-04-20,7.37,7.38,7.33,7.36
1943-04-21,7.38,7.45,7.38,7.42
1943-04-22,7.43,7.48,7.42,7.44
1943-04-24,7.44,7.46,7.42,7.44
1943-04-26,7.44,7.47,7.42,7.44
1943-04-27,7.43,7.46,7.41,7.44
1943-04-28,7.46,7.47,7.41,7.44
1943-04-29,7.45,7.53,7.45,7.51
1943-04-30,7.49,7.55,7.48,7.51
1943-05-01,7.51,7.57,7.5,7.55
1943-05-03,7.59,7.68,7.58,7.66
1943-05-04,7.64,7.71,7.63,7.68
1943-05-05,7.72,7.75,7.68,7.72
1943-05-06,7.72,7.76,7.7,7.75
1943-05-07,7.74,7.74,7.63,7.65
1943-05-08,7.66,7.74,7.66,7.72
1943-05-10,7.73,7.79,7.72,7.75
1943-05-11,7.73,7.74,7.67,7.72
1943-05-12,7.7,7.73,7.67,7.69
1943-05-13,7.73,7.75,7.69,7.71
1943-05-14,7.63,7.63,7.53,7.57
1943-05-15,7.56,7.6,7.55,7.59
1943-05-17,7.6,7.6,7.54,7.58
1943-05-18,7.58,7.66,7.57,7.64
1943-05-19,7.66,7.73,7.65,7.71
1943-05-20,7.71,7.76,7.68,7.69
1943-05-21,7.69,7.71,7.65,7.69
1943-05-22,7.69,7.7,7.67,7.68
1943-05-24,7.67,7.69,7.65,7.67
1943-05-25,7.67,7.7,7.63,7.69
1943-05-26,7.68,7.77,7.68,7.75
1943-05-27,7.75,7.8,7.73,7.76
1943-05-28,7.76,7.8,7.73,7.78
1943-05-29,7.78,7.83,7.78,7.82
1943-06-01,7.85,7.89,7.83,7.87
1943-06-02,7.87,7.92,7.84,7.87
1943-06-03,7.88,7.92,7.83,7.9
1943-06-04,7.89,7.9,7.84,7.86
1943-06-05,7.89,7.93,7.89,7.92
1943-06-07,7.91,7.91,7.82,7.84
1943-06-08,7.81,7.82,7.75,7.79
1943-06-09,7.81,7.83,7.76,7.82
1943-06-10,7.82,7.87,7.8,7.83
1943-06-11,7.81,7.82,7.77,7.79
1943-06-12,7.81,7.82,7.78,7.8
1943-06-14,7.76,7.76,7.65,7.66
1943-06-15,7.67,7.7,7.63,7.69
1943-06-16,7.68,7.75,7.68,7.7
1943-06-17,7.71,7.74,7.7,7.71
1943-06-18,7.72,7.73,7.69,7.71
1943-06-19,7.71,7.73,7.69,7.71
1943-06-21,7.71,7.71,7.64,7.67
1943-06-22,7.67,7.7,7.63,7.68
1943-06-23,7.62,7.68,7.62,7.66
1943-06-24,7.64,7.71,7.63,7.7
1943-06-25,7.79,7.88,7.79,7.86
1943-06-26,7.87,7.91,7.87,7.89
1943-06-28,7.92,7.97,7.9,7.93
1943-06-29,7.92,7.94,7.88,7.91
1943-06-30,7.9,7.96,7.9,7.95
1943-07-01,7.94,7.97,7.92,7.95
1943-07-02,7.94,7.97,7.92,7.95
1943-07-03,7.96,7.98,7.94,7.96
1943-07-06,7.95,7.99,7.94,7.96
1943-07-07,7.96,7.96,7.91,7.94
1943-07-08,7.94,7.97,7.93,7.95
1943-07-09,7.95,7.99,7.93,7.98
1943-07-10,7.99,8.01,7.97,7.99
1943-07-12,8.01,8.04,7.99,8.03
1943-07-13,8.04,8.09,8.03,8.08
1943-07-14,8.1,8.15,8.09,8.12
1943-07-15,8.13,8.16,8.07,8.08
1943-07-16,8.06,8.11,8.04,8.06
1943-07-17,8.08,8.09,8.06,8.07
1943-07-19,8.06,8.09,8.04,8.06
1943-07-20,8.05,8.06,7.99,8.01
1943-07-21,8.03,8.05,8,8.03
1943-07-22,8.03,8.05,8.01,8.03
1943-07-23,8.03,8.05,8.01,8.03
1943-07-24,8.01,8.03,8,8.02
1943-07-26,7.99,7.99,7.88,7.9
1943-07-27,7.83,7.83,7.64,7.65
1943-07-28,7.69,7.71,7.57,7.62
1943-07-29,7.69,7.78,7.69,7.75
1943-07-30,7.72,7.74,7.58,7.6
1943-07-31,7.54,7.54,7.47,7.49
1943-08-02,7.47,7.49,7.35,7.36
1943-08-03,7.43,7.54,7.43,7.52
1943-08-04,7.52,7.59,7.52,7.56
1943-08-05,7.54,7.55,7.51,7.53
1943-08-06,7.52,7.52,7.44,7.46
1943-08-07,7.46,7.46,7.42,7.44
1943-08-09,7.45,7.49,7.42,7.43
1943-08-10,7.45,7.52,7.45,7.5
1943-08-11,7.53,7.58,7.53,7.56
1943-08-12,7.53,7.55,7.5,7.51
1943-08-13,7.53,7.59,7.53,7.58
1943-08-14,7.6,7.6,7.57,7.58
1943-08-16,7.57,7.59,7.54,7.56
1943-08-17,7.59,7.63,7.58,7.61
1943-08-18,7.58,7.65,7.58,7.63
1943-08-19,7.64,7.65,7.61,7.62
1943-08-20,7.64,7.64,7.55,7.56
1943-08-21,7.52,7.52,7.49,7.5
1943-08-23,7.46,7.46,7.38,7.42
1943-08-24,7.45,7.5,7.45,7.48
1943-08-25,7.47,7.51,7.47,7.49
1943-08-26,7.5,7.52,7.49,7.52
1943-08-27,7.49,7.49,7.45,7.46
1943-08-28,7.47,7.48,7.46,7.47
1943-08-30,7.47,7.48,7.44,7.46
1943-08-31,7.51,7.56,7.51,7.54
1943-09-01,7.55,7.59,7.55,7.57
1943-09-02,7.57,7.59,7.55,7.57
1943-09-03,7.55,7.57,7.52,7.55
1943-09-04,7.56,7.58,7.56,7.57
1943-09-07,7.55,7.58,7.55,7.57
1943-09-08,7.56,7.57,7.5,7.53
1943-09-09,7.56,7.63,7.56,7.61
1943-09-10,7.61,7.64,7.59,7.62
1943-09-11,7.61,7.62,7.61,7.61
1943-09-13,7.62,7.62,7.59,7.61
1943-09-14,7.61,7.62,7.57,7.59
1943-09-15,7.6,7.63,7.58,7.6
1943-09-16,7.6,7.65,7.6,7.65
1943-09-17,7.66,7.73,7.66,7.72
1943-09-18,7.74,7.8,7.74,7.79
1943-09-20,7.78,7.84,7.78,7.8
1943-09-21,7.83,7.83,7.78,7.81
1943-09-22,7.81,7.82,7.76,7.79
1943-09-23,7.76,7.77,7.69,7.72
1943-09-24,7.72,7.74,7.7,7.72
1943-09-25,7.71,7.71,7.7,7.71
1943-09-27,7.69,7.69,7.63,7.65
1943-09-28,7.64,7.67,7.62,7.64
1943-09-29,7.63,7.67,7.62,7.66
1943-09-30,7.68,7.72,7.67,7.7
1943-10-01,7.69,7.72,7.68,7.7
1943-10-02,7.7,7.71,7.68,7.7
1943-10-04,7.69,7.69,7.64,7.66
1943-10-05,7.64,7.65,7.61,7.62
1943-10-06,7.61,7.61,7.53,7.54
1943-10-07,7.49,7.49,7.41,7.43
1943-10-08,7.44,7.49,7.44,7.46
1943-10-09,7.49,7.51,7.49,7.51
1943-10-11,7.47,7.48,7.43,7.45
1943-10-13,7.45,7.47,7.42,7.45
1943-10-14,7.45,7.5,7.44,7.48
1943-10-15,7.5,7.55,7.5,7.53
1943-10-16,7.53,7.56,7.53,7.55
1943-10-18,7.54,7.56,7.52,7.54
1943-10-19,7.56,7.59,7.54,7.58
1943-10-20,7.59,7.62,7.58,7.6
1943-10-21,7.57,7.57,7.51,7.53
1943-10-22,7.54,7.57,7.54,7.56
1943-10-23,7.56,7.57,7.55,7.56
1943-10-25,7.56,7.58,7.53,7.55
1943-10-26,7.55,7.6,7.55,7.58
1943-10-27,7.58,7.64,7.58,7.62
1943-10-28,7.62,7.64,7.59,7.6
1943-10-29,7.61,7.61,7.55,7.57
1943-10-30,7.57,7.58,7.56,7.57
1943-11-01,7.56,7.59,7.54,7.57
1943-11-03,7.54,7.57,7.47,7.48
1943-11-04,7.47,7.51,7.41,7.42
1943-11-05,7.4,7.42,7.34,7.36
1943-11-06,7.38,7.38,7.36,7.37
1943-11-08,7.33,7.33,7.12,7.15
1943-11-09,7.16,7.2,7.12,7.17
1943-11-10,7.21,7.28,7.21,7.24
1943-11-12,7.19,7.21,7.13,7.16
1943-11-13,7.16,7.16,7.13,7.14
1943-11-15,7.15,7.16,7.11,7.14
1943-11-16,7.12,7.14,7.08,7.1
1943-11-17,7.12,7.12,7.04,7.06
1943-11-18,7.04,7.1,7.04,7.08
1943-11-19,7.09,7.18,7.09,7.17
1943-11-20,7.18,7.21,7.18,7.2
1943-11-22,7.2,7.21,7.17,7.19
1943-11-23,7.17,7.18,7.15,7.16
1943-11-24,7.14,7.17,7.1,7.12
1943-11-26,7.11,7.12,7.05,7.07
1943-11-27,7.05,7.07,7.03,7.05
1943-11-29,7.03,7.03,6.96,6.96
1943-11-30,7,7.02,6.94,6.98
1943-12-01,7,7.08,7,7.05
1943-12-02,7.05,7.12,7.05,7.11
1943-12-03,7.1,7.13,7.08,7.11
1943-12-04,7.12,7.13,7.1,7.12
1943-12-06,7.11,7.17,7.1,7.14
1943-12-07,7.15,7.21,7.14,7.2
1943-12-08,7.23,7.3,7.23,7.28
1943-12-09,7.25,7.28,7.21,7.23
1943-12-10,7.22,7.29,7.21,7.27
1943-12-11,7.27,7.3,7.26,7.29
1943-12-13,7.29,7.32,7.24,7.26
1943-12-14,7.27,7.27,7.22,7.24
1943-12-15,7.24,7.25,7.21,7.24
1943-12-16,7.21,7.29,7.21,7.27
1943-12-17,7.3,7.33,7.28,7.31
1943-12-18,7.31,7.35,7.31,7.34
1943-12-20,7.34,7.38,7.33,7.36
1943-12-21,7.35,7.37,7.32,7.34
1943-12-22,7.31,7.35,7.3,7.33
1943-12-23,7.33,7.35,7.3,7.32
1943-12-24,7.33,7.35,7.32,7.33
1943-12-27,7.33,7.35,7.3,7.32
1943-12-28,7.31,7.31,7.24,7.25
1943-12-29,7.27,7.3,7.22,7.25
1943-12-30,7.32,7.39,7.32,7.38
1943-12-31,7.39,7.41,7.35,7.37
1944-01-03,7.36,7.39,7.34,7.36
1944-01-04,7.39,7.46,7.39,7.46
1944-01-05,7.49,7.56,7.49,7.54
1944-01-06,7.53,7.54,7.5,7.51
1944-01-07,7.52,7.53,7.48,7.5
1944-01-08,7.52,7.53,7.5,7.52
1944-01-10,7.51,7.51,7.47,7.49
1944-01-11,7.51,7.56,7.51,7.54
1944-01-12,7.52,7.54,7.48,7.49
1944-01-13,7.5,7.5,7.46,7.47
1944-01-14,7.46,7.51,7.45,7.51
1944-01-15,7.53,7.56,7.53,7.55
1944-01-17,7.55,7.56,7.52,7.54
1944-01-18,7.53,7.54,7.5,7.52
1944-01-19,7.53,7.55,7.5,7.53
1944-01-20,7.51,7.55,7.51,7.53
1944-01-21,7.55,7.56,7.52,7.54
1944-01-22,7.55,7.57,7.54,7.56
1944-01-24,7.55,7.57,7.52,7.54
1944-01-25,7.54,7.55,7.52,7.54
1944-01-26,7.52,7.52,7.46,7.46
1944-01-27,7.46,7.48,7.44,7.45
1944-01-28,7.47,7.51,7.47,7.5
1944-01-29,7.5,7.51,7.48,7.5
1944-01-31,7.51,7.55,7.49,7.53
1944-02-01,7.5,7.53,7.5,7.51
1944-02-02,7.52,7.52,7.48,7.5
1944-02-03,7.49,7.49,7.42,7.43
1944-02-04,7.42,7.42,7.36,7.37
1944-02-05,7.39,7.41,7.38,7.39
1944-02-07,7.4,7.4,7.34,7.35
1944-02-08,7.38,7.43,7.38,7.42
1944-02-09,7.43,7.44,7.41,7.42
1944-02-10,7.45,7.48,7.43,7.48
1944-02-11,7.49,7.51,7.46,7.47
1944-02-14,7.47,7.49,7.46,7.47
1944-02-15,7.48,7.54,7.48,7.53
1944-02-16,7.52,7.55,7.49,7.51
1944-02-17,7.53,7.58,7.51,7.56
1944-02-18,7.53,7.54,7.49,7.51
1944-02-19,7.52,7.52,7.5,7.51
1944-02-21,7.51,7.52,7.49,7.5
1944-02-23,7.52,7.57,7.51,7.56
1944-02-24,7.57,7.6,7.56,7.58
1944-02-25,7.58,7.59,7.55,7.58
1944-02-26,7.58,7.59,7.58,7.58
1944-02-28,7.58,7.6,7.57,7.59
1944-02-29,7.57,7.58,7.53,7.55
1944-03-01,7.57,7.6,7.55,7.58
1944-03-02,7.57,7.6,7.57,7.59
1944-03-03,7.61,7.62,7.59,7.6
1944-03-04,7.59,7.61,7.59,7.61
1944-03-06,7.61,7.64,7.61,7.63
1944-03-07,7.63,7.7,7.63,7.68
1944-03-08,7.68,7.76,7.68,7.75
1944-03-09,7.74,7.75,7.71,7.73
1944-03-10,7.7,7.76,7.69,7.74
1944-03-11,7.75,7.78,7.75,7.77
1944-03-13,7.8,7.86,7.8,7.83
1944-03-14,7.84,7.84,7.8,7.83
1944-03-15,7.85,7.88,7.83,7.87
1944-03-16,7.86,7.9,7.85,7.87
1944-03-17,7.89,7.91,7.86,7.89
1944-03-18,7.88,7.88,7.84,7.85
1944-03-20,7.84,7.84,7.8,7.82
1944-03-21,7.84,7.87,7.82,7.86
1944-03-22,7.86,7.89,7.83,7.84
1944-03-23,7.82,7.83,7.75,7.76
1944-03-24,7.76,7.8,7.76,7.78
1944-03-25,7.78,7.79,7.77,7.77
1944-03-27,7.77,7.8,7.76,7.77
1944-03-28,7.76,7.78,7.67,7.69
1944-03-29,7.7,7.71,7.65,7.67
1944-03-30,7.68,7.75,7.68,7.73
1944-03-31,7.71,7.75,7.71,7.72
1944-04-01,7.74,7.75,7.73,7.74
1944-04-03,7.73,7.73,7.67,7.69
1944-04-04,7.69,7.72,7.68,7.7
1944-04-05,7.7,7.72,7.69,7.71
1944-04-06,7.71,7.76,7.71,7.75
1944-04-08,7.75,7.78,7.75,7.77
1944-04-10,7.76,7.78,7.74,7.76
1944-04-11,7.78,7.79,7.75,7.76
1944-04-12,7.75,7.77,7.71,7.71
1944-04-13,7.71,7.71,7.68,7.7
1944-04-14,7.7,7.72,7.69,7.7
1944-04-15,7.7,7.72,7.7,7.72
1944-04-17,7.72,7.72,7.68,7.7
1944-04-18,7.66,7.66,7.56,7.56
1944-04-19,7.57,7.58,7.52,7.54
1944-04-20,7.57,7.62,7.57,7.6
1944-04-21,7.61,7.63,7.6,7.61
1944-04-22,7.61,7.62,7.6,7.61
1944-04-24,7.6,7.6,7.53,7.53
1944-04-25,7.54,7.57,7.53,7.55
1944-04-26,7.57,7.61,7.57,7.59
1944-04-27,7.61,7.65,7.61,7.63
1944-04-28,7.66,7.69,7.65,7.67
1944-04-29,7.67,7.68,7.67,7.67
1944-05-01,7.68,7.73,7.68,7.73
1944-05-02,7.72,7.75,7.71,7.73
1944-05-03,7.75,7.8,7.74,7.78
1944-05-04,7.76,7.78,7.75,7.77
1944-05-05,7.76,7.83,7.76,7.82
1944-05-06,7.83,7.84,7.81,7.83
1944-05-08,7.84,7.85,7.81,7.83
1944-05-09,7.82,7.84,7.8,7.82
1944-05-10,7.82,7.84,7.8,7.82
1944-05-11,7.83,7.84,7.81,7.83
1944-05-12,7.79,7.83,7.76,7.78
1944-05-13,7.76,7.77,7.75,7.76
1944-05-15,7.77,7.79,7.76,7.77
1944-05-16,7.79,7.81,7.77,7.78
1944-05-17,7.8,7.84,7.8,7.83
1944-05-18,7.84,7.87,7.82,7.85
1944-05-19,7.86,7.88,7.84,7.87
1944-05-20,7.87,7.88,7.86,7.87
1944-05-22,7.88,7.89,7.86,7.88
1944-05-23,7.88,7.92,7.86,7.9
1944-05-24,7.91,7.96,7.91,7.94
1944-05-25,7.93,7.95,7.9,7.93
1944-05-26,7.91,7.95,7.9,7.94
1944-05-27,7.95,7.97,7.94,7.96
1944-05-29,7.96,7.99,7.95,7.98
1944-05-31,7.99,8.04,7.98,8.03
1944-06-01,8.01,8.05,8,8.01
1944-06-02,8,8.02,7.98,8
1944-06-03,8,8.02,7.99,8.01
1944-06-05,8,8.01,7.95,7.96
1944-06-06,7.98,8.06,7.94,8.02
1944-06-07,8.02,8.05,7.99,8.01
1944-06-08,7.99,8.02,7.96,7.98
1944-06-09,7.98,8.01,7.97,8
1944-06-10,8.02,8.05,8.02,8.04
1944-06-12,8.12,8.19,8.12,8.18
1944-06-13,8.18,8.27,8.18,8.24
1944-06-14,8.26,8.29,8.22,8.26
1944-06-15,8.25,8.33,8.24,8.3
1944-06-16,8.3,8.4,8.3,8.37
1944-06-17,8.37,8.41,8.37,8.39
1944-06-19,8.4,8.49,8.4,8.45
1944-06-20,8.46,8.5,8.42,8.47
1944-06-21,8.49,8.52,8.42,8.45
1944-06-22,8.45,8.47,8.41,8.44
1944-06-23,8.44,8.45,8.41,8.43
1944-06-24,8.44,8.44,8.41,8.44
1944-06-26,8.45,8.51,8.45,8.49
1944-06-27,8.49,8.54,8.47,8.51
1944-06-28,8.5,8.5,8.44,8.47
1944-06-29,8.45,8.48,8.42,8.47
1944-06-30,8.47,8.51,8.47,8.49
1944-07-01,8.5,8.52,8.48,8.5
1944-07-03,8.54,8.6,8.53,8.58
1944-07-05,8.61,8.67,8.61,8.63
1944-07-06,8.63,8.66,8.57,8.6
1944-07-07,8.6,8.63,8.58,8.62
1944-07-08,8.64,8.68,8.64,8.67
1944-07-10,8.67,8.72,8.67,8.7
1944-07-11,8.71,8.72,8.65,8.69
1944-07-12,8.69,8.73,8.66,8.7
1944-07-13,8.69,8.71,8.65,8.67
1944-07-14,8.67,8.71,8.65,8.68
1944-07-15,8.68,8.7,8.68,8.69
1944-07-17,8.67,8.67,8.57,8.6
1944-07-18,8.57,8.57,8.5,8.52
1944-07-19,8.53,8.61,8.53,8.58
1944-07-20,8.55,8.59,8.5,8.51
1944-07-21,8.46,8.46,8.38,8.4
1944-07-22,8.39,8.39,8.31,8.32
1944-07-24,8.34,8.38,8.32,8.35
1944-07-25,8.37,8.43,8.37,8.42
1944-07-26,8.41,8.46,8.39,8.4
1944-07-27,8.39,8.42,8.37,8.4
1944-07-28,8.39,8.39,8.34,8.36
1944-07-29,8.36,8.37,8.35,8.36
1944-07-31,8.37,8.39,8.36,8.37
1944-08-01,8.4,8.44,8.39,8.42
1944-08-02,8.42,8.46,8.42,8.44
1944-08-03,8.41,8.43,8.37,8.39
1944-08-04,8.37,8.38,8.3,8.31
1944-08-05,8.35,8.35,8.31,8.33
1944-08-07,8.34,8.38,8.33,8.35
1944-08-08,8.34,8.36,8.3,8.32
1944-08-09,8.37,8.39,8.34,8.36
1944-08-10,8.39,8.44,8.39,8.43
1944-08-11,8.44,8.49,8.44,8.47
1944-08-12,8.46,8.48,8.46,8.48
1944-08-14,8.47,8.5,8.46,8.48
1944-08-15,8.5,8.5,8.45,8.48
1944-08-16,8.48,8.53,8.47,8.52
1944-08-17,8.52,8.58,8.52,8.58
1944-08-18,8.59,8.64,8.59,8.62
1944-08-21,8.61,8.63,8.57,8.58
1944-08-22,8.56,8.56,8.51,8.52
1944-08-23,8.53,8.56,8.52,8.54
1944-08-24,8.53,8.53,8.47,8.49
1944-08-25,8.48,8.49,8.44,8.47
1944-08-28,8.48,8.49,8.45,8.47
1944-08-29,8.49,8.52,8.48,8.5
1944-08-30,8.51,8.54,8.5,8.52
1944-08-31,8.51,8.51,8.48,8.49
1944-09-01,8.51,8.54,8.49,8.52
1944-09-05,8.5,8.52,8.46,8.47
1944-09-06,8.38,8.38,8.26,8.27
1944-09-07,8.27,8.27,8.18,8.24
1944-09-08,8.24,8.28,8.21,8.23
1944-09-09,8.25,8.25,8.21,8.23
1944-09-11,8.24,8.3,8.24,8.28
1944-09-12,8.3,8.34,8.3,8.32
1944-09-13,8.3,8.31,8.24,8.24
1944-09-14,8.22,8.22,8.18,8.2
1944-09-15,8.23,8.28,8.23,8.27
1944-09-16,8.3,8.32,8.3,8.31
1944-09-18,8.31,8.33,8.29,8.33
1944-09-19,8.36,8.42,8.36,8.4
1944-09-20,8.4,8.44,8.39,8.42
1944-09-21,8.42,8.43,8.38,8.39
1944-09-22,8.4,8.43,8.39,8.41
1944-09-23,8.43,8.45,8.42,8.44
1944-09-25,8.45,8.51,8.45,8.49
1944-09-26,8.49,8.51,8.46,8.47
1944-09-27,8.49,8.5,8.46,8.48
1944-09-28,8.46,8.47,8.43,8.45
1944-09-29,8.47,8.5,8.45,8.49
1944-09-30,8.49,8.53,8.49,8.52
1944-10-02,8.52,8.55,8.5,8.53
1944-10-03,8.53,8.55,8.51,8.53
1944-10-04,8.52,8.6,8.52,8.58
1944-10-05,8.6,8.66,8.59,8.64
1944-10-06,8.64,8.67,8.63,8.65
1944-10-07,8.67,8.68,8.65,8.68
1944-10-09,8.65,8.65,8.6,8.6
1944-10-10,8.62,8.65,8.6,8.63
1944-10-11,8.66,8.7,8.65,8.69
1944-10-13,8.7,8.72,8.68,8.7
1944-10-14,8.7,8.71,8.69,8.69
1944-10-16,8.68,8.69,8.65,8.65
1944-10-17,8.67,8.7,8.66,8.69
1944-10-18,8.71,8.76,8.71,8.74
1944-10-19,8.74,8.75,8.69,8.72
1944-10-20,8.74,8.74,8.7,8.71
1944-10-21,8.71,8.72,8.71,8.72
1944-10-23,8.67,8.68,8.55,8.57
1944-10-24,8.59,8.61,8.55,8.59
1944-10-25,8.6,8.62,8.56,8.59
1944-10-26,8.56,8.58,8.51,8.53
1944-10-27,8.52,8.55,8.48,8.54
1944-10-28,8.56,8.58,8.56,8.57
1944-10-30,8.57,8.57,8.53,8.55
1944-10-31,8.55,8.6,8.55,8.57
1944-11-01,8.59,8.62,8.58,8.6
1944-11-02,8.61,8.67,8.61,8.65
1944-11-03,8.67,8.68,8.63,8.65
1944-11-04,8.66,8.68,8.65,8.67
1944-11-06,8.67,8.72,8.65,8.7
1944-11-08,8.71,8.71,8.65,8.69
1944-11-09,8.69,8.72,8.66,8.71
1944-11-10,8.7,8.74,8.69,8.72
1944-11-13,8.71,8.72,8.63,8.65
1944-11-14,8.62,8.62,8.53,8.54
1944-11-15,8.52,8.54,8.5,8.52
1944-11-16,8.53,8.56,8.51,8.53
1944-11-17,8.52,8.54,8.49,8.52
1944-11-18,8.53,8.56,8.52,8.54
1944-11-20,8.54,8.58,8.53,8.56
1944-11-21,8.58,8.64,8.58,8.62
1944-11-22,8.64,8.67,8.62,8.63
1944-11-24,8.61,8.62,8.57,8.59
1944-11-25,8.58,8.61,8.57,8.6
1944-11-27,8.6,8.64,8.58,8.62
1944-11-28,8.6,8.63,8.59,8.61
1944-11-29,8.62,8.68,8.61,8.66
1944-11-30,8.68,8.7,8.64,8.65
1944-12-01,8.63,8.65,8.61,8.63
1944-12-02,8.64,8.67,8.63,8.65
1944-12-04,8.67,8.72,8.65,8.71
1944-12-05,8.73,8.78,8.72,8.75
1944-12-06,8.74,8.77,8.7,8.75
1944-12-07,8.75,8.79,8.74,8.77
1944-12-08,8.77,8.86,8.76,8.84
1944-12-09,8.86,8.9,8.86,8.88
1944-12-11,8.88,8.93,8.85,8.9
1944-12-12,8.9,8.92,8.86,8.88
1944-12-13,8.89,8.9,8.84,8.86
1944-12-14,8.87,8.9,8.85,8.89
1944-12-15,8.89,9,8.89,8.98
1944-12-16,8.98,9.02,8.97,8.99
1944-12-18,8.97,8.97,8.91,8.93
1944-12-19,8.95,8.98,8.91,8.96
1944-12-20,8.95,8.95,8.88,8.9
1944-12-21,8.9,8.9,8.86,8.88
1944-12-22,8.88,8.92,8.87,8.89
1944-12-23,8.9,8.93,8.9,8.91
1944-12-26,8.87,8.87,8.81,8.83
1944-12-27,8.84,8.84,8.75,8.79
1944-12-28,8.78,8.9,8.77,8.88
1944-12-29,8.93,9.04,8.93,9.01
1944-12-30,9,9.04,9,9.01
1945-01-02,9.02,9.06,8.98,9.04
1945-01-03,9.07,9.16,9.07,9.14
1945-01-04,9.15,9.19,9.12,9.16
1945-01-05,9.16,9.2,9.12,9.14
1945-01-06,9.14,9.14,9.1,9.12
1945-01-08,9.15,9.23,9.15,9.22
1945-01-09,9.22,9.27,9.2,9.23
1945-01-10,9.26,9.32,9.22,9.3
1945-01-11,9.28,9.34,9.26,9.29
1945-01-12,9.29,9.31,9.24,9.27
1945-01-13,9.26,9.29,9.25,9.28
1945-01-15,9.26,9.26,9.18,9.21
1945-01-16,9.22,9.23,9.17,9.2
1945-01-17,9.22,9.31,9.22,9.27
1945-01-18,9.27,9.28,9.19,9.23
1945-01-19,9.19,9.19,9.12,9.14
1945-01-20,9.12,9.12,9.07,9.08
1945-01-22,9.07,9.07,8.99,9.05
1945-01-23,9.02,9.08,8.97,8.99
1945-01-24,9.02,9.06,8.96,9.02
1945-01-25,9.02,9.09,9.02,9.07
1945-01-26,9.11,9.18,9.11,9.16
1945-01-27,9.17,9.22,9.17,9.2
1945-01-29,9.22,9.23,9.17,9.22
1945-01-30,9.2,9.23,9.15,9.16
1945-01-31,9.16,9.19,9.11,9.17
1945-02-01,9.19,9.22,9.16,9.2
1945-02-02,9.22,9.28,9.19,9.27
1945-02-03,9.28,9.31,9.27,9.3
1945-02-05,9.3,9.36,9.29,9.34
1945-02-06,9.35,9.38,9.34,9.36
1945-02-07,9.37,9.41,9.35,9.38
1945-02-08,9.39,9.42,9.36,9.38
1945-02-09,9.37,9.37,9.3,9.33
1945-02-10,9.34,9.36,9.32,9.34
1945-02-13,9.4,9.49,9.4,9.48
1945-02-14,9.49,9.57,9.49,9.53
1945-02-15,9.53,9.61,9.53,9.6
1945-02-16,9.59,9.62,9.55,9.59
1945-02-17,9.6,9.62,9.59,9.6
1945-02-19,9.62,9.69,9.6,9.66
1945-02-20,9.67,9.72,9.65,9.7
1945-02-21,9.68,9.71,9.59,9.69
1945-02-23,9.71,9.72,9.64,9.67
1945-02-24,9.66,9.67,9.63,9.64
1945-02-26,9.64,9.65,9.57,9.62
1945-02-27,9.65,9.71,9.63,9.7
1945-02-28,9.72,9.8,9.72,9.77
1945-03-01,9.77,9.81,9.75,9.79
1945-03-02,9.77,9.77,9.7,9.73
1945-03-03,9.74,9.74,9.71,9.73
1945-03-05,9.71,9.79,9.71,9.78
1945-03-06,9.78,9.87,9.77,9.83
1945-03-07,9.83,9.88,9.81,9.83
1945-03-08,9.8,9.8,9.62,9.66
1945-03-09,9.58,9.58,9.43,9.45
1945-03-10,9.47,9.54,9.46,9.52
1945-03-12,9.54,9.6,9.54,9.57
1945-03-13,9.6,9.61,9.53,9.57
1945-03-14,9.58,9.62,9.56,9.59
1945-03-15,9.59,9.66,9.59,9.63
1945-03-16,9.62,9.67,9.62,9.65
1945-03-17,9.65,9.65,9.63,9.65
1945-03-19,9.65,9.66,9.57,9.6
1945-03-20,9.54,9.54,9.45,9.47
1945-03-21,9.43,9.43,9.3,9.38
1945-03-22,9.39,9.41,9.35,9.37
1945-03-23,9.39,9.44,9.37,9.42
1945-03-24,9.39,9.39,9.32,9.34
1945-03-26,9.25,9.25,9.14,9.18
1945-03-27,9.21,9.28,9.17,9.23
1945-03-28,9.26,9.33,9.26,9.31
1945-03-29,9.31,9.36,9.3,9.33
1945-03-31,9.34,9.37,9.33,9.36
1945-04-02,9.36,9.46,9.36,9.45
1945-04-03,9.44,9.51,9.44,9.46
1945-04-04,9.46,9.48,9.43,9.45
1945-04-05,9.44,9.46,9.37,9.38
1945-04-06,9.4,9.46,9.38,9.45
1945-04-07,9.49,9.52,9.49,9.5
1945-04-09,9.5,9.52,9.47,9.48
1945-04-10,9.49,9.54,9.46,9.52
1945-04-11,9.57,9.66,9.57,9.66
1945-04-12,9.62,9.69,9.62,9.65
1945-04-13,9.67,9.77,9.62,9.76
1945-04-16,9.85,9.98,9.85,9.96
1945-04-17,9.96,10.04,9.94,9.97
1945-04-18,9.99,10.1,9.98,10.07
1945-04-19,10.01,10.06,9.95,9.97
1945-04-20,9.99,10.02,9.94,9.96
1945-04-21,9.98,10.01,9.97,10.01
1945-04-23,10.03,10.09,10.02,10.06
1945-04-24,10.07,10.13,10.05,10.11
1945-04-25,10.12,10.13,10.05,10.09
1945-04-26,10.11,10.11,10,10.07
1945-04-27,10.07,10.14,10.07,10.12
1945-04-28,10.13,10.19,10.13,10.18
1945-04-30,10.17,10.24,10.13,10.21
1945-05-01,10.2,10.25,10.15,10.18
1945-05-02,10.18,10.2,10.14,10.17
1945-05-03,10.19,10.25,10.18,10.24
1945-05-04,10.25,10.3,10.22,10.28
1945-05-05,10.27,10.31,10.27,10.3
1945-05-07,10.3,10.34,10.24,10.29
1945-05-08,10.32,10.36,10.26,10.31
1945-05-09,10.28,10.3,10.2,10.21
1945-05-10,10.17,10.17,10.05,10.08
1945-05-11,10.07,10.11,10.04,10.08
1945-05-12,10.11,10.16,10.11,10.16
1945-05-14,10.12,10.14,10.07,10.09
1945-05-15,10.1,10.15,10.07,10.12
1945-05-16,10.11,10.17,10.09,10.13
1945-05-17,10.15,10.23,10.13,10.19
1945-05-18,10.2,10.28,10.2,10.26
1945-05-19,10.26,10.3,10.26,10.28
1945-05-21,10.26,10.28,10.2,10.23
1945-05-22,10.23,10.27,10.2,10.22
1945-05-23,10.22,10.22,10.11,10.15
1945-05-24,10.16,10.18,10.11,10.15
1945-05-25,10.17,10.24,10.17,10.21
1945-05-26,10.21,10.29,10.21,10.27
1945-05-28,10.28,10.42,10.28,10.38
1945-05-29,10.38,10.47,10.38,10.44
1945-05-31,10.42,10.44,10.35,10.37
1945-06-01,10.4,10.42,10.35,10.39
1945-06-02,10.42,10.44,10.39,10.41
1945-06-04,10.4,10.43,10.36,10.4
1945-06-05,10.39,10.43,10.36,10.39
1945-06-06,10.39,10.4,10.3,10.35
1945-06-07,10.36,10.38,10.32,10.35
1945-06-08,10.36,10.38,10.31,10.33
1945-06-09,10.33,10.34,10.32,10.34
1945-06-11,10.34,10.36,10.29,10.3
1945-06-12,10.32,10.35,10.3,10.33
1945-06-13,10.35,10.4,10.34,10.38
1945-06-14,10.4,10.45,10.38,10.42
1945-06-15,10.42,10.49,10.41,10.46
1945-06-16,10.48,10.5,10.46,10.48
1945-06-18,10.49,10.5,10.44,10.45
1945-06-19,10.45,10.5,10.43,10.47
1945-06-20,10.48,10.54,10.46,10.52
1945-06-21,10.55,10.62,10.54,10.57
1945-06-22,10.6,10.64,10.56,10.59
1945-06-23,10.59,10.63,10.59,10.61
1945-06-25,10.61,10.66,10.61,10.64
1945-06-26,10.64,10.7,10.62,10.66
1945-06-27,10.65,10.68,10.62,10.64
1945-06-28,10.6,10.6,10.4,10.43
1945-06-29,10.41,10.41,10.27,10.31
1945-06-30,10.34,10.4,10.34,10.38
1945-07-02,10.39,10.48,10.39,10.43
1945-07-03,10.44,10.47,10.41,10.43
1945-07-05,10.38,10.38,10.29,10.31
1945-07-06,10.32,10.38,10.27,10.35
1945-07-09,10.32,10.46,10.32,10.44
1945-07-10,10.45,10.53,10.45,10.48
1945-07-11,10.49,10.51,10.42,10.45
1945-07-12,10.46,10.5,10.39,10.48
1945-07-13,10.47,10.5,10.43,10.46
1945-07-16,10.44,10.46,10.36,10.38
1945-07-17,10.33,10.33,10.15,10.15
1945-07-18,10.16,10.2,10.05,10.12
1945-07-19,10.14,10.22,10.14,10.19
1945-07-20,10.21,10.23,10.16,10.19
1945-07-23,10.14,10.16,10.08,10.09
1945-07-24,10.11,10.13,10.07,10.11
1945-07-25,10.13,10.22,10.13,10.21
1945-07-26,10.13,10.13,9.99,10
1945-07-27,10.05,10.08,10,10.05
1945-07-30,10.08,10.19,10.08,10.16
1945-07-31,10.16,10.23,10.16,10.2
1945-08-01,10.23,10.25,10.19,10.22
1945-08-02,10.19,10.21,10.14,10.18
1945-08-03,10.19,10.23,10.17,10.22
1945-08-06,10.24,10.29,10.22,10.25
1945-08-07,10.2,10.2,10.09,10.11
1945-08-08,10.12,10.19,10.1,10.14
1945-08-09,10.13,10.32,10.09,10.3
1945-08-10,10.27,10.39,10.24,10.3
1945-08-13,10.24,10.24,10.1,10.18
1945-08-14,10.21,10.27,10.2,10.25
1945-08-17,10.22,10.3,10.16,10.19
1945-08-20,10.12,10.14,10.01,10.04
1945-08-21,10.06,10.11,10.01,10.08
1945-08-22,10.09,10.18,10.09,10.15
1945-08-23,10.2,10.38,10.2,10.36
1945-08-24,10.36,10.51,10.35,10.5
1945-08-27,10.54,10.68,10.54,10.65
1945-08-28,10.67,10.73,10.64,10.69
1945-08-29,10.69,10.71,10.63,10.68
1945-08-30,10.7,10.73,10.66,10.72
1945-08-31,10.48,10.59,10.48,10.58
1945-09-04,10.86,10.89,10.8,10.83
1945-09-05,10.82,10.87,10.78,10.85
1945-09-06,10.88,11,10.88,10.99
1945-09-07,10.95,11.05,10.94,10.99
1945-09-08,10.98,11.03,10.98,11.01
1945-09-10,11.03,11.08,11,11.03
1945-09-11,11.05,11.11,11.01,11.1
1945-09-12,11.07,11.17,11.07,11.15
1945-09-13,11.18,11.19,11.12,11.15
1945-09-14,11.15,11.15,11.06,11.09
1945-09-15,10.95,10.95,10.87,10.88
1945-09-17,10.87,10.87,10.76,10.85
1945-09-18,10.92,11.08,10.92,11.07
1945-09-19,11.1,11.21,11.1,11.17
1945-09-20,11.18,11.25,11.13,11.22
1945-09-21,11.19,11.23,11.11,11.16
1945-09-22,11.16,11.16,11.12,11.14
1945-09-24,11.14,11.16,11.09,11.14
1945-09-25,11.16,11.22,11.13,11.15
1945-09-26,11.18,11.18,11.09,11.15
1945-09-27,11.14,11.16,11.06,11.11
1945-09-28,11.16,11.26,11.16,11.24
1945-09-29,11.27,11.34,11.27,11.32
1945-10-01,11.35,11.47,11.35,11.44
1945-10-02,11.42,11.52,11.4,11.45
1945-10-03,11.46,11.48,11.36,11.43
1945-10-04,11.44,11.47,11.38,11.43
1945-10-05,11.44,11.52,11.41,11.48
1945-10-06,11.51,11.55,11.51,11.54
1945-10-08,11.53,11.6,11.52,11.57
1945-10-09,11.61,11.64,11.53,11.6
1945-10-10,11.61,11.68,11.58,11.65
1945-10-11,11.66,11.66,11.58,11.63
1945-10-15,11.66,11.69,11.62,11.64
1945-10-16,11.64,11.67,11.57,11.64
1945-10-17,11.66,11.73,11.62,11.7
1945-10-18,11.7,11.79,11.67,11.74
1945-10-19,11.74,11.79,11.64,11.65
1945-10-20,11.67,11.7,11.64,11.69
1945-10-22,11.65,11.75,11.63,11.74
1945-10-23,11.71,11.73,11.56,11.65
1945-10-24,11.59,11.59,11.43,11.47
1945-10-25,11.48,11.57,11.46,11.53
1945-10-26,11.53,11.63,11.51,11.59
1945-10-29,11.58,11.61,11.48,11.5
1945-10-30,11.52,11.54,11.43,11.52
1945-10-31,11.56,11.72,11.52,11.71
1945-11-01,11.75,11.89,11.75,11.87
1945-11-02,11.87,11.91,11.79,11.86
1945-11-03,11.86,11.88,11.83,11.86
1945-11-05,11.86,11.93,11.83,11.92
1945-11-07,11.94,12.11,11.94,12.06
1945-11-08,12.04,12.09,11.97,12.02
1945-11-09,12.05,12.1,11.99,12.04
1945-11-10,12.05,12.06,12.01,12.04
1945-11-13,12.05,12.12,11.97,12
1945-11-14,11.99,11.99,11.87,11.94
1945-11-15,11.95,12.06,11.94,12.03
1945-11-16,12.06,12.18,12.05,12.12
1945-11-17,12.11,12.15,12.1,12.13
1945-11-19,12.16,12.18,12.03,12.11
1945-11-20,12.14,12.21,12.08,12.17
1945-11-21,12.12,12.12,11.97,12
1945-11-23,11.97,11.97,11.85,11.88
1945-11-24,11.83,11.83,11.76,11.8
1945-11-26,11.83,11.97,11.83,11.95
1945-11-27,11.99,12.12,11.99,12.1
1945-11-28,12.06,12.13,12.01,12.04
1945-11-29,12.04,12.05,11.97,12.02
1945-11-30,12.03,12.15,12.03,12.13
1945-12-01,12.15,12.22,12.15,12.2
1945-12-03,12.23,12.35,12.21,12.31
1945-12-04,12.33,12.36,12.24,12.3
1945-12-05,12.29,12.33,12.21,12.29
1945-12-06,12.32,12.41,12.29,12.36
1945-12-07,12.37,12.43,12.33,12.39
1945-12-08,12.42,12.49,12.42,12.47
1945-12-10,12.46,12.56,12.44,12.49
1945-12-11,12.45,12.51,12.37,12.47
1945-12-12,12.37,12.37,12.23,12.28
1945-12-13,12.25,12.29,12.18,12.22
1945-12-14,12.25,12.27,12.19,12.24
1945-12-15,12.23,12.28,12.23,12.26
1945-12-17,12.14,12.14,11.95,11.98
1945-12-18,12.06,12.14,11.99,12.1
1945-12-19,12.12,12.15,12.07,12.1
1945-12-20,12.07,12.07,11.99,12.02
1945-12-21,12.04,12.05,11.92,12.02
1945-12-22,12.1,12.17,12.1,12.15
1945-12-26,12.25,12.37,12.25,12.32
1945-12-27,12.26,12.33,12.21,12.23
1945-12-28,12.25,12.29,12.21,12.26
1945-12-29,12.27,12.33,12.26,12.29
1945-12-31,12.29,12.33,12.25,12.3
1946-01-02,12.28,12.28,12.19,12.22
1946-01-03,12.26,12.28,12.13,12.23
1946-01-04,12.23,12.26,12.17,12.21
1946-01-05,12.22,12.27,12.21,12.26
1946-01-07,12.24,12.3,12.21,12.26
1946-01-08,12.36,12.55,12.36,12.53
1946-01-09,12.58,12.79,12.58,12.72
1946-01-10,12.68,12.84,12.68,12.8
1946-01-11,12.8,12.9,12.76,12.85
1946-01-12,12.82,12.82,12.71,12.8
1946-01-14,12.88,13.03,12.88,12.99
1946-01-15,12.94,13.07,12.93,13.01
1946-01-16,12.98,13.07,12.9,13.03
1946-01-17,13.02,13.1,12.96,13
1946-01-18,13.05,13.07,12.88,12.97
1946-01-19,12.88,12.88,12.77,12.83
1946-01-21,12.67,12.67,12.5,12.57
1946-01-22,12.61,12.7,12.55,12.66
1946-01-23,12.72,12.85,12.7,12.81
1946-01-24,12.77,12.9,12.76,12.85
1946-01-25,12.86,12.86,12.74,12.82
1946-01-26,12.8,12.86,12.78,12.83
1946-01-28,13.04,13.26,13.04,13.2
1946-01-29,13.19,13.31,13.13,13.24
1946-01-30,13.19,13.27,13.07,13.16
1946-01-31,13.17,13.2,13.06,13.17
1946-02-01,13.15,13.24,13.08,13.22
1946-02-02,13.2,13.28,13.2,13.27
1946-02-04,13.28,13.31,13.16,13.2
1946-02-05,13.21,13.28,13.13,13.26
1946-02-06,13.24,13.28,13.15,13.17
1946-02-07,13.2,13.21,13.07,13.17
1946-02-08,13.2,13.23,13.11,13.16
1946-02-09,13.11,13.11,12.99,13.04
1946-02-11,13.02,13.04,12.9,12.94
1946-02-13,12.89,12.89,12.69,12.75
1946-02-14,12.76,12.92,12.75,12.83
1946-02-15,12.95,13.12,12.95,13.08
1946-02-16,13.18,13.29,13.18,13.22
1946-02-18,13.2,13.2,12.99,13.04
1946-02-19,12.83,12.83,12.48,12.56
1946-02-20,12.49,12.49,12.24,12.32
1946-02-21,12.41,12.62,12.41,12.57
1946-02-25,12.43,12.43,11.98,12
1946-02-26,12.01,12.06,11.81,11.93
1946-02-27,12.06,12.21,12.06,12.17
1946-02-28,12.2,12.3,12.14,12.26
1946-03-01,12.26,12.29,12.18,12.21
1946-03-02,12.16,12.16,12.1,12.13
1946-03-04,12.14,12.16,12.02,12.13
1946-03-05,12.15,12.3,12.15,12.26
1946-03-06,12.21,12.24,12.14,12.2
1946-03-07,12.23,12.34,12.23,12.31
1946-03-08,12.31,12.46,12.31,12.41
1946-03-09,12.39,12.45,12.38,12.44
1946-03-11,12.44,12.45,12.3,12.34
1946-03-12,12.33,12.39,12.29,12.37
1946-03-13,12.34,12.34,12.08,12.18
1946-03-14,12.16,12.25,12.09,12.13
1946-03-15,12.16,12.3,12.14,12.27
1946-03-16,12.29,12.39,12.29,12.38
1946-03-18,12.4,12.51,12.4,12.47
1946-03-19,12.47,12.53,12.37,12.39
1946-03-20,12.39,12.51,12.36,12.48
1946-03-21,12.49,12.59,12.47,12.57
1946-03-22,12.54,12.63,12.48,12.57
1946-03-23,12.58,12.65,12.58,12.63
1946-03-25,12.68,12.85,12.68,12.83
1946-03-26,12.83,12.91,12.79,12.83
1946-03-27,12.82,12.82,12.69,12.75
1946-03-28,12.77,12.78,12.68,12.73
1946-03-29,12.72,12.86,12.72,12.81
1946-03-30,12.83,12.86,12.81,12.84
1946-04-01,12.87,12.88,12.79,12.83
1946-04-02,12.8,12.87,12.79,12.84
1946-04-03,12.84,13.07,12.84,13.06
1946-04-04,13.1,13.26,13.1,13.2
1946-04-05,13.22,13.25,13.1,13.17
1946-04-06,13.12,13.19,13.12,13.17
1946-04-08,13.2,13.27,13.16,13.23
1946-04-09,13.24,13.45,13.24,13.41
1946-04-10,13.37,13.42,13.32,13.37
1946-04-11,13.4,13.4,13.29,13.34
1946-04-12,13.33,13.4,13.29,13.34
1946-04-13,13.28,13.28,13.23,13.25
1946-04-15,13.23,13.26,13.14,13.23
1946-04-16,13.3,13.45,13.3,13.41
1946-04-17,13.4,13.49,13.33,13.39
1946-04-18,13.4,13.48,13.37,13.43
1946-04-20,13.45,13.48,13.41,13.43
1946-04-22,13.43,13.48,13.38,13.42
1946-04-23,13.44,13.45,13.31,13.39
1946-04-24,13.34,13.39,13.24,13.26
1946-04-25,13.24,13.24,13.08,13.18
1946-04-26,13.21,13.24,13.11,13.21
1946-04-27,13.24,13.35,13.24,13.32
1946-04-29,13.31,13.37,13.25,13.31
1946-04-30,13.3,13.37,13.25,13.34
1946-05-01,13.36,13.36,13.27,13.3
1946-05-02,13.28,13.33,13.21,13.24
1946-05-03,13.19,13.19,13.08,13.13
1946-05-04,13.11,13.11,13.06,13.09
1946-05-06,13.07,13.07,12.89,12.99
1946-05-07,12.99,13.2,12.93,13.16
1946-05-08,13.09,13.19,13.02,13.14
1946-05-09,13.12,13.15,13.01,13.12
1946-05-10,13.14,13.37,13.14,13.33
1946-05-11,13.37,13.44,13.37,13.41
1946-05-13,13.42,13.44,13.32,13.37
1946-05-14,13.32,13.33,13.23,13.28
1946-05-15,13.28,13.29,13.12,13.18
1946-05-16,13.19,13.28,13.15,13.26
1946-05-17,13.21,13.26,13.16,13.23
1946-05-18,13.21,13.21,13.15,13.18
1946-05-20,13.18,13.28,13.13,13.26
1946-05-21,13.28,13.37,13.25,13.29
1946-05-22,13.34,13.41,13.31,13.38
1946-05-23,13.36,13.44,13.31,13.36
1946-05-24,13.39,13.4,13.26,13.36
1946-05-27,13.4,13.52,13.4,13.46
1946-05-28,13.52,13.7,13.51,13.66
1946-05-29,13.65,13.76,13.56,13.7
1946-05-31,13.66,13.71,13.57,13.65
1946-06-03,13.61,13.62,13.52,13.56
1946-06-04,13.57,13.57,13.41,13.47
1946-06-05,13.41,13.5,13.37,13.4
1946-06-06,13.41,13.42,13.31,13.39
1946-06-07,13.37,13.43,13.3,13.4
1946-06-10,13.38,13.46,13.36,13.42
1946-06-11,13.38,13.41,13.26,13.28
1946-06-12,13.31,13.33,13.21,13.31
1946-06-13,13.3,13.43,13.3,13.38
1946-06-14,13.39,13.45,13.34,13.38
1946-06-17,13.41,13.46,13.37,13.39
1946-06-18,13.36,13.36,13.19,13.21
1946-06-19,13.21,13.21,13.1,13.13
1946-06-20,13.17,13.17,12.82,12.84
1946-06-21,12.82,13,12.72,12.98
1946-06-24,12.98,13.08,12.96,13.01
1946-06-25,12.99,13.01,12.89,12.92
1946-06-26,12.93,12.96,12.8,12.9
1946-06-27,12.96,13.14,12.96,13.1
1946-06-28,13.09,13.18,13.04,13.13
1946-07-01,13.16,13.34,13.16,13.21
1946-07-02,13.19,13.25,13.14,13.2
1946-07-03,13.14,13.2,13.13,13.17
1946-07-05,13.16,13.17,13.12,13.13
1946-07-08,13.09,13.13,13.07,13.08
1946-07-09,13.1,13.18,13.07,13.15
1946-07-10,13.16,13.21,13.12,13.17
1946-07-11,13.18,13.18,13.08,13.1
1946-07-12,13.1,13.1,12.93,13.02
1946-07-15,13,13.01,12.76,12.79
1946-07-16,12.82,12.85,12.73,12.8
1946-07-17,12.79,12.91,12.79,12.88
1946-07-18,12.88,12.96,12.83,12.86
1946-07-19,12.86,12.88,12.79,12.81
1946-07-22,12.81,12.85,12.74,12.78
1946-07-23,12.69,12.69,12.37,12.39
1946-07-24,12.39,12.47,12.34,12.41
1946-07-25,12.42,12.56,12.41,12.47
1946-07-26,12.47,12.6,12.47,12.55
1946-07-29,12.55,12.65,12.55,12.59
1946-07-30,12.58,12.7,12.58,12.66
1946-07-31,12.66,12.84,12.63,12.8
1946-08-01,12.8,12.88,12.78,12.84
1946-08-02,12.82,12.88,12.78,12.85
1946-08-05,12.83,12.84,12.74,12.77
1946-08-06,12.76,12.78,12.68,12.73
1946-08-07,12.76,12.86,12.74,12.86
1946-08-08,12.85,12.94,12.85,12.91
1946-08-09,12.9,12.93,12.84,12.87
1946-08-12,12.91,12.92,12.86,12.89
1946-08-13,12.93,13.03,12.92,13
1946-08-14,13.01,13.04,12.95,12.98
1946-08-15,12.92,12.92,12.82,12.83
1946-08-16,12.77,12.77,12.69,12.72
1946-08-19,12.73,12.77,12.62,12.7
1946-08-20,12.7,12.79,12.7,12.78
1946-08-21,12.74,12.81,12.63,12.65
1946-08-22,12.61,12.61,12.38,12.53
1946-08-23,12.48,12.6,12.48,12.54
1946-08-26,12.51,12.59,12.44,12.46
1946-08-27,12.36,12.36,12.01,12.07
1946-08-28,12,12.02,11.77,11.94
1946-08-29,11.93,12.09,11.91,11.96
1946-08-30,11.96,11.96,11.77,11.88
1946-09-03,11.67,11.67,11.01,11.08
1946-09-04,11.15,11.17,10.84,11.03
1946-09-05,11.21,11.45,11.21,11.41
1946-09-06,11.38,11.41,11.2,11.3
1946-09-09,11.05,11.05,10.62,10.71
1946-09-10,10.71,10.76,10.37,10.41
1946-09-11,10.47,10.81,10.47,10.74
1946-09-12,10.74,10.82,10.61,10.72
1946-09-13,10.82,10.96,10.77,10.93
1946-09-16,10.92,11.11,10.9,10.99
1946-09-17,10.96,10.98,10.81,10.91
1946-09-18,10.84,10.84,10.52,10.56
1946-09-19,10.47,10.47,10.16,10.23
1946-09-20,10.24,10.55,10.22,10.49
1946-09-23,10.45,10.63,10.26,10.29
1946-09-24,10.37,10.57,10.22,10.51
1946-09-25,10.56,10.8,10.56,10.78
1946-09-26,10.78,10.93,10.69,10.9
1946-09-27,10.85,10.86,10.75,10.79
1946-09-30,10.75,10.75,10.56,10.68
1946-10-01,10.71,10.71,10.58,10.65
1946-10-02,10.67,10.78,10.66,10.74
1946-10-03,10.77,10.79,10.67,10.7
1946-10-04,10.66,10.66,10.53,10.58
1946-10-05,10.54,10.54,10.48,10.5
1946-10-07,10.51,10.56,10.43,10.5
1946-10-08,10.48,10.54,10.36,10.38
1946-10-09,10.29,10.29,10.06,10.09
1946-10-10,10.12,10.27,10.03,10.24
1946-10-11,10.3,10.49,10.3,10.45
1946-10-14,10.39,10.55,10.36,10.51
1946-10-15,10.76,10.97,10.76,10.93
1946-10-16,10.98,11.06,10.87,10.89
1946-10-17,10.84,10.84,10.65,10.72
1946-10-18,10.7,10.75,10.61,10.7
1946-10-19,10.69,10.69,10.65,10.67
1946-10-21,10.68,10.76,10.64,10.72
1946-10-22,10.67,10.7,10.56,10.63
1946-10-23,10.59,10.59,10.43,10.55
1946-10-24,10.61,10.62,10.51,10.56
1946-10-25,10.58,10.58,10.44,10.51
1946-10-26,10.51,10.51,10.48,10.5
1946-10-28,10.44,10.44,10.29,10.29
1946-10-29,10.31,10.34,10.18,10.19
1946-10-30,10.24,10.31,10.01,10.24
1946-10-31,10.33,10.64,10.33,10.61
1946-11-01,10.63,10.8,10.63,10.77
1946-11-02,10.81,10.87,10.79,10.85
1946-11-04,10.87,11.04,10.87,10.96
1946-11-06,10.83,10.87,10.46,10.49
1946-11-07,10.53,10.64,10.45,10.57
1946-11-08,10.55,10.68,10.55,10.62
1946-11-09,10.69,10.77,10.69,10.75
1946-11-12,10.74,10.85,10.65,10.68
1946-11-13,10.63,10.63,10.48,10.59
1946-11-14,10.58,10.68,10.54,10.65
1946-11-15,10.61,10.65,10.48,10.53
1946-11-16,10.55,10.55,10.51,10.53
1946-11-18,10.5,10.5,10.38,10.43
1946-11-19,10.42,10.45,10.32,10.42
1946-11-20,10.41,10.41,10.3,10.34
1946-11-21,10.28,10.28,10.13,10.16
1946-11-22,10.14,10.16,10.03,10.11
1946-11-23,10.17,10.28,10.17,10.25
1946-11-25,10.23,10.29,10.19,10.24
1946-11-26,10.24,10.39,10.24,10.34
1946-11-27,10.35,10.47,10.35,10.41
1946-11-29,10.41,10.53,10.4,10.5
1946-11-30,10.5,10.55,10.47,10.5
1946-12-02,10.43,10.43,10.28,10.33
1946-12-03,10.33,10.4,10.25,10.37
1946-12-04,10.4,10.58,10.36,10.53
1946-12-05,10.5,10.52,10.39,10.48
1946-12-06,10.5,10.55,10.45,10.52
1946-12-07,10.56,10.63,10.56,10.6
1946-12-09,10.81,11.01,10.81,10.96
1946-12-10,10.96,11.04,10.89,10.96
1946-12-11,10.98,11.03,10.91,10.99
1946-12-12,10.96,10.96,10.8,10.84
1946-12-13,10.86,10.89,10.78,10.86
1946-12-14,10.87,10.94,10.85,10.92
1946-12-16,10.89,10.97,10.87,10.91
1946-12-17,10.89,10.92,10.83,10.87
1946-12-18,10.87,10.94,10.82,10.89
1946-12-19,10.94,11.11,10.94,11.06
1946-12-20,11.06,11.14,11.03,11.1
1946-12-21,11.11,11.14,11.09,11.13
1946-12-23,11.09,11.11,11.01,11.03
1946-12-24,11.03,11.03,10.96,11.01
1946-12-26,10.99,10.99,10.85,10.89
1946-12-27,10.85,10.91,10.76,10.88
1946-12-28,10.89,10.92,10.86,10.9
1946-12-30,10.84,10.91,10.8,10.86
1946-12-31,10.89,11,10.87,10.96
1947-01-02,10.94,10.97,10.87,10.89
1947-01-03,10.91,10.95,10.8,10.93
1947-01-04,10.96,10.98,10.94,10.96
1947-01-06,10.98,11.1,10.98,11.06
1947-01-07,11.04,11.09,10.96,10.98
1947-01-08,11.01,11.07,10.95,11.04
1947-01-09,11.05,11.11,11.04,11.07
1947-01-10,10.99,11.01,10.88,10.93
1947-01-11,10.88,10.88,10.76,10.77
1947-01-13,10.74,10.74,10.52,10.61
1947-01-14,10.66,10.7,10.59,10.66
1947-01-15,10.62,10.68,10.57,10.6
1947-01-16,10.61,10.62,10.49,10.6
1947-01-17,10.68,10.82,10.68,10.81
1947-01-18,10.89,10.98,10.89,10.92
1947-01-20,10.87,10.87,10.76,10.78
1947-01-21,10.78,10.78,10.69,10.75
1947-01-22,10.78,10.82,10.73,10.8
1947-01-23,10.83,10.93,10.81,10.91
1947-01-24,10.9,10.94,10.86,10.92
1947-01-25,10.91,10.92,10.88,10.9
1947-01-27,10.9,11.04,10.88,11.02
1947-01-28,11.03,11.13,11.02,11.11
1947-01-29,11.15,11.27,11.11,11.24
1947-01-30,11.24,11.3,11.19,11.21
1947-01-31,11.21,11.31,11.2,11.26
1947-02-01,11.29,11.34,11.26,11.31
1947-02-03,11.29,11.39,11.28,11.36
1947-02-04,11.36,11.44,11.32,11.38
1947-02-05,11.43,11.49,11.38,11.45
1947-02-06,11.45,11.45,11.35,11.41
1947-02-07,11.46,11.62,11.44,11.6
1947-02-08,11.6,11.68,11.6,11.65
1947-02-10,11.61,11.63,11.52,11.55
1947-02-11,11.59,11.64,11.47,11.61
1947-02-13,11.59,11.59,11.43,11.46
1947-02-14,11.45,11.45,11.35,11.42
1947-02-15,11.42,11.42,11.39,11.41
1947-02-17,11.38,11.46,11.35,11.43
1947-02-18,11.46,11.5,11.4,11.44
1947-02-19,11.37,11.37,11.24,11.3
1947-02-20,11.33,11.37,11.22,11.32
1947-02-21,11.31,11.41,11.31,11.38
1947-02-24,11.35,11.36,11.27,11.29
1947-02-25,11.28,11.3,11.12,11.15
1947-02-26,11.14,11.14,10.97,11.03
1947-02-27,11.09,11.19,11.09,11.16
1947-02-28,11.12,11.17,11.06,11.12
1947-03-01,11.11,11.15,11.09,11.13
1947-03-03,11.1,11.13,11.05,11.11
1947-03-04,11.09,11.14,11.03,11.11
1947-03-05,11.16,11.27,11.13,11.24
1947-03-06,11.25,11.32,11.21,11.29
1947-03-07,11.19,11.19,10.92,10.94
1947-03-08,10.96,10.96,10.87,10.89
1947-03-10,10.87,10.9,10.8,10.83
1947-03-11,10.83,10.83,10.7,10.74
1947-03-12,10.75,10.86,10.73,10.81
1947-03-13,10.8,10.84,10.76,10.78
1947-03-14,10.76,10.76,10.63,10.67
1947-03-15,10.68,10.68,10.64,10.67
1947-03-17,10.64,10.75,10.64,10.7
1947-03-18,10.74,10.86,10.73,10.84
1947-03-19,10.85,10.96,10.85,10.89
1947-03-20,10.91,10.93,10.85,10.89
1947-03-21,10.93,11.03,10.93,11.02
1947-03-22,11.01,11.04,11.01,11.03
1947-03-24,10.98,10.99,10.91,10.92
1947-03-25,10.92,10.95,10.84,10.86
1947-03-26,10.9,11.03,10.86,11.01
1947-03-27,11.04,11.16,11.04,11.14
1947-03-28,11.12,11.15,11.06,11.09
1947-03-29,11.09,11.09,11.05,11.07
1947-03-31,11.05,11.06,10.96,10.97
1947-04-01,11,11.03,10.94,11.02
1947-04-02,11.03,11.08,10.99,11.01
1947-04-03,11.03,11.03,10.93,10.99
1947-04-05,10.96,10.99,10.96,10.98
1947-04-07,10.95,10.95,10.86,10.89
1947-04-08,10.87,10.87,10.7,10.74
1947-04-09,10.72,10.75,10.67,10.73
1947-04-10,10.7,10.79,10.7,10.74
1947-04-11,10.7,10.75,10.63,10.66
1947-04-12,10.61,10.61,10.53,10.55
1947-04-14,10.47,10.47,10.21,10.24
1947-04-15,10.25,10.33,10.17,10.25
1947-04-16,10.27,10.4,10.25,10.36
1947-04-17,10.36,10.4,10.31,10.34
1947-04-18,10.29,10.33,10.19,10.21
1947-04-19,10.29,10.41,10.26,10.4
1947-04-21,10.46,10.6,10.46,10.48
1947-04-22,10.47,10.58,10.46,10.56
1947-04-23,10.57,10.62,10.51,10.57
1947-04-24,10.55,10.58,10.49,10.51
1947-04-25,10.52,10.53,10.42,10.44
1947-04-26,10.43,10.46,10.43,10.45
1947-04-28,10.44,10.49,10.41,10.43
1947-04-29,10.47,10.5,10.37,10.45
1947-04-30,10.47,10.61,10.47,10.58
1947-05-01,10.59,10.71,10.59,10.66
1947-05-02,10.64,10.8,10.64,10.74
1947-05-03,10.75,10.79,10.74,10.78
1947-05-05,10.77,10.84,10.75,10.79
1947-05-06,10.74,10.74,10.61,10.67
1947-05-07,10.69,10.7,10.64,10.66
1947-05-08,10.67,10.69,10.59,10.61
1947-05-09,10.64,10.68,10.57,10.63
1947-05-10,10.64,10.65,10.63,10.65
1947-05-12,10.63,10.63,10.51,10.51
1947-05-13,10.4,10.4,10.27,10.29
1947-05-14,10.29,10.29,10.21,10.26
1947-05-15,10.3,10.38,10.3,10.36
1947-05-16,10.33,10.33,10.12,10.15
1947-05-17,10.06,10.06,9.96,9.97
1947-05-19,9.99,10.07,9.88,10.02
1947-05-20,10.06,10.13,10.03,10.06
1947-05-21,10.11,10.27,10.08,10.25
1947-05-22,10.27,10.38,10.27,10.33
1947-05-23,10.31,10.38,10.28,10.34
1947-05-24,10.34,10.35,10.33,10.34
1947-05-26,10.34,10.35,10.27,10.29
1947-05-27,10.29,10.3,10.18,10.28
1947-05-28,10.35,10.49,10.35,10.44
1947-05-29,10.45,10.55,10.45,10.53
1947-06-02,10.46,10.46,10.38,10.42
1947-06-03,10.42,10.59,10.42,10.56
1947-06-04,10.54,10.6,10.47,10.49
1947-06-05,10.5,10.54,10.46,10.49
1947-06-06,10.51,10.59,10.46,10.57
1947-06-09,10.53,10.56,10.47,10.51
1947-06-10,10.54,10.64,10.49,10.62
1947-06-11,10.67,10.87,10.67,10.86
1947-06-12,10.87,10.9,10.77,10.81
1947-06-13,10.82,10.96,10.79,10.93
1947-06-16,10.94,11.04,10.86,10.96
1947-06-17,10.96,10.98,10.87,10.91
1947-06-18,10.92,11.01,10.88,10.92
1947-06-19,10.97,11.09,10.94,11.05
1947-06-20,11.04,11.13,11.01,11.06
1947-06-23,11.06,11.17,11.05,11.12
1947-06-24,11.09,11.1,10.88,10.91
1947-06-25,10.92,11.03,10.89,11
1947-06-26,10.98,11.08,10.97,11.04
1947-06-27,11.04,11.08,10.99,11.04
1947-06-30,11.07,11.13,11.02,11.11
1947-07-01,11.12,11.3,11.12,11.29
1947-07-02,11.3,11.36,11.24,11.28
1947-07-03,11.29,11.42,11.25,11.4
1947-07-07,11.39,11.45,11.32,11.41
1947-07-08,11.41,11.52,11.38,11.45
1947-07-09,11.41,11.45,11.31,11.35
1947-07-10,11.4,11.49,11.34,11.46
1947-07-11,11.49,11.65,11.49,11.61
1947-07-14,11.62,11.78,11.61,11.67
1947-07-15,11.67,11.7,11.58,11.65
1947-07-16,11.64,11.69,11.56,11.65
1947-07-17,11.63,11.65,11.5,11.52
1947-07-18,11.55,11.62,11.47,11.6
1947-07-21,11.63,11.65,11.53,11.56
1947-07-22,11.59,11.65,11.55,11.62
1947-07-23,11.61,11.71,11.61,11.68
1947-07-24,11.69,11.83,11.69,11.8
1947-07-25,11.8,11.86,11.72,11.78
1947-07-28,11.76,11.84,11.66,11.67
1947-07-29,11.6,11.62,11.38,11.42
1947-07-30,11.44,11.46,11.3,11.37
1947-07-31,11.42,11.57,11.42,11.55
1947-08-01,11.54,11.61,11.49,11.58
1947-08-04,11.52,11.52,11.42,11.45
1947-08-05,11.45,11.55,11.43,11.49
1947-08-06,11.49,11.52,11.42,11.45
1947-08-07,11.49,11.5,11.4,11.47
1947-08-08,11.43,11.43,11.29,11.31
1947-08-11,11.31,11.32,11.19,11.24
1947-08-12,11.27,11.38,11.27,11.32
1947-08-13,11.39,11.44,11.35,11.38
1947-08-14,11.34,11.38,11.27,11.35
1947-08-15,11.37,11.47,11.33,11.43
1947-08-18,11.41,11.44,11.35,11.38
1947-08-19,11.38,11.4,11.31,11.35
1947-08-20,11.35,11.36,11.28,11.3
1947-08-21,11.31,11.35,11.27,11.33
1947-08-22,11.32,11.38,11.32,11.35
1947-08-25,11.32,11.32,11.16,11.19
1947-08-26,11.18,11.21,11.11,11.19
1947-08-27,11.19,11.22,11.15,11.2
1947-08-28,11.2,11.24,11.15,11.18
1947-08-29,11.18,11.28,11.18,11.26
1947-09-02,11.24,11.35,11.22,11.29
1947-09-03,11.31,11.33,11.24,11.27
1947-09-04,11.22,11.22,11.09,11.13
1947-09-05,11.12,11.12,11.01,11.1
1947-09-08,11.04,11.04,10.9,10.93
1947-09-09,10.94,11,10.87,10.95
1947-09-10,11,11.08,10.96,11.05
1947-09-11,11.06,11.12,11.01,11.06
1947-09-12,11.05,11.08,10.97,11.03
1947-09-15,11.02,11.03,10.96,10.99
1947-09-16,11,11.11,10.96,11.09
1947-09-17,11.13,11.28,11.13,11.24
1947-09-18,11.22,11.26,11.16,11.2
1947-09-19,11.21,11.22,11.12,11.19
1947-09-22,11.19,11.23,11.14,11.18
1947-09-23,11.12,11.12,10.96,10.99
1947-09-24,11.02,11.06,10.97,11.04
1947-09-25,11.04,11.07,10.95,10.98
1947-09-26,10.96,10.98,10.91,10.94
1947-09-29,10.95,11.04,10.94,11.01
1947-09-30,11.03,11.15,11,11.13
1947-10-01,11.14,11.22,11.09,11.17
1947-10-02,11.16,11.21,11.12,11.18
1947-10-03,11.18,11.29,11.16,11.24
1947-10-04,11.26,11.3,11.24,11.25
1947-10-06,11.22,11.3,11.2,11.27
1947-10-07,11.28,11.3,11.23,11.27
1947-10-08,11.26,11.29,11.15,11.18
1947-10-09,11.18,11.28,11.16,11.26
1947-10-10,11.26,11.34,11.23,11.28
1947-10-11,11.29,11.31,11.28,11.3
1947-10-14,11.34,11.5,11.34,11.48
1947-10-15,11.47,11.57,11.44,11.51
1947-10-16,11.48,11.56,11.44,11.49
1947-10-17,11.5,11.56,11.44,11.5
1947-10-18,11.54,11.59,11.54,11.59
1947-10-20,11.6,11.72,11.6,11.66
1947-10-21,11.66,11.7,11.57,11.64
1947-10-22,11.64,11.69,11.57,11.59
1947-10-23,11.59,11.65,11.55,11.6
1947-10-24,11.58,11.58,11.39,11.45
1947-10-25,11.46,11.49,11.45,11.47
1947-10-27,11.44,11.5,11.38,11.48
1947-10-28,11.5,11.55,11.46,11.49
1947-10-29,11.46,11.56,11.42,11.45
1947-10-30,11.44,11.44,11.25,11.34
1947-10-31,11.38,11.45,11.32,11.41
1947-11-01,11.42,11.47,11.42,11.45
1947-11-03,11.42,11.49,11.39,11.44
1947-11-05,11.4,11.45,11.33,11.35
1947-11-06,11.34,11.37,11.26,11.35
1947-11-07,11.36,11.39,11.31,11.33
1947-11-08,11.35,11.36,11.32,11.35
1947-11-10,11.33,11.41,11.32,11.38
1947-11-12,11.41,11.44,11.31,11.34
1947-11-13,11.29,11.29,11.2,11.23
1947-11-14,11.24,11.31,11.23,11.25
1947-11-15,11.24,11.27,11.23,11.25
1947-11-17,11.25,11.29,11.2,11.25
1947-11-18,11.26,11.36,11.24,11.34
1947-11-19,11.31,11.39,11.31,11.37
1947-11-20,11.39,11.45,11.29,11.42
1947-11-21,11.4,11.45,11.34,11.36
1947-11-22,11.38,11.38,11.35,11.36
1947-11-24,11.32,11.37,11.25,11.3
1947-11-25,11.31,11.33,11.24,11.27
1947-11-26,11.25,11.32,11.21,11.22
1947-11-28,11.2,11.22,11.1,11.11
1947-11-29,11.13,11.14,11.09,11.12
1947-12-01,11.11,11.21,11.09,11.18
1947-12-02,11.18,11.26,11.16,11.2
1947-12-03,11.15,11.15,11.07,11.1
1947-12-04,11.08,11.09,10.99,11.03
1947-12-05,11.02,11.02,10.82,10.86
1947-12-06,10.86,10.86,10.83,10.85
1947-12-08,10.91,11.01,10.87,10.97
1947-12-09,10.96,11.04,10.91,11.01
1947-12-10,11.02,11.06,10.98,11.02
1947-12-11,11.03,11.05,10.96,11.02
1947-12-12,11.04,11.13,11,11.1
1947-12-13,11.13,11.19,11.13,11.18
1947-12-15,11.21,11.29,11.17,11.23
1947-12-16,11.24,11.28,11.19,11.22
1947-12-17,11.22,11.26,11.17,11.24
1947-12-18,11.23,11.27,11.18,11.21
1947-12-19,11.2,11.27,11.15,11.24
1947-12-20,11.29,11.36,11.28,11.35
1947-12-22,11.37,11.4,11.29,11.31
1947-12-23,11.32,11.39,11.29,11.35
1947-12-24,11.34,11.39,11.28,11.35
1947-12-26,11.34,11.34,11.23,11.25
1947-12-27,11.25,11.26,11.22,11.24
1947-12-29,11.23,11.27,11.15,11.2
1947-12-30,11.2,11.35,11.19,11.33
1947-12-31,11.36,11.43,11.33,11.39
1948-01-02,11.44,11.45,11.36,11.42
1948-01-05,11.41,11.46,11.29,11.32
1948-01-06,11.3,11.33,11.2,11.28
1948-01-07,11.29,11.37,11.26,11.34
1948-01-08,11.34,11.42,11.32,11.4
1948-01-09,11.37,11.42,11.31,11.34
1948-01-10,11.35,11.38,11.34,11.36
1948-01-12,11.35,11.37,11.25,11.29
1948-01-13,11.24,11.24,11.11,11.12
1948-01-14,11.13,11.18,11.06,11.12
1948-01-15,11.14,11.14,11.04,11.07
1948-01-16,11.05,11.09,11,11.06
1948-01-17,11.06,11.08,11.03,11.06
1948-01-19,11.01,11.02,10.88,10.94
1948-01-20,10.99,10.99,10.9,10.94
1948-01-21,10.93,10.98,10.8,10.82
1948-01-22,10.79,10.79,10.67,10.73
1948-01-23,10.69,10.73,10.64,10.67
1948-01-24,10.7,10.7,10.66,10.68
1948-01-26,10.68,10.72,10.62,10.65
1948-01-27,10.65,10.74,10.63,10.66
1948-01-28,10.69,10.8,10.69,10.77
1948-01-29,10.83,10.93,10.83,10.89
1948-01-30,10.89,10.97,10.84,10.91
1948-01-31,10.9,10.93,10.89,10.92
1948-02-01,10.94,10.94,10.94,10.94
1948-02-03,10.93,10.93,10.84,10.87
1948-02-04,10.81,10.81,10.63,10.67
1948-02-05,10.63,10.63,10.49,10.55
1948-02-06,10.57,10.61,10.49,10.55
1948-02-07,10.57,10.63,10.57,10.62
1948-02-08,10.63,10.63,10.63,10.63
1948-02-10,10.52,10.52,10.3,10.32
1948-02-11,10.31,10.36,10.22,10.31
1948-02-13,10.25,10.34,10.21,10.29
1948-02-14,10.29,10.29,10.27,10.28
1948-02-15,10.43,10.43,10.43,10.43
1948-02-16,10.34,10.47,10.34,10.43
1948-02-18,10.43,10.46,10.38,10.44
1948-02-19,10.42,10.48,10.38,10.41
1948-02-20,10.4,10.4,10.31,10.37
1948-02-21,10.36,10.39,10.35,10.38
1948-02-23,10.4,10.4,10.4,10.4
1948-02-25,10.41,10.48,10.4,10.45
1948-02-26,10.43,10.45,10.36,10.38
1948-02-27,10.39,10.39,10.28,10.34
1948-02-28,10.36,10.4,10.36,10.39
1948-03-01,10.41,10.47,10.41,10.45
1948-03-02,10.47,10.53,10.45,10.51
1948-03-03,10.53,10.56,10.48,10.52
1948-03-04,10.48,10.5,10.43,10.45
1948-03-05,10.45,10.49,10.4,10.47
1948-03-06,10.49,10.52,10.49,10.51
1948-03-08,10.49,10.51,10.4,10.42
1948-03-09,10.4,10.4,10.3,10.35
1948-03-10,10.35,10.41,10.3,10.4
1948-03-11,10.4,10.45,10.35,10.38
1948-03-12,10.39,10.41,10.35,10.38
1948-03-13,10.41,10.45,10.41,10.44
1948-03-15,10.43,10.47,10.4,10.43
1948-03-16,10.38,10.38,10.24,10.27
1948-03-17,10.29,10.37,10.27,10.35
1948-03-18,10.36,10.47,10.35,10.41
1948-03-19,10.44,10.63,10.42,10.62
1948-03-20,10.74,10.9,10.74,10.89
1948-03-22,10.86,11,10.86,10.9
1948-03-23,10.91,10.95,10.85,10.9
1948-03-24,10.88,10.95,10.84,10.89
1948-03-25,10.91,10.97,10.88,10.94
1948-03-27,10.92,10.94,10.88,10.91
1948-03-29,10.92,10.94,10.83,10.9
1948-03-30,10.93,11.04,10.9,11.02
1948-03-31,11.07,11.2,11.07,11.18
1948-04-01,11.19,11.24,11.11,11.21
1948-04-02,11.25,11.28,11.15,11.23
1948-04-03,11.21,11.25,11.19,11.23
1948-04-05,11.23,11.27,11.2,11.25
1948-04-06,11.26,11.35,11.25,11.32
1948-04-07,11.31,11.34,11.25,11.29
1948-04-08,11.28,11.35,11.26,11.31
1948-04-09,11.31,11.37,11.28,11.33
1948-04-10,11.31,11.34,11.3,11.34
1948-04-12,11.34,11.39,11.27,11.32
1948-04-13,11.31,11.36,11.27,11.33
1948-04-14,11.34,11.37,11.29,11.32
1948-04-15,11.32,11.43,11.28,11.39
1948-04-16,11.4,11.49,11.38,11.43
1948-04-17,11.43,11.44,11.4,11.42
1948-04-19,11.41,11.48,11.38,11.46
1948-04-20,11.47,11.52,11.4,11.45
1948-04-21,11.46,11.53,11.39,11.51
1948-04-22,11.51,11.63,11.48,11.61
1948-04-23,11.63,11.73,11.62,11.68
1948-04-24,11.7,11.7,11.64,11.67
1948-04-26,11.61,11.61,11.48,11.5
1948-04-27,11.53,11.57,11.45,11.51
1948-04-28,11.52,11.59,11.47,11.52
1948-04-29,11.51,11.54,11.4,11.49
1948-04-30,11.47,11.52,11.4,11.46
1948-05-01,11.44,11.45,11.4,11.43
1948-05-03,11.49,11.58,11.44,11.54
1948-05-04,11.51,11.6,11.49,11.54
1948-05-05,11.5,11.54,11.45,11.47
1948-05-06,11.51,11.59,11.47,11.56
1948-05-07,11.59,11.69,11.59,11.63
1948-05-08,11.64,11.67,11.63,11.65
1948-05-10,11.67,11.73,11.62,11.7
1948-05-11,11.67,11.76,11.63,11.73
1948-05-12,11.73,11.77,11.65,11.74
1948-05-13,11.78,11.87,11.74,11.83
1948-05-14,11.89,12.14,11.89,12.12
1948-05-15,12.19,12.31,12.19,12.24
1948-05-17,12.27,12.32,12.16,12.28
1948-05-18,12.24,12.27,12.1,12.12
1948-05-19,12.12,12.18,12.05,12.1
1948-05-20,12.1,12.21,12.05,12.17
1948-05-21,12.17,12.3,12.16,12.2
1948-05-22,12.2,12.24,12.2,12.22
1948-05-24,12.24,12.29,12.17,12.23
1948-05-25,12.22,12.29,12.14,12.22
1948-05-26,12.24,12.36,12.2,12.33
1948-05-27,12.33,12.41,12.29,12.33
1948-05-28,12.36,12.38,12.25,12.33
1948-06-01,12.34,12.42,12.31,12.37
1948-06-02,12.38,12.44,12.32,12.38
1948-06-03,12.37,12.42,12.31,12.35
1948-06-04,12.32,12.33,12.22,12.26
1948-06-07,12.23,12.26,12.14,12.22
1948-06-08,12.3,12.45,12.3,12.43
1948-06-09,12.45,12.54,12.43,12.48
1948-06-10,12.49,12.53,12.39,12.48
1948-06-11,12.49,12.56,12.42,12.52
1948-06-14,12.54,12.64,12.48,12.53
1948-06-15,12.58,12.64,12.49,12.6
1948-06-16,12.62,12.62,12.48,12.56
1948-06-17,12.55,12.6,12.47,12.54
1948-06-18,12.55,12.55,12.45,12.52
1948-06-21,12.53,12.55,12.38,12.4
1948-06-22,12.37,12.41,12.29,12.37
1948-06-23,12.43,12.54,12.41,12.5
1948-06-24,12.45,12.53,12.41,12.47
1948-06-25,12.48,12.5,12.36,12.42
1948-06-28,12.38,12.38,12.18,12.26
1948-06-29,12.28,12.36,12.25,12.32
1948-06-30,12.29,12.38,12.24,12.35
1948-07-01,12.35,12.38,12.29,12.32
1948-07-02,12.36,12.46,12.33,12.43
1948-07-06,12.4,12.48,12.36,12.43
1948-07-07,12.42,12.45,12.34,12.39
1948-07-08,12.37,12.44,12.34,12.4
1948-07-09,12.41,12.51,12.38,12.48
1948-07-12,12.46,12.51,12.42,12.45
1948-07-13,12.45,12.46,12.36,12.38
1948-07-14,12.37,12.42,12.31,12.39
1948-07-15,12.35,12.35,12.15,12.15
1948-07-16,12.1,12.14,11.93,11.98
1948-07-19,11.82,11.82,11.49,11.59
1948-07-20,11.62,11.82,11.62,11.77
1948-07-21,11.81,11.97,11.8,11.86
1948-07-22,11.89,11.99,11.88,11.95
1948-07-23,11.99,12.07,11.96,11.99
1948-07-26,11.96,11.99,11.85,11.88
1948-07-27,11.88,12.03,11.86,12.01
1948-07-28,11.98,12.04,11.9,11.93
1948-07-29,11.93,11.94,11.81,11.83
1948-07-30,11.76,11.76,11.6,11.68
1948-08-02,11.7,11.78,11.65,11.68
1948-08-03,11.72,11.76,11.67,11.72
1948-08-04,11.76,11.91,11.75,11.9
1948-08-05,11.87,11.96,11.83,11.86
1948-08-06,11.87,11.91,11.8,11.88
1948-08-09,11.8,11.85,11.74,11.76
1948-08-10,11.74,11.74,11.59,11.6
1948-08-11,11.58,11.58,11.42,11.54
1948-08-12,11.55,11.61,11.5,11.57
1948-08-13,11.56,11.62,11.53,11.56
1948-08-16,11.55,11.62,11.54,11.59
1948-08-17,11.64,11.75,11.64,11.73
1948-08-18,11.74,11.8,11.71,11.73
1948-08-19,11.74,11.78,11.69,11.77
1948-08-20,11.83,11.91,11.82,11.89
1948-08-23,11.85,11.85,11.71,11.74
1948-08-24,11.74,11.82,11.74,11.79
1948-08-25,11.79,11.81,11.74,11.77
1948-08-26,11.8,11.84,11.77,11.81
1948-08-27,11.81,11.89,11.81,11.86
1948-08-30,11.84,11.89,11.75,11.76
1948-08-31,11.78,11.81,11.72,11.75
1948-09-01,11.77,11.92,11.75,11.89
1948-09-02,11.9,11.98,11.87,11.95
1948-09-03,11.97,12,11.91,11.97
1948-09-07,11.96,12.05,11.92,12.03
1948-09-08,11.96,11.96,11.8,11.82
1948-09-09,11.79,11.79,11.6,11.63
1948-09-10,11.62,11.69,11.54,11.65
1948-09-13,11.62,11.62,11.52,11.55
1948-09-14,11.56,11.67,11.56,11.64
1948-09-15,11.62,11.68,11.58,11.62
1948-09-16,11.61,11.64,11.56,11.62
1948-09-17,11.61,11.61,11.54,11.57
1948-09-20,11.52,11.52,11.33,11.36
1948-09-21,11.36,11.46,11.32,11.44
1948-09-22,11.43,11.49,11.39,11.46
1948-09-23,11.46,11.46,11.4,11.44
1948-09-24,11.44,11.49,11.42,11.47
1948-09-27,11.31,11.31,11.15,11.17
1948-09-28,11.2,11.31,11.18,11.29
1948-09-29,11.34,11.46,11.34,11.43
1948-09-30,11.43,11.47,11.36,11.39
1948-10-01,11.41,11.53,11.41,11.52
1948-10-02,11.55,11.58,11.55,11.58
1948-10-04,11.59,11.68,11.58,11.65
1948-10-05,11.66,11.67,11.58,11.63
1948-10-06,11.61,11.68,11.59,11.64
1948-10-07,11.65,11.74,11.65,11.71
1948-10-08,11.71,11.75,11.66,11.68
1948-10-09,11.68,11.7,11.66,11.68
1948-10-11,11.66,11.7,11.64,11.68
1948-10-13,11.73,11.85,11.72,11.82
1948-10-14,11.81,11.92,11.8,11.86
1948-10-15,11.83,11.88,11.79,11.84
1948-10-16,11.83,11.87,11.83,11.86
1948-10-18,11.87,11.95,11.85,11.89
1948-10-19,11.9,11.98,11.89,11.96
1948-10-20,11.98,12.03,11.94,12
1948-10-21,12.02,12.06,11.96,12.01
1948-10-22,12,12.22,12,12.2
1948-10-23,12.21,12.27,12.21,12.24
1948-10-25,12.22,12.24,12.11,12.17
1948-10-26,12.16,12.25,12.13,12.18
1948-10-27,12.19,12.22,12.08,12.16
1948-10-28,12.19,12.21,12.05,12.08
1948-10-29,12.07,12.13,12.03,12.11
1948-10-30,12.12,12.15,12.11,12.14
1948-11-01,12.18,12.3,12.17,12.26
1948-11-03,11.73,11.73,11.52,11.69
1948-11-04,11.74,11.93,11.74,11.84
1948-11-05,11.7,11.7,11.3,11.32
1948-11-06,11.35,11.45,11.35,11.38
1948-11-08,11.42,11.48,11.33,11.37
1948-11-09,11.28,11.31,10.99,11.01
1948-11-10,11.03,11.09,10.92,11
1948-11-12,11.01,11.14,11,11.03
1948-11-13,11.06,11.11,11.05,11.08
1948-11-15,11.1,11.24,11.1,11.2
1948-11-16,11.18,11.27,11.14,11.19
1948-11-17,11.17,11.21,11.1,11.16
1948-11-18,11.19,11.24,11.15,11.19
1948-11-19,11.17,11.29,11.16,11.23
1948-11-20,11.22,11.26,11.22,11.24
1948-11-22,11.22,11.25,11.12,11.15
1948-11-23,11.14,11.17,11.07,11.14
1948-11-24,11.09,11.09,10.91,10.93
1948-11-26,10.95,10.99,10.88,10.93
1948-11-27,10.95,10.95,10.91,10.93
1948-11-29,10.9,10.94,10.82,10.84
1948-11-30,10.86,10.89,10.76,10.81
1948-12-01,10.91,11.05,10.91,11
1948-12-02,10.97,11.07,10.97,10.99
1948-12-03,11,11.11,10.97,11.09
1948-12-04,11.11,11.18,11.11,11.18
1948-12-06,11.15,11.21,11.12,11.16
1948-12-07,11.14,11.2,11.09,11.17
1948-12-08,11.16,11.18,11.07,11.14
1948-12-09,11.14,11.18,11.09,11.11
1948-12-10,11.11,11.17,11.08,11.15
1948-12-11,11.16,11.23,11.16,11.23
1948-12-13,11.24,11.3,11.19,11.23
1948-12-14,11.21,11.23,11.12,11.17
1948-12-15,11.13,11.18,11.09,11.11
1948-12-16,11.12,11.15,11.06,11.1
1948-12-17,11.12,11.19,11.09,11.13
1948-12-18,11.14,11.14,11.1,11.12
1948-12-20,11.06,11.17,11.01,11.12
1948-12-21,11.11,11.15,11.05,11.09
1948-12-22,11.09,11.12,11.04,11.09
1948-12-23,11.08,11.14,11.04,11.09
1948-12-24,11.11,11.19,11.07,11.16
1948-12-27,11.12,11.18,11.07,11.12
1948-12-28,11.12,11.12,10.99,11.04
1948-12-29,11.08,11.21,11.07,11.18
1948-12-30,11.16,11.26,11.13,11.18
1948-12-31,11.16,11.2,11.09,11.12
1949-01-03,11.06,11.06,10.9,10.94
1949-01-04,10.96,11.02,10.93,10.99
1949-01-05,10.98,11.13,10.98,11.08
1949-01-06,11.14,11.35,11.14,11.33
1949-01-07,11.36,11.48,11.36,11.41
1949-01-08,11.4,11.43,11.39,11.41
1949-01-10,11.38,11.38,11.28,11.33
1949-01-11,11.3,11.33,11.25,11.32
1949-01-12,11.3,11.36,11.26,11.29
1949-01-13,11.26,11.29,11.21,11.23
1949-01-14,11.2,11.2,11.08,11.12
1949-01-15,11.13,11.17,11.13,11.15
1949-01-17,11.15,11.23,11.08,11.21
1949-01-18,11.18,11.28,11.18,11.21
1949-01-19,11.22,11.27,11.17,11.25
1949-01-20,11.27,11.32,11.22,11.29
1949-01-21,11.29,11.32,11.24,11.27
1949-01-22,11.27,11.3,11.27,11.29
1949-01-24,11.28,11.33,11.21,11.24
1949-01-25,11.22,11.24,11.12,11.15
1949-01-26,11.11,11.21,11.06,11.12
1949-01-27,11.11,11.14,11.03,11.09
1949-01-28,11.09,11.09,10.99,11.05
1949-01-29,11.03,11.07,11.02,11.07
1949-01-31,11.08,11.09,11.02,11.06
1949-02-01,11.06,11.15,11.05,11.14
1949-02-02,11.15,11.18,11.1,11.14
1949-02-03,11.13,11.17,11.09,11.12
1949-02-04,11.09,11.1,10.94,10.95
1949-02-05,10.87,10.87,10.77,10.77
1949-02-07,10.78,10.85,10.67,10.7
1949-02-08,10.7,10.7,10.61,10.66
1949-02-09,10.65,10.75,10.65,10.71
1949-02-10,10.7,10.71,10.55,10.56
1949-02-11,10.58,10.6,10.49,10.55
1949-02-14,10.56,10.64,10.54,10.58
1949-02-15,10.58,10.63,10.53,10.61
1949-02-16,10.61,10.7,10.6,10.66
1949-02-17,10.65,10.78,10.65,10.73
1949-02-18,10.71,10.76,10.66,10.7
1949-02-19,10.69,10.69,10.66,10.67
1949-02-21,10.68,10.69,10.62,10.66
1949-02-23,10.61,10.64,10.54,10.55
1949-02-24,10.5,10.5,10.4,10.42
1949-02-25,10.41,10.44,10.36,10.39
1949-02-26,10.4,10.44,10.4,10.43
1949-02-28,10.46,10.57,10.46,10.55
1949-03-01,10.56,10.64,10.56,10.62
1949-03-02,10.61,10.61,10.55,10.58
1949-03-03,10.57,10.6,10.53,10.57
1949-03-04,10.59,10.6,10.51,10.58
1949-03-05,10.6,10.68,10.58,10.68
1949-03-07,10.66,10.72,10.63,10.71
1949-03-08,10.7,10.76,10.68,10.73
1949-03-09,10.72,10.73,10.67,10.7
1949-03-10,10.72,10.74,10.67,10.71
1949-03-11,10.75,10.83,10.75,10.81
1949-03-12,10.81,10.84,10.81,10.84
1949-03-14,10.84,10.88,10.8,10.84
1949-03-15,10.82,10.82,10.74,10.77
1949-03-16,10.76,10.76,10.69,10.73
1949-03-17,10.71,10.78,10.7,10.76
1949-03-18,10.73,10.76,10.7,10.73
1949-03-19,10.71,10.71,10.68,10.7
1949-03-21,10.71,10.74,10.66,10.68
1949-03-22,10.65,10.67,10.57,10.6
1949-03-23,10.64,10.75,10.62,10.73
1949-03-24,10.73,10.8,10.72,10.74
1949-03-25,10.72,10.72,10.65,10.68
1949-03-26,10.68,10.69,10.66,10.68
1949-03-28,10.69,10.75,10.67,10.7
1949-03-29,10.81,10.94,10.81,10.91
1949-03-30,10.89,10.94,10.85,10.9
1949-03-31,10.87,10.87,10.77,10.79
1949-04-01,10.74,10.74,10.68,10.7
1949-04-02,10.7,10.74,10.7,10.74
1949-04-04,10.74,10.79,10.7,10.72
1949-04-05,10.68,10.75,10.64,10.7
1949-04-06,10.69,10.72,10.64,10.67
1949-04-07,10.72,10.73,10.64,10.68
1949-04-08,10.68,10.72,10.64,10.7
1949-04-09,10.71,10.73,10.71,10.73
1949-04-11,10.73,10.74,10.67,10.71
1949-04-12,10.71,10.76,10.65,10.73
1949-04-13,10.74,10.78,10.45,10.72
1949-04-14,10.71,10.74,10.68,10.7
1949-04-16,10.71,10.74,10.71,10.74
1949-04-18,10.74,10.78,10.71,10.75
1949-04-19,10.73,10.76,10.68,10.71
1949-04-20,10.74,10.74,10.65,10.67
1949-04-21,10.63,10.63,10.49,10.49
1949-04-22,10.46,10.5,10.43,10.48
1949-04-23,10.48,10.52,10.48,10.5
1949-04-25,10.47,10.51,10.43,10.46
1949-04-26,10.47,10.53,10.44,10.51
1949-04-27,10.48,10.54,10.46,10.51
1949-04-28,10.5,10.5,10.43,10.45
1949-04-29,10.45,10.49,10.43,10.46
1949-04-30,10.48,10.49,10.46,10.48
1949-05-02,10.49,10.54,10.47,10.51
1949-05-03,10.53,10.58,10.49,10.55
1949-05-04,10.58,10.7,10.58,10.67
1949-05-05,10.68,10.72,10.64,10.66
1949-05-06,10.64,10.64,10.55,10.6
1949-05-07,10.59,10.6,10.57,10.59
1949-05-09,10.58,10.6,10.53,10.56
1949-05-10,10.57,10.57,10.49,10.52
1949-05-11,10.54,10.58,10.5,10.54
1949-05-12,10.52,10.57,10.51,10.55
1949-05-13,10.54,10.59,10.52,10.55
1949-05-14,10.55,10.57,10.55,10.57
1949-05-16,10.56,10.63,10.56,10.6
1949-05-17,10.61,10.63,10.55,10.58
1949-05-18,10.57,10.59,10.52,10.54
1949-05-19,10.53,10.54,10.46,10.48
1949-05-20,10.46,10.47,10.39,10.43
1949-05-21,10.42,10.42,10.4,10.42
1949-05-23,10.38,10.38,10.3,10.31
1949-05-24,10.3,10.31,10.23,10.25
1949-05-25,10.28,10.32,10.23,10.3
1949-05-26,10.28,10.34,10.26,10.29
1949-05-27,10.28,10.29,10.22,10.25
1949-05-31,10.21,10.21,10,10.02
1949-06-01,10.01,10.01,9.89,9.99
1949-06-02,9.97,10.03,9.95,9.98
1949-06-03,9.97,9.98,9.89,9.92
1949-06-06,9.87,9.88,9.7,9.75
1949-06-07,9.76,9.8,9.71,9.76
1949-06-08,9.79,9.86,9.77,9.82
1949-06-09,9.83,9.86,9.79,9.82
1949-06-10,9.79,9.79,9.71,9.73
1949-06-13,9.68,9.68,9.51,9.55
1949-06-14,9.59,9.64,9.53,9.61
1949-06-15,9.64,9.8,9.64,9.79
1949-06-16,9.79,9.81,9.73,9.75
1949-06-17,9.77,9.79,9.71,9.76
1949-06-20,9.8,9.91,9.78,9.9
1949-06-21,9.89,9.96,9.87,9.9
1949-06-22,9.88,9.89,9.85,9.87
1949-06-23,9.86,9.95,9.86,9.92
1949-06-24,9.92,9.96,9.9,9.93
1949-06-27,9.94,9.98,9.89,9.92
1949-06-28,9.88,9.88,9.77,9.83
1949-06-29,9.84,9.92,9.8,9.89
1949-06-30,9.91,9.98,9.9,9.94
1949-07-01,9.96,10.03,9.93,10.01
1949-07-05,10.01,10.09,10,10.06
1949-07-06,10.09,10.19,10.07,10.19
1949-07-07,10.16,10.2,10.13,10.18
1949-07-08,10.18,10.21,10.14,10.17
1949-07-11,10.18,10.2,10.13,10.17
1949-07-12,10.18,10.25,10.16,10.24
1949-07-13,10.27,10.36,10.26,10.35
1949-07-14,10.34,10.38,10.29,10.36
1949-07-15,10.34,10.35,10.28,10.33
1949-07-18,10.33,10.38,10.31,10.36
1949-07-19,10.38,10.47,10.37,10.45
1949-07-20,10.45,10.5,10.43,10.47
1949-07-21,10.47,10.47,10.4,10.42
1949-07-22,10.42,10.44,10.38,10.41
1949-07-25,10.41,10.5,10.39,10.44
1949-07-26,10.45,10.54,10.43,10.52
1949-07-27,10.51,10.55,10.48,10.52
1949-07-28,10.52,10.53,10.46,10.5
1949-07-29,10.52,10.54,10.46,10.5
1949-08-01,10.5,10.57,10.49,10.55
1949-08-02,10.53,10.59,10.51,10.58
1949-08-03,10.59,10.61,10.54,10.57
1949-08-04,10.56,10.57,10.52,10.55
1949-08-05,10.58,10.72,10.56,10.7
1949-08-08,10.73,10.85,10.73,10.81
1949-08-09,10.77,10.77,10.67,10.71
1949-08-10,10.69,10.78,10.67,10.76
1949-08-11,10.75,10.78,10.69,10.72
1949-08-12,10.71,10.71,10.62,10.66
1949-08-15,10.63,10.66,10.59,10.61
1949-08-16,10.58,10.66,10.56,10.64
1949-08-17,10.66,10.77,10.65,10.75
1949-08-18,10.76,10.82,10.74,10.78
1949-08-19,10.76,10.78,10.69,10.71
1949-08-22,10.72,10.73,10.66,10.68
1949-08-23,10.64,10.64,10.53,10.54
1949-08-24,10.52,10.56,10.49,10.54
1949-08-25,10.56,10.6,10.54,10.57
1949-08-26,10.59,10.64,10.56,10.61
1949-08-29,10.57,10.57,10.47,10.49
1949-08-30,10.5,10.57,10.49,10.55
1949-08-31,10.56,10.58,10.5,10.56
1949-09-01,10.57,10.66,10.55,10.62
1949-09-02,10.61,10.63,10.58,10.6
1949-09-06,10.6,10.63,10.56,10.59
1949-09-07,10.6,10.68,10.58,10.66
1949-09-08,10.65,10.72,10.65,10.68
1949-09-09,10.69,10.71,10.64,10.66
1949-09-12,10.68,10.77,10.68,10.74
1949-09-13,10.78,10.91,10.78,10.89
1949-09-14,10.9,10.95,10.86,10.88
1949-09-15,10.83,10.83,10.73,10.8
1949-09-16,10.82,10.86,10.77,10.83
1949-09-19,10.79,10.79,10.68,10.75
1949-09-20,10.67,10.67,10.48,10.5
1949-09-21,10.53,10.67,10.51,10.65
1949-09-22,10.66,10.74,10.65,10.71
1949-09-23,10.72,10.77,10.69,10.75
1949-09-26,10.74,10.8,10.7,10.72
1949-09-27,10.69,10.69,10.57,10.64
1949-09-28,10.65,10.77,10.65,10.72
1949-09-29,10.71,10.84,10.69,10.78
1949-09-30,10.74,10.79,10.7,10.74
1949-10-01,10.71,10.71,10.68,10.7
1949-10-03,10.71,10.77,10.65,10.75
1949-10-04,10.77,10.87,10.77,10.85
1949-10-05,10.83,10.9,10.82,10.87
1949-10-06,10.88,10.94,10.85,10.91
1949-10-07,10.92,10.93,10.83,10.91
1949-10-08,10.91,10.93,10.9,10.92
1949-10-10,10.91,10.91,10.85,10.89
1949-10-11,10.9,11.01,10.88,10.99
1949-10-13,10.98,11.05,10.96,10.98
1949-10-14,10.96,10.99,10.88,10.94
1949-10-15,10.92,10.94,10.91,10.92
1949-10-17,10.89,10.89,10.76,10.81
1949-10-18,10.8,10.91,10.8,10.88
1949-10-19,10.89,10.96,10.87,10.94
1949-10-20,10.94,10.98,10.88,10.92
1949-10-21,10.9,10.93,10.85,10.88
1949-10-22,10.88,10.9,10.87,10.88
1949-10-24,10.87,10.91,10.83,10.89
1949-10-25,10.87,10.96,10.86,10.94
1949-10-26,10.93,11.03,10.91,11.01
1949-10-27,11,11.11,10.99,11.07
1949-10-28,11.03,11.09,10.98,11.02
1949-10-29,11.04,11.06,11.01,11.05
1949-10-31,11.04,11.08,10.97,10.99
1949-11-01,11,11.12,10.98,11.09
1949-11-02,11.08,11.21,11.08,11.18
1949-11-03,11.2,11.2,11.09,11.15
1949-11-04,11.15,11.15,11.05,11.09
1949-11-05,11.09,11.11,11.07,11.1
1949-11-07,11.08,11.12,11.02,11.05
1949-11-09,11.08,11.16,11.03,11.06
1949-11-10,11.04,11.07,10.99,11.03
1949-11-12,11.01,11.04,11,11.02
1949-11-14,11.02,11.05,10.92,10.95
1949-11-15,10.71,10.83,10.7,10.76
1949-11-16,10.73,10.86,10.72,10.81
1949-11-17,10.78,10.92,10.78,10.89
1949-11-18,10.92,11.05,10.92,11.01
1949-11-19,11.02,11.06,11.02,11.04
1949-11-21,11.03,11.04,10.92,10.96
1949-11-22,10.96,11.04,10.92,11.01
1949-11-23,11.01,11.09,10.98,11.04
1949-11-25,11.01,11.06,10.94,10.97
1949-11-26,10.97,11.02,10.96,10.99
1949-11-28,10.98,11,10.9,10.93
1949-11-29,10.94,10.96,10.85,10.91
1949-11-30,10.93,10.98,10.88,10.93
1949-12-01,10.93,11.01,10.9,10.99
1949-12-02,11.02,11.11,10.98,11.07
1949-12-03,11.11,11.18,11.11,11.16
1949-12-05,11.14,11.21,11.1,11.16
1949-12-06,11.15,11.18,11.1,11.14
1949-12-07,11.19,11.19,11.07,11.16
1949-12-08,11.14,11.21,11.11,11.16
1949-12-09,11.16,11.19,11.1,11.15
1949-12-10,11.15,11.18,11.14,11.17
1949-12-12,11.16,11.27,11.15,11.25
1949-12-13,11.26,11.31,11.2,11.29
1949-12-14,11.27,11.34,11.23,11.31
1949-12-15,11.28,11.34,11.21,11.31
1949-12-16,11.31,11.37,11.24,11.3
1949-12-17,11.27,11.3,11.23,11.28
1949-12-19,11.23,11.3,11.2,11.24
1949-12-20,11.25,11.26,11.17,11.2
1949-12-21,11.21,11.23,11.13,11.17
1949-12-22,11.15,11.29,11.15,11.27
1949-12-23,11.24,11.31,11.21,11.27
1949-12-27,11.26,11.3,11.19,11.22
1949-12-28,11.2,11.31,11.18,11.27
1949-12-29,11.3,11.34,11.25,11.28
1949-12-30,11.29,11.37,11.27,11.35
1949-12-31,11.35,11.36,11.32,11.33
1950-01-03,11.27,11.27,11.27,11.27
1950-01-04,11.39,11.39,11.39,11.39
1950-01-05,11.45,11.45,11.45,11.45
1950-01-06,11.48,11.48,11.48,11.48
1950-01-07,11.56,11.56,11.56,11.56
1950-01-09,11.55,11.55,11.55,11.55
1950-01-10,11.52,11.52,11.52,11.52
1950-01-11,11.56,11.56,11.56,11.56
1950-01-12,11.33,11.33,11.33,11.33
1950-01-13,11.27,11.27,11.27,11.27
1950-01-14,11.26,11.26,11.26,11.26
1950-01-16,11.31,11.31,11.31,11.31
1950-01-17,11.4,11.4,11.4,11.4
1950-01-18,11.39,11.39,11.39,11.39
1950-01-19,11.41,11.41,11.41,11.41
1950-01-20,11.43,11.43,11.43,11.43
1950-01-21,11.45,11.45,11.45,11.45
1950-01-23,11.44,11.44,11.44,11.44
1950-01-24,11.4,11.4,11.4,11.4
1950-01-25,11.32,11.32,11.32,11.32
1950-01-26,11.31,11.31,11.31,11.31
1950-01-27,11.37,11.37,11.37,11.37
1950-01-28,11.43,11.43,11.43,11.43
1950-01-30,11.51,11.51,11.51,11.51
1950-01-31,11.53,11.53,11.53,11.53
1950-02-01,11.53,11.53,11.53,11.53
1950-02-02,11.65,11.65,11.65,11.65
1950-02-03,11.69,11.69,11.69,11.69
1950-02-04,11.73,11.73,11.73,11.73
1950-02-06,11.71,11.71,11.71,11.71
1950-02-07,11.65,11.65,11.65,11.65
1950-02-08,11.63,11.63,11.63,11.63
1950-02-09,11.68,11.68,11.68,11.68
1950-02-10,11.65,11.65,11.65,11.65
1950-02-11,11.63,11.63,11.63,11.63
1950-02-14,11.53,11.53,11.53,11.53
1950-02-15,11.53,11.53,11.53,11.53
1950-02-16,11.49,11.49,11.49,11.49
1950-02-17,11.59,11.59,11.59,11.59
1950-02-18,11.65,11.65,11.65,11.65
1950-02-20,11.63,11.63,11.63,11.63
1950-02-21,11.61,11.61,11.61,11.61
1950-02-23,11.63,11.63,11.63,11.63
1950-02-24,11.68,11.68,11.68,11.68
1950-02-25,11.67,11.67,11.67,11.67
1950-02-27,11.68,11.68,11.68,11.68
1950-02-28,11.64,11.64,11.64,11.64
1950-03-01,11.65,11.65,11.65,11.65
1950-03-02,11.65,11.65,11.65,11.65
1950-03-03,11.69,11.69,11.69,11.69
1950-03-04,11.71,11.71,11.71,11.71
1950-03-06,11.71,11.71,11.71,11.71
1950-03-07,11.63,11.63,11.63,11.63
1950-03-08,11.62,11.62,11.62,11.62
1950-03-09,11.54,11.54,11.54,11.54
1950-03-10,11.55,11.55,11.55,11.55
1950-03-11,11.59,11.59,11.59,11.59
1950-03-13,11.57,11.57,11.57,11.57
1950-03-14,11.66,11.66,11.66,11.66
1950-03-15,11.79,11.79,11.79,11.79
1950-03-16,11.82,11.82,11.82,11.82
1950-03-17,11.79,11.79,11.79,11.79
1950-03-18,11.82,11.82,11.82,11.82
1950-03-20,11.79,11.79,11.79,11.79
1950-03-21,11.79,11.79,11.79,11.79
1950-03-22,11.86,11.86,11.86,11.86
1950-03-23,11.87,11.87,11.87,11.87
1950-03-24,11.87,11.87,11.87,11.87
1950-03-25,11.9,11.9,11.9,11.9
1950-03-27,11.8,11.8,11.8,11.8
1950-03-28,11.85,11.85,11.85,11.85
1950-03-29,11.79,11.79,11.79,11.79
1950-03-30,11.69,11.69,11.69,11.69
1950-03-31,11.69,11.69,11.69,11.69
1950-04-01,11.72,11.72,11.72,11.72
1950-04-03,11.85,11.85,11.85,11.85
1950-04-04,11.86,11.86,11.86,11.86
1950-04-05,11.91,11.91,11.91,11.91
1950-04-06,12.02,12.02,12.02,12.02
1950-04-08,12.04,12.04,12.04,12.04
1950-04-10,12.06,12.06,12.06,12.06
1950-04-11,11.99,11.99,11.99,11.99
1950-04-12,12.12,12.12,12.12,12.12
1950-04-13,12.15,12.15,12.15,12.15
1950-04-14,12.14,12.14,12.14,12.14
1950-04-15,12.07,12.07,12.07,12.07
1950-04-17,12.08,12.08,12.08,12.08
1950-04-18,12.18,12.18,12.18,12.18
1950-04-19,12.2,12.2,12.2,12.2
1950-04-20,12.12,12.12,12.12,12.12
1950-04-21,12.14,12.14,12.14,12.14
1950-04-22,12.13,12.13,12.13,12.13
1950-04-24,12.05,12.05,12.05,12.05
1950-04-25,12.05,12.05,12.05,12.05
1950-04-26,12,12,12,12
1950-04-27,12.07,12.07,12.07,12.07
1950-04-28,12.13,12.13,12.13,12.13
1950-04-29,12.21,12.21,12.21,12.21
1950-05-01,12.31,12.31,12.31,12.31
1950-05-02,12.24,12.24,12.24,12.24
1950-05-03,12.34,12.34,12.34,12.34
1950-05-04,12.24,12.24,12.24,12.24
1950-05-05,12.31,12.31,12.31,12.31
1950-05-06,12.38,12.38,12.38,12.38
1950-05-08,12.34,12.34,12.34,12.34
1950-05-09,12.34,12.34,12.34,12.34
1950-05-10,12.36,12.36,12.36,12.36
1950-05-11,12.36,12.36,12.36,12.36
1950-05-12,12.28,12.28,12.28,12.28
1950-05-13,12.3,12.3,12.3,12.3
1950-05-15,12.34,12.34,12.34,12.34
1950-05-16,12.46,12.46,12.46,12.46
1950-05-17,12.51,12.51,12.51,12.51
1950-05-18,12.54,12.54,12.54,12.54
1950-05-19,12.62,12.62,12.62,12.62
1950-05-20,12.64,12.64,12.64,12.64
1950-05-22,12.56,12.56,12.56,12.56
1950-05-23,12.64,12.64,12.64,12.64
1950-05-24,12.63,12.63,12.63,12.63
1950-05-25,12.63,12.63,12.63,12.63
1950-05-26,12.61,12.61,12.61,12.61
1950-05-27,12.6,12.6,12.6,12.6
1950-05-29,12.65,12.65,12.65,12.65
1950-05-31,12.69,12.69,12.69,12.69
1950-06-01,12.68,12.68,12.68,12.68
1950-06-02,12.69,12.69,12.69,12.69
1950-06-05,12.56,12.56,12.56,12.56
1950-06-06,12.75,12.75,12.75,12.75
1950-06-07,12.79,12.79,12.79,12.79
1950-06-08,12.93,12.93,12.93,12.93
1950-06-09,13.01,13.01,13.01,13.01
1950-06-12,13.1,13.1,13.1,13.1
1950-06-13,13,13,13,13
1950-06-14,12.82,12.82,12.82,12.82
1950-06-15,12.79,12.79,12.79,12.79
1950-06-16,12.81,12.81,12.81,12.81
1950-06-19,12.78,12.78,12.78,12.78
1950-06-20,12.72,12.72,12.72,12.72
1950-06-21,12.83,12.83,12.83,12.83
1950-06-22,12.94,12.94,12.94,12.94
1950-06-23,12.93,12.93,12.93,12.93
1950-06-26,12.23,12.23,12.23,12.23
1950-06-27,12.1,12.1,12.1,12.1
1950-06-28,12.23,12.23,12.23,12.23
1950-06-29,11.78,11.78,11.78,11.78
1950-06-30,11.95,11.95,11.95,11.95
1950-07-03,11.91,11.91,11.91,11.91
1950-07-05,12.03,12.03,12.03,12.03
1950-07-06,12.1,12.1,12.1,12.1
1950-07-07,11.93,11.93,11.93,11.93
1950-07-10,11.88,11.88,11.88,11.88
1950-07-11,11.7,11.7,11.7,11.7
1950-07-12,11.39,11.39,11.39,11.39
1950-07-13,11.27,11.27,11.27,11.27
1950-07-14,11.39,11.39,11.39,11.39
1950-07-17,11.26,11.26,11.26,11.26
1950-07-18,11.52,11.52,11.52,11.52
1950-07-19,11.72,11.72,11.72,11.72
1950-07-20,11.89,11.89,11.89,11.89
1950-07-21,11.88,11.88,11.88,11.88
1950-07-24,11.8,11.8,11.8,11.8
1950-07-25,11.63,11.63,11.63,11.63
1950-07-26,11.66,11.66,11.66,11.66
1950-07-27,11.82,11.82,11.82,11.82
1950-07-28,11.95,11.95,11.95,11.95
1950-07-31,12.05,12.05,12.05,12.05
1950-08-01,12.17,12.17,12.17,12.17
1950-08-02,12.12,12.12,12.12,12.12
1950-08-03,12.15,12.15,12.15,12.15
1950-08-04,12.25,12.25,12.25,12.25
1950-08-07,12.43,12.43,12.43,12.43
1950-08-08,12.46,12.46,12.46,12.46
1950-08-09,12.57,12.57,12.57,12.57
1950-08-10,12.48,12.48,12.48,12.48
1950-08-11,12.34,12.34,12.34,12.34
1950-08-14,12.35,12.35,12.35,12.35
1950-08-15,12.37,12.37,12.37,12.37
1950-08-16,12.38,12.38,12.38,12.38
1950-08-17,12.52,12.52,12.52,12.52
1950-08-18,12.61,12.61,12.61,12.61
1950-08-21,12.63,12.63,12.63,12.63
1950-08-22,12.61,12.61,12.61,12.61
1950-08-23,12.71,12.71,12.71,12.71
1950-08-24,12.69,12.69,12.69,12.69
1950-08-25,12.52,12.52,12.52,12.52
1950-08-28,12.51,12.51,12.51,12.51
1950-08-29,12.52,12.52,12.52,12.52
1950-08-30,12.44,12.44,12.44,12.44
1950-08-31,12.44,12.44,12.44,12.44
1950-09-01,12.52,12.52,12.52,12.52
1950-09-05,12.61,12.61,12.61,12.61
1950-09-06,12.52,12.52,12.52,12.52
1950-09-07,12.55,12.55,12.55,12.55
1950-09-08,12.66,12.66,12.66,12.66
1950-09-11,12.56,12.56,12.56,12.56
1950-09-12,12.74,12.74,12.74,12.74
1950-09-13,12.89,12.89,12.89,12.89
1950-09-14,12.95,12.95,12.95,12.95
1950-09-15,13.02,13.02,13.02,13.02
1950-09-18,13.08,13.08,13.08,13.08
1950-09-19,13.04,13.04,13.04,13.04
1950-09-20,12.97,12.97,12.97,12.97
1950-09-21,13.07,13.07,13.07,13.07
1950-09-22,13.12,13.12,13.12,13.12
1950-09-25,13.11,13.11,13.11,13.11
1950-09-26,12.92,12.92,12.92,12.92
1950-09-27,13.1,13.1,13.1,13.1
1950-09-28,13.11,13.11,13.11,13.11
1950-09-29,13.13,13.13,13.13,13.13
1950-10-02,13.29,13.29,13.29,13.29
1950-10-03,13.27,13.27,13.27,13.27
1950-10-04,13.5,13.5,13.5,13.5
1950-10-05,13.43,13.43,13.43,13.43
1950-10-06,13.58,13.58,13.58,13.58
1950-10-07,13.61,13.61,13.61,13.61
1950-10-09,13.5,13.5,13.5,13.5
1950-10-10,13.35,13.35,13.35,13.35
1950-10-11,13.4,13.4,13.4,13.4
1950-10-13,13.4,13.4,13.4,13.4
1950-10-14,13.3,13.3,13.3,13.3
1950-10-16,13.3,13.3,13.3,13.3
1950-10-17,13.42,13.42,13.42,13.42
1950-10-18,13.51,13.51,13.51,13.51
1950-10-19,13.51,13.51,13.51,13.51
1950-10-20,13.47,13.47,13.47,13.47
1950-10-21,13.51,13.51,13.51,13.51
1950-10-23,13.47,13.47,13.47,13.47
1950-10-24,13.55,13.55,13.55,13.55
1950-10-25,13.53,13.53,13.53,13.53
1950-10-26,13.23,13.23,13.23,13.23
1950-10-27,13.34,13.34,13.34,13.34
1950-10-28,13.36,13.36,13.36,13.36
1950-10-30,13.23,13.23,13.23,13.23
1950-10-31,13.18,13.18,13.18,13.18
1950-11-01,13.2,13.2,13.2,13.2
1950-11-02,13.31,13.31,13.31,13.31
1950-11-03,13.39,13.39,13.39,13.39
1950-11-04,13.35,13.35,13.35,13.35
1950-11-06,13.06,13.06,13.06,13.06
1950-11-08,13.2,13.2,13.2,13.2
1950-11-09,13.36,13.36,13.36,13.36
1950-11-10,13.46,13.46,13.46,13.46
1950-11-13,13.5,13.5,13.5,13.5
1950-11-14,13.4,13.4,13.4,13.4
1950-11-15,13.37,13.37,13.37,13.37
1950-11-16,13.31,13.31,13.31,13.31
1950-11-17,13.4,13.4,13.4,13.4
1950-11-18,13.46,13.46,13.46,13.46
1950-11-20,13.45,13.45,13.45,13.45
1950-11-21,13.41,13.41,13.41,13.41
1950-11-22,13.6,13.6,13.6,13.6
1950-11-24,13.71,13.71,13.71,13.71
1950-11-25,13.68,13.68,13.68,13.68
1950-11-27,13.62,13.62,13.62,13.62
1950-11-28,13.2,13.2,13.2,13.2
1950-11-29,13.07,13.07,13.07,13.07
1950-11-30,13.16,13.16,13.16,13.16
1950-12-01,13.27,13.27,13.27,13.27
1950-12-02,13.18,13.18,13.18,13.18
1950-12-04,12.82,12.82,12.82,12.82
1950-12-05,13.03,13.03,13.03,13.03
1950-12-06,13.12,13.12,13.12,13.12
1950-12-07,13.09,13.09,13.09,13.09
1950-12-08,13.09,13.09,13.09,13.09
1950-12-09,13.16,13.16,13.16,13.16
1950-12-11,13.3,13.3,13.3,13.3
1950-12-12,13.28,13.28,13.28,13.28
1950-12-13,13.27,13.27,13.27,13.27
1950-12-14,13.11,13.11,13.11,13.11
1950-12-15,13.04,13.04,13.04,13.04
1950-12-16,13.25,13.25,13.25,13.25
1950-12-18,13.39,13.39,13.39,13.39
1950-12-19,13.46,13.46,13.46,13.46
1950-12-20,13.47,13.47,13.47,13.47
1950-12-21,13.48,13.48,13.48,13.48
1950-12-22,13.54,13.54,13.54,13.54
1950-12-26,13.44,13.44,13.44,13.44
1950-12-27,13.69,13.69,13.69,13.69
1950-12-28,13.75,13.75,13.75,13.75
1950-12-29,13.78,13.78,13.78,13.78
1950-12-30,13.77,13.77,13.77,13.77
1951-01-02,14.01,14.01,14.01,14.01
1951-01-03,13.96,13.96,13.96,13.96
1951-01-04,14.08,14.08,14.08,14.08
1951-01-05,14.08,14.08,14.08,14.08
1951-01-06,14.08,14.08,14.08,14.08
1951-01-08,14.16,14.16,14.16,14.16
1951-01-09,14.24,14.24,14.24,14.24
1951-01-10,14.06,14.06,14.06,14.06
1951-01-11,14.29,14.29,14.29,14.29
1951-01-12,14.23,14.23,14.23,14.23
1951-01-13,14.23,14.23,14.23,14.23
1951-01-15,14.36,14.36,14.36,14.36
1951-01-16,14.47,14.47,14.47,14.47
1951-01-17,14.53,14.53,14.53,14.53
1951-01-18,14.43,14.43,14.43,14.43
1951-01-19,14.4,14.4,14.4,14.4
1951-01-20,14.43,14.43,14.43,14.43
1951-01-22,14.28,14.28,14.28,14.28
1951-01-23,14.33,14.33,14.33,14.33
1951-01-24,14.26,14.26,14.26,14.26
1951-01-25,14.18,14.18,14.18,14.18
1951-01-26,14.33,14.33,14.33,14.33
1951-01-27,14.51,14.51,14.51,14.51
1951-01-29,14.61,14.61,14.61,14.61
1951-01-30,14.65,14.65,14.65,14.65
1951-01-31,14.6,14.6,14.6,14.6
1951-02-01,14.67,14.67,14.67,14.67
1951-02-02,14.8,14.8,14.8,14.8
1951-02-03,14.88,14.88,14.88,14.88
1951-02-05,14.96,14.96,14.96,14.96
1951-02-06,14.9,14.9,14.9,14.9
1951-02-07,14.82,14.82,14.82,14.82
1951-02-08,14.88,14.88,14.88,14.88
1951-02-09,14.94,14.94,14.94,14.94
1951-02-10,14.96,14.96,14.96,14.96
1951-02-13,14.94,14.94,14.94,14.94
1951-02-14,14.9,14.9,14.9,14.9
1951-02-15,14.82,14.82,14.82,14.82
1951-02-16,14.91,14.91,14.91,14.91
1951-02-17,14.92,14.92,14.92,14.92
1951-02-19,14.7,14.7,14.7,14.7
1951-02-20,14.68,14.68,14.68,14.68
1951-02-21,14.72,14.72,14.72,14.72
1951-02-23,14.76,14.76,14.76,14.76
1951-02-24,14.79,14.79,14.79,14.79
1951-02-26,14.77,14.77,14.77,14.77
1951-02-27,14.65,14.65,14.65,14.65
1951-02-28,14.68,14.68,14.68,14.68
1951-03-01,14.71,14.71,14.71,14.71
1951-03-02,14.77,14.77,14.77,14.77
1951-03-03,14.77,14.77,14.77,14.77
1951-03-05,14.67,14.67,14.67,14.67
1951-03-06,14.67,14.67,14.67,14.67
1951-03-07,14.72,14.72,14.72,14.72
1951-03-08,14.78,14.78,14.78,14.78
1951-03-09,14.78,14.78,14.78,14.78
1951-03-10,14.75,14.75,14.75,14.75
1951-03-12,14.61,14.61,14.61,14.61
1951-03-13,14.41,14.41,14.41,14.41
1951-03-14,14.3,14.3,14.3,14.3
1951-03-15,14.33,14.33,14.33,14.33
1951-03-16,14.56,14.56,14.56,14.56
1951-03-17,14.59,14.59,14.59,14.59
1951-03-19,14.51,14.51,14.51,14.51
1951-03-20,14.48,14.48,14.48,14.48
1951-03-21,14.56,14.56,14.56,14.56
1951-03-22,14.62,14.62,14.62,14.62
1951-03-24,14.45,14.45,14.45,14.45
1951-03-26,14.49,14.49,14.49,14.49
1951-03-27,14.47,14.47,14.47,14.47
1951-03-28,14.3,14.3,14.3,14.3
1951-03-29,14.35,14.35,14.35,14.35
1951-03-30,14.45,14.45,14.45,14.45
1951-03-31,14.4,14.4,14.4,14.4
1951-04-02,14.34,14.34,14.34,14.34
1951-04-03,14.3,14.3,14.3,14.3
1951-04-04,14.4,14.4,14.4,14.4
1951-04-05,14.59,14.59,14.59,14.59
1951-04-06,14.61,14.61,14.61,14.61
1951-04-07,14.58,14.58,14.58,14.58
1951-04-09,14.58,14.58,14.58,14.58
1951-04-10,14.56,14.56,14.56,14.56
1951-04-11,14.55,14.55,14.55,14.55
1951-04-12,14.68,14.68,14.68,14.68
1951-04-13,14.86,14.86,14.86,14.86
1951-04-14,14.93,14.93,14.93,14.93
1951-04-16,14.82,14.82,14.82,14.82
1951-04-17,14.86,14.86,14.86,14.86
1951-04-18,14.88,14.88,14.88,14.88
1951-04-19,14.82,14.82,14.82,14.82
1951-04-20,14.82,14.82,14.82,14.82
1951-04-21,14.83,14.83,14.83,14.83
1951-04-23,14.82,14.82,14.82,14.82
1951-04-24,14.76,14.76,14.76,14.76
1951-04-25,14.77,14.77,14.77,14.77
1951-04-26,14.9,14.9,14.9,14.9
1951-04-27,15.05,15.05,15.05,15.05
1951-04-28,15.08,15.08,15.08,15.08
1951-04-30,15.08,15.08,15.08,15.08
1951-05-01,15.14,15.14,15.14,15.14
1951-05-02,15.2,15.2,15.2,15.2
1951-05-03,15.33,15.33,15.33,15.33
1951-05-04,15.3,15.3,15.3,15.3
1951-05-05,15.25,15.25,15.25,15.25
1951-05-07,15.21,15.21,15.21,15.21
1951-05-08,15.2,15.2,15.2,15.2
1951-05-09,15.21,15.21,15.21,15.21
1951-05-10,15.13,15.13,15.13,15.13
1951-05-11,15.01,15.01,15.01,15.01
1951-05-12,14.93,14.93,14.93,14.93
1951-05-14,14.9,14.9,14.9,14.9
1951-05-15,14.62,14.62,14.62,14.62
1951-05-16,14.57,14.57,14.57,14.57
1951-05-17,14.72,14.72,14.72,14.72
1951-05-18,14.45,14.45,14.45,14.45
1951-05-19,14.48,14.48,14.48,14.48
1951-05-21,14.42,14.42,14.42,14.42
1951-05-22,14.35,14.35,14.35,14.35
1951-05-23,14.21,14.21,14.21,14.21
1951-05-24,14.14,14.14,14.14,14.14
1951-05-25,14.12,14.12,14.12,14.12
1951-05-26,14.16,14.16,14.16,14.16
1951-05-28,14.24,14.24,14.24,14.24
1951-05-29,14.34,14.34,14.34,14.34
1951-05-31,14.45,14.45,14.45,14.45
1951-06-01,14.43,14.43,14.43,14.43
1951-06-04,14.26,14.26,14.26,14.26
1951-06-05,14.32,14.32,14.32,14.32
1951-06-06,14.42,14.42,14.42,14.42
1951-06-07,14.48,14.48,14.48,14.48
1951-06-08,14.43,14.43,14.43,14.43
1951-06-11,14.51,14.51,14.51,14.51
1951-06-12,14.45,14.45,14.45,14.45
1951-06-13,14.47,14.47,14.47,14.47
1951-06-14,14.66,14.66,14.66,14.66
1951-06-15,14.8,14.8,14.8,14.8
1951-06-18,14.8,14.8,14.8,14.8
1951-06-19,14.78,14.78,14.78,14.78
1951-06-20,14.71,14.71,14.71,14.71
1951-06-21,14.62,14.62,14.62,14.62
1951-06-22,14.46,14.46,14.46,14.46
1951-06-25,14.29,14.29,14.29,14.29
1951-06-26,14.3,14.3,14.3,14.3
1951-06-27,14.34,14.34,14.34,14.34
1951-06-28,14.16,14.16,14.16,14.16
1951-06-29,14.07,14.07,14.07,14.07
1951-07-02,14.16,14.16,14.16,14.16
1951-07-03,14.25,14.25,14.25,14.25
1951-07-05,14.52,14.52,14.52,14.52
1951-07-06,14.52,14.52,14.52,14.52
1951-07-09,14.58,14.58,14.58,14.58
1951-07-10,14.51,14.51,14.51,14.51
1951-07-11,14.55,14.55,14.55,14.55
1951-07-12,14.63,14.63,14.63,14.63
1951-07-13,14.75,14.75,14.75,14.75
1951-07-16,14.58,14.58,14.58,14.58
1951-07-17,14.71,14.71,14.71,14.71
1951-07-18,14.68,14.68,14.68,14.68
1951-07-19,14.65,14.65,14.65,14.65
1951-07-20,14.68,14.68,14.68,14.68
1951-07-23,14.82,14.82,14.82,14.82
1951-07-24,15.05,15.05,15.05,15.05
1951-07-25,14.97,14.97,14.97,14.97
1951-07-26,15.07,15.07,15.07,15.07
1951-07-27,15.11,15.11,15.11,15.11
1951-07-30,15.18,15.18,15.18,15.18
1951-07-31,15.02,15.02,15.02,15.02
1951-08-01,15.09,15.09,15.09,15.09
1951-08-02,15.3,15.3,15.3,15.3
1951-08-03,15.32,15.32,15.32,15.32
1951-08-06,15.43,15.43,15.43,15.43
1951-08-07,15.44,15.44,15.44,15.44
1951-08-08,15.37,15.37,15.37,15.37
1951-08-09,15.31,15.31,15.31,15.31
1951-08-10,15.28,15.28,15.28,15.28
1951-08-13,15.29,15.29,15.29,15.29
1951-08-14,15.22,15.22,15.22,15.22
1951-08-15,15.28,15.28,15.28,15.28
1951-08-16,15.33,15.33,15.33,15.33
1951-08-17,15.38,15.38,15.38,15.38
1951-08-20,15.37,15.37,15.37,15.37
1951-08-21,15.3,15.3,15.3,15.3
1951-08-22,15.25,15.25,15.25,15.25
1951-08-23,15.35,15.35,15.35,15.35
1951-08-24,15.33,15.33,15.33,15.33
1951-08-27,15.31,15.31,15.31,15.31
1951-08-28,15.35,15.35,15.35,15.35
1951-08-29,15.47,15.47,15.47,15.47
1951-08-30,15.57,15.57,15.57,15.57
1951-08-31,15.6,15.6,15.6,15.6
1951-09-04,15.6,15.6,15.6,15.6
1951-09-05,15.69,15.69,15.69,15.69
1951-09-06,15.72,15.72,15.72,15.72
1951-09-07,15.76,15.76,15.76,15.76
1951-09-10,15.82,15.82,15.82,15.82
1951-09-11,15.74,15.74,15.74,15.74
1951-09-12,15.81,15.81,15.81,15.81
1951-09-13,15.88,15.88,15.88,15.88
1951-09-14,15.87,15.87,15.87,15.87
1951-09-17,15.82,15.82,15.82,15.82
1951-09-18,15.8,15.8,15.8,15.8
1951-09-19,15.8,15.8,15.8,15.8
1951-09-20,15.79,15.79,15.79,15.79
1951-09-21,15.67,15.67,15.67,15.67
1951-09-24,15.6,15.6,15.6,15.6
1951-09-25,15.66,15.66,15.66,15.66
1951-09-26,15.67,15.67,15.67,15.67
1951-09-27,15.58,15.58,15.58,15.58
1951-09-28,15.57,15.57,15.57,15.57
1951-10-01,15.71,15.71,15.71,15.71
1951-10-02,15.83,15.83,15.83,15.83
1951-10-03,15.93,15.93,15.93,15.93
1951-10-04,15.88,15.88,15.88,15.88
1951-10-05,15.92,15.92,15.92,15.92
1951-10-06,15.91,15.91,15.91,15.91
1951-10-08,15.9,15.9,15.9,15.9
1951-10-09,15.83,15.83,15.83,15.83
1951-10-10,15.8,15.8,15.8,15.8
1951-10-11,15.86,15.86,15.86,15.86
1951-10-13,15.93,15.93,15.93,15.93
1951-10-15,15.96,15.96,15.96,15.96
1951-10-16,15.91,15.91,15.91,15.91
1951-10-17,15.86,15.86,15.86,15.86
1951-10-18,15.84,15.84,15.84,15.84
1951-10-19,15.61,15.61,15.61,15.61
1951-10-20,15.48,15.48,15.48,15.48
1951-10-22,15.22,15.22,15.22,15.22
1951-10-23,15.28,15.28,15.28,15.28
1951-10-24,15.41,15.41,15.41,15.41
1951-10-25,15.36,15.36,15.36,15.36
1951-10-26,15.26,15.26,15.26,15.26
1951-10-27,15.02,15.02,15.02,15.02
1951-10-29,15.18,15.18,15.18,15.18
1951-10-30,15.16,15.16,15.16,15.16
1951-10-31,15.35,15.35,15.35,15.35
1951-11-01,15.45,15.45,15.45,15.45
1951-11-02,15.34,15.34,15.34,15.34
1951-11-03,15.21,15.21,15.21,15.21
1951-11-05,15.26,15.26,15.26,15.26
1951-11-07,15.04,15.04,15.04,15.04
1951-11-08,15.03,15.03,15.03,15.03
1951-11-09,15.22,15.22,15.22,15.22
1951-11-10,15.31,15.31,15.31,15.31
1951-11-13,15.24,15.24,15.24,15.24
1951-11-14,15.28,15.28,15.28,15.28
1951-11-15,15.27,15.27,15.27,15.27
1951-11-16,15.26,15.26,15.26,15.26
1951-11-17,15.27,15.27,15.27,15.27
1951-11-19,15.2,15.2,15.2,15.2
1951-11-20,15.16,15.16,15.16,15.16
1951-11-21,15.14,15.14,15.14,15.14
1951-11-23,14.98,14.98,14.98,14.98
1951-11-24,14.91,14.91,14.91,14.91
1951-11-26,14.99,14.99,14.99,14.99
1951-11-27,15.15,15.15,15.15,15.15
1951-11-28,15.12,15.12,15.12,15.12
1951-11-29,15.15,15.15,15.15,15.15
1951-11-30,15.29,15.29,15.29,15.29
1951-12-01,15.33,15.33,15.33,15.33
1951-12-03,15.38,15.38,15.38,15.38
1951-12-04,15.47,15.47,15.47,15.47
1951-12-05,15.42,15.42,15.42,15.42
1951-12-06,15.6,15.6,15.6,15.6
1951-12-07,15.62,15.62,15.62,15.62
1951-12-08,15.64,15.64,15.64,15.64
1951-12-10,15.65,15.65,15.65,15.65
1951-12-11,15.57,15.57,15.57,15.57
1951-12-12,15.62,15.62,15.62,15.62
1951-12-13,15.63,15.63,15.63,15.63
1951-12-14,15.62,15.62,15.62,15.62
1951-12-15,15.61,15.61,15.61,15.61
1951-12-17,15.64,15.64,15.64,15.64
1951-12-18,15.69,15.69,15.69,15.69
1951-12-19,15.75,15.75,15.75,15.75
1951-12-20,15.75,15.75,15.75,15.75
1951-12-21,15.71,15.71,15.71,15.71
1951-12-22,15.72,15.72,15.72,15.72
1951-12-24,15.72,15.72,15.72,15.72
1951-12-26,15.66,15.66,15.66,15.66
1951-12-27,15.8,15.8,15.8,15.8
1951-12-28,15.82,15.82,15.82,15.82
1951-12-29,15.82,15.82,15.82,15.82
1951-12-31,15.88,15.88,15.88,15.88
1952-01-02,15.89,15.89,15.89,15.89
1952-01-03,15.94,15.94,15.94,15.94
1952-01-04,15.96,15.96,15.96,15.96
1952-01-05,15.97,15.97,15.97,15.97
1952-01-07,15.94,15.94,15.94,15.94
1952-01-08,15.88,15.88,15.88,15.88
1952-01-09,15.82,15.82,15.82,15.82
1952-01-10,15.89,15.89,15.89,15.89
1952-01-11,15.97,15.97,15.97,15.97
1952-01-12,16.02,16.02,16.02,16.02
1952-01-14,16.08,16.08,16.08,16.08
1952-01-15,16.01,16.01,16.01,16.01
1952-01-16,16.02,16.02,16.02,16.02
1952-01-17,16.09,16.09,16.09,16.09
1952-01-18,16.12,16.12,16.12,16.12
1952-01-19,16.16,16.16,16.16,16.16
1952-01-21,16.25,16.25,16.25,16.25
1952-01-22,16.37,16.37,16.37,16.37
1952-01-23,16.29,16.29,16.29,16.29
1952-01-24,16.3,16.3,16.3,16.3
1952-01-25,16.28,16.28,16.28,16.28
1952-01-26,16.3,16.3,16.3,16.3
1952-01-28,16.31,16.31,16.31,16.31
1952-01-29,16.28,16.28,16.28,16.28
1952-01-30,16.05,16.05,16.05,16.05
1952-01-31,15.99,15.99,15.99,15.99
1952-02-01,16.09,16.09,16.09,16.09
1952-02-02,16.15,16.15,16.15,16.15
1952-02-04,15.96,15.96,15.96,15.96
1952-02-05,15.95,15.95,15.95,15.95
1952-02-06,15.99,15.99,15.99,15.99
1952-02-07,15.94,15.94,15.94,15.94
1952-02-08,16.02,16.02,16.02,16.02
1952-02-09,16.02,16.02,16.02,16.02
1952-02-11,15.92,15.92,15.92,15.92
1952-02-13,15.79,15.79,15.79,15.79
1952-02-14,15.75,15.75,15.75,15.75
1952-02-15,15.74,15.74,15.74,15.74
1952-02-16,15.72,15.72,15.72,15.72
1952-02-18,15.65,15.65,15.65,15.65
1952-02-19,15.39,15.39,15.39,15.39
1952-02-20,15.21,15.21,15.21,15.21
1952-02-21,15.25,15.25,15.25,15.25
1952-02-23,15.38,15.38,15.38,15.38
1952-02-25,15.29,15.29,15.29,15.29
1952-02-26,15.23,15.23,15.23,15.23
1952-02-27,15.25,15.25,15.25,15.25
1952-02-28,15.31,15.31,15.31,15.31
1952-02-29,15.29,15.29,15.29,15.29
1952-03-01,15.3,15.3,15.3,15.3
1952-03-03,15.3,15.3,15.3,15.3
1952-03-04,15.55,15.55,15.55,15.55
1952-03-05,15.56,15.56,15.56,15.56
1952-03-06,15.55,15.55,15.55,15.55
1952-03-07,15.56,15.56,15.56,15.56
1952-03-08,15.59,15.59,15.59,15.59
1952-03-10,15.47,15.47,15.47,15.47
1952-03-11,15.48,15.48,15.48,15.48
1952-03-12,15.55,15.55,15.55,15.55
1952-03-13,15.56,15.56,15.56,15.56
1952-03-14,15.55,15.55,15.55,15.55
1952-03-15,15.6,15.6,15.6,15.6
1952-03-17,15.65,15.65,15.65,15.65
1952-03-18,15.61,15.61,15.61,15.61
1952-03-19,15.58,15.58,15.58,15.58
1952-03-20,15.62,15.62,15.62,15.62
1952-03-21,15.64,15.64,15.64,15.64
1952-03-22,15.64,15.64,15.64,15.64
1952-03-24,15.63,15.63,15.63,15.63
1952-03-25,15.53,15.53,15.53,15.53
1952-03-26,15.52,15.52,15.52,15.52
1952-03-27,15.65,15.65,15.65,15.65
1952-03-28,15.77,15.77,15.77,15.77
1952-03-29,15.87,15.87,15.87,15.87
1952-03-31,15.88,15.88,15.88,15.88
1952-04-01,15.76,15.76,15.76,15.76
1952-04-02,15.71,15.71,15.71,15.71
1952-04-03,15.71,15.71,15.71,15.71
1952-04-04,15.64,15.64,15.64,15.64
1952-04-05,15.62,15.62,15.62,15.62
1952-04-07,15.48,15.48,15.48,15.48
1952-04-08,15.55,15.55,15.55,15.55
1952-04-09,15.56,15.56,15.56,15.56
1952-04-10,15.67,15.67,15.67,15.67
1952-04-12,15.69,15.69,15.69,15.69
1952-04-14,15.56,15.56,15.56,15.56
1952-04-15,15.36,15.36,15.36,15.36
1952-04-16,15.31,15.31,15.31,15.31
1952-04-17,15.19,15.19,15.19,15.19
1952-04-18,15.24,15.24,15.24,15.24
1952-04-19,15.25,15.25,15.25,15.25
1952-04-21,15.36,15.36,15.36,15.36
1952-04-22,15.28,15.28,15.28,15.28
1952-04-23,15.21,15.21,15.21,15.21
1952-04-24,15.18,15.18,15.18,15.18
1952-04-25,15.24,15.24,15.24,15.24
1952-04-26,15.26,15.26,15.26,15.26
1952-04-28,15.24,15.24,15.24,15.24
1952-04-29,15.2,15.2,15.2,15.2
1952-04-30,15.08,15.08,15.08,15.08
1952-05-01,14.98,14.98,14.98,14.98
1952-05-02,15.23,15.23,15.23,15.23
1952-05-03,15.24,15.24,15.24,15.24
1952-05-05,15.28,15.28,15.28,15.28
1952-05-06,15.28,15.28,15.28,15.28
1952-05-07,15.37,15.37,15.37,15.37
1952-05-08,15.39,15.39,15.39,15.39
1952-05-09,15.38,15.38,15.38,15.38
1952-05-10,15.35,15.35,15.35,15.35
1952-05-12,15.31,15.31,15.31,15.31
1952-05-13,15.32,15.32,15.32,15.32
1952-05-14,15.26,15.26,15.26,15.26
1952-05-15,15.2,15.2,15.2,15.2
1952-05-16,15.17,15.17,15.17,15.17
1952-05-17,15.16,15.16,15.16,15.16
1952-05-19,15.19,15.19,15.19,15.19
1952-05-20,15.27,15.27,15.27,15.27
1952-05-21,15.29,15.29,15.29,15.29
1952-05-22,15.37,15.37,15.37,15.37
1952-05-23,15.35,15.35,15.35,15.35
1952-05-24,15.35,15.35,15.35,15.35
1952-05-26,15.37,15.37,15.37,15.37
1952-05-27,15.33,15.33,15.33,15.33
1952-05-28,15.3,15.3,15.3,15.3
1952-05-29,15.31,15.31,15.31,15.31
1952-06-02,15.27,15.27,15.27,15.27
1952-06-03,15.25,15.25,15.25,15.25
1952-06-04,15.35,15.35,15.35,15.35
1952-06-05,15.44,15.44,15.44,15.44
1952-06-06,15.54,15.54,15.54,15.54
1952-06-09,15.61,15.61,15.61,15.61
1952-06-10,15.51,15.51,15.51,15.51
1952-06-11,15.56,15.56,15.56,15.56
1952-06-12,15.55,15.55,15.55,15.55
1952-06-13,15.59,15.59,15.59,15.59
1952-06-16,15.54,15.54,15.54,15.54
1952-06-17,15.55,15.55,15.55,15.55
1952-06-18,15.61,15.61,15.61,15.61
1952-06-19,15.66,15.66,15.66,15.66
1952-06-20,15.7,15.7,15.7,15.7
1952-06-23,15.68,15.68,15.68,15.68
1952-06-24,15.7,15.7,15.7,15.7
1952-06-25,15.73,15.73,15.73,15.73
1952-06-26,15.78,15.78,15.78,15.78
1952-06-27,15.83,15.83,15.83,15.83
1952-06-30,15.91,15.91,15.91,15.91
1952-07-01,16,16,16,16
1952-07-02,15.96,15.96,15.96,15.96
1952-07-03,15.95,15.95,15.95,15.95
1952-07-07,15.89,15.89,15.89,15.89
1952-07-08,15.88,15.88,15.88,15.88
1952-07-09,15.81,15.81,15.81,15.81
1952-07-10,15.78,15.78,15.78,15.78
1952-07-11,15.88,15.88,15.88,15.88
1952-07-14,15.91,15.91,15.91,15.91
1952-07-15,15.99,15.99,15.99,15.99
1952-07-16,15.98,15.98,15.98,15.98
1952-07-17,15.91,15.91,15.91,15.91
1952-07-18,15.77,15.77,15.77,15.77
1952-07-21,15.83,15.83,15.83,15.83
1952-07-22,15.86,15.86,15.86,15.86
1952-07-23,15.92,15.92,15.92,15.92
1952-07-24,16,16,16,16
1952-07-25,15.95,15.95,15.95,15.95
1952-07-28,15.97,15.97,15.97,15.97
1952-07-29,16,16,16,16
1952-07-30,16.06,16.06,16.06,16.06
1952-07-31,16.08,16.08,16.08,16.08
1952-08-01,16.11,16.11,16.11,16.11
1952-08-04,16.09,16.09,16.09,16.09
1952-08-05,16.1,16.1,16.1,16.1
1952-08-06,16.08,16.08,16.08,16.08
1952-08-07,16.13,16.13,16.13,16.13
1952-08-08,16.14,16.14,16.14,16.14
1952-08-11,16.12,16.12,16.12,16.12
1952-08-12,15.98,15.98,15.98,15.98
1952-08-13,15.96,15.96,15.96,15.96
1952-08-14,15.95,15.95,15.95,15.95
1952-08-15,15.9,15.9,15.9,15.9
1952-08-18,15.73,15.73,15.73,15.73
1952-08-19,15.69,15.69,15.69,15.69
1952-08-20,15.72,15.72,15.72,15.72
1952-08-21,15.74,15.74,15.74,15.74
1952-08-22,15.74,15.74,15.74,15.74
1952-08-25,15.66,15.66,15.66,15.66
1952-08-26,15.63,15.63,15.63,15.63
1952-08-27,15.69,15.69,15.69,15.69
1952-08-28,15.71,15.71,15.71,15.71
1952-08-29,15.74,15.74,15.74,15.74
1952-09-02,15.81,15.81,15.81,15.81
1952-09-03,15.87,15.87,15.87,15.87
1952-09-04,15.86,15.86,15.86,15.86
1952-09-05,15.84,15.84,15.84,15.84
1952-09-08,15.77,15.77,15.77,15.77
1952-09-09,15.61,15.61,15.61,15.61
1952-09-10,15.49,15.49,15.49,15.49
1952-09-11,15.51,15.51,15.51,15.51
1952-09-12,15.5,15.5,15.5,15.5
1952-09-15,15.33,15.33,15.33,15.33
1952-09-16,15.38,15.38,15.38,15.38
1952-09-17,15.4,15.4,15.4,15.4
1952-09-18,15.35,15.35,15.35,15.35
1952-09-19,15.38,15.38,15.38,15.38
1952-09-22,15.39,15.39,15.39,15.39
1952-09-23,15.46,15.46,15.46,15.46
1952-09-24,15.51,15.51,15.51,15.51
1952-09-25,15.52,15.52,15.52,15.52
1952-09-26,15.46,15.46,15.46,15.46
1952-09-29,15.43,15.43,15.43,15.43
1952-09-30,15.33,15.33,15.33,15.33
1952-10-01,15.29,15.29,15.29,15.29
1952-10-02,15.31,15.31,15.31,15.31
1952-10-03,15.29,15.29,15.29,15.29
1952-10-06,15.25,15.25,15.25,15.25
1952-10-07,15.22,15.22,15.22,15.22
1952-10-08,15.33,15.33,15.33,15.33
1952-10-09,15.32,15.32,15.32,15.32
1952-10-10,15.3,15.3,15.3,15.3
1952-10-14,15.25,15.25,15.25,15.25
1952-10-15,14.99,14.99,14.99,14.99
1952-10-16,14.89,14.89,14.89,14.89
1952-10-17,15.07,15.07,15.07,15.07
1952-10-20,15.02,15.02,15.02,15.02
1952-10-21,14.98,14.98,14.98,14.98
1952-10-22,14.8,14.8,14.8,14.8
1952-10-23,14.84,14.84,14.84,14.84
1952-10-24,14.94,14.94,14.94,14.94
1952-10-27,14.97,14.97,14.97,14.97
1952-10-28,14.99,14.99,14.99,14.99
1952-10-29,15,15,15,15
1952-10-30,14.99,14.99,14.99,14.99
1952-10-31,15.22,15.22,15.22,15.22
1952-11-03,15.26,15.26,15.26,15.26
1952-11-05,15.3,15.3,15.3,15.3
1952-11-06,15.36,15.36,15.36,15.36
1952-11-07,15.36,15.36,15.36,15.36
1952-11-10,15.35,15.35,15.35,15.35
1952-11-12,15.27,15.27,15.27,15.27
1952-11-13,15.3,15.3,15.3,15.3
1952-11-14,15.32,15.32,15.32,15.32
1952-11-17,15.35,15.35,15.35,15.35
1952-11-18,15.57,15.57,15.57,15.57
1952-11-19,15.67,15.67,15.67,15.67
1952-11-20,15.63,15.63,15.63,15.63
1952-11-21,15.62,15.62,15.62,15.62
1952-11-24,15.71,15.71,15.71,15.71
1952-11-25,15.67,15.67,15.67,15.67
1952-11-26,15.76,15.76,15.76,15.76
1952-11-28,15.84,15.84,15.84,15.84
1952-12-01,15.85,15.85,15.85,15.85
1952-12-02,15.88,15.88,15.88,15.88
1952-12-03,15.86,15.86,15.86,15.86
1952-12-04,15.79,15.79,15.79,15.79
1952-12-05,15.79,15.79,15.79,15.79
1952-12-08,15.88,15.88,15.88,15.88
1952-12-09,15.98,15.98,15.98,15.98
1952-12-10,16,16,16,16
1952-12-11,15.99,15.99,15.99,15.99
1952-12-12,16.03,16.03,16.03,16.03
1952-12-15,16.02,16.02,16.02,16.02
1952-12-16,16.04,16.04,16.04,16.04
1952-12-17,16.02,16.02,16.02,16.02
1952-12-18,16,16,16,16
1952-12-19,16.07,16.07,16.07,16.07
1952-12-22,16.16,16.16,16.16,16.16
1952-12-23,16.09,16.09,16.09,16.09
1952-12-24,16.1,16.1,16.1,16.1
1952-12-26,16.11,16.11,16.11,16.11
1952-12-29,16.2,16.2,16.2,16.2
1952-12-30,16.31,16.31,16.31,16.31
1952-12-31,16.3,16.3,16.3,16.3
1953-01-02,16.28,16.28,16.28,16.28
1953-01-05,16.35,16.35,16.35,16.35
1953-01-06,16.24,16.24,16.24,16.24
1953-01-07,16.17,16.17,16.17,16.17
1953-01-08,16.15,16.15,16.15,16.15
1953-01-09,15.99,15.99,15.99,15.99
1953-01-12,15.86,15.86,15.86,15.86
1953-01-13,15.95,15.95,15.95,15.95
1953-01-14,15.99,15.99,15.99,15.99
1953-01-15,16.02,16.02,16.02,16.02
1953-01-16,15.95,15.95,15.95,15.95
1953-01-19,15.94,15.94,15.94,15.94
1953-01-20,16.02,16.02,16.02,16.02
1953-01-21,15.99,15.99,15.99,15.99
1953-01-22,16.01,16.01,16.01,16.01
1953-01-23,15.98,15.98,15.98,15.98
1953-01-26,15.95,15.95,15.95,15.95
1953-01-27,15.96,15.96,15.96,15.96
1953-01-28,16.01,16.01,16.01,16.01
1953-01-29,16.05,16.05,16.05,16.05
1953-01-30,16.16,16.16,16.16,16.16
1953-02-02,16.24,16.24,16.24,16.24
1953-02-03,16.26,16.26,16.26,16.26
1953-02-04,16.19,16.19,16.19,16.19
1953-02-05,16.02,16.02,16.02,16.02
1953-02-06,16.24,16.24,16.24,16.24
1953-02-09,15.74,15.74,15.74,15.74
1953-02-10,15.69,15.69,15.69,15.69
1953-02-11,15.71,15.71,15.71,15.71
1953-02-13,15.77,15.77,15.77,15.77
1953-02-16,15.71,15.71,15.71,15.71
1953-02-17,15.62,15.62,15.62,15.62
1953-02-18,15.6,15.6,15.6,15.6
1953-02-19,15.66,15.66,15.66,15.66
1953-02-20,15.69,15.69,15.69,15.69
1953-02-24,15.77,15.77,15.77,15.77
1953-02-25,15.86,15.86,15.86,15.86
1953-02-26,15.89,15.89,15.89,15.89
1953-02-27,15.86,15.86,15.86,15.86
1953-03-02,15.87,15.87,15.87,15.87
1953-03-03,15.92,15.92,15.92,15.92
1953-03-04,15.78,15.78,15.78,15.78
1953-03-05,15.79,15.79,15.79,15.79
1953-03-06,15.82,15.82,15.82,15.82
1953-03-09,15.81,15.81,15.81,15.81
1953-03-10,15.86,15.86,15.86,15.86
1953-03-11,15.98,15.98,15.98,15.98
1953-03-12,15.99,15.99,15.99,15.99
1953-03-13,16.02,16.02,16.02,16.02
1953-03-16,16.04,16.04,16.04,16.04
1953-03-17,16.11,16.11,16.11,16.11
1953-03-18,16.05,16.05,16.05,16.05
1953-03-19,16.04,16.04,16.04,16.04
1953-03-20,16.02,16.02,16.02,16.02
1953-03-23,15.92,15.92,15.92,15.92
1953-03-24,16.01,16.01,16.01,16.01
1953-03-25,15.96,15.96,15.96,15.96
1953-03-26,15.87,15.87,15.87,15.87
1953-03-27,15.9,15.9,15.9,15.9
1953-03-30,15.66,15.66,15.66,15.66
1953-03-31,15.47,15.47,15.47,15.47
1953-04-01,15.44,15.44,15.44,15.44
1953-04-02,15.43,15.43,15.43,15.43
1953-04-06,15.05,15.05,15.05,15.05
1953-04-07,15.11,15.11,15.11,15.11
1953-04-08,15.24,15.24,15.24,15.24
1953-04-09,15.21,15.21,15.21,15.21
1953-04-10,15.17,15.17,15.17,15.17
1953-04-13,15.14,15.14,15.14,15.14
1953-04-14,15.2,15.2,15.2,15.2
1953-04-15,15.26,15.26,15.26,15.26
1953-04-16,15.23,15.23,15.23,15.23
1953-04-17,15.05,15.05,15.05,15.05
1953-04-20,15.11,15.11,15.11,15.11
1953-04-21,15.08,15.08,15.08,15.08
1953-04-22,14.95,14.95,14.95,14.95
1953-04-23,14.78,14.78,14.78,14.78
1953-04-24,14.79,14.79,14.79,14.79
1953-04-27,14.87,14.87,14.87,14.87
1953-04-28,14.98,14.98,14.98,14.98
1953-04-29,15.08,15.08,15.08,15.08
1953-04-30,15.04,15.04,15.04,15.04
1953-05-01,15.11,15.11,15.11,15.11
1953-05-04,15.27,15.27,15.27,15.27
1953-05-05,15.29,15.29,15.29,15.29
1953-05-06,15.27,15.27,15.27,15.27
1953-05-07,15.21,15.21,15.21,15.21
1953-05-08,15.21,15.21,15.21,15.21
1953-05-11,15.21,15.21,15.21,15.21
1953-05-12,15.11,15.11,15.11,15.11
1953-05-13,15.09,15.09,15.09,15.09
1953-05-14,15.18,15.18,15.18,15.18
1953-05-15,15.17,15.17,15.17,15.17
1953-05-18,15.11,15.11,15.11,15.11
1953-05-19,15.08,15.08,15.08,15.08
1953-05-20,15.22,15.22,15.22,15.22
1953-05-21,15.3,15.3,15.3,15.3
1953-05-22,15.28,15.28,15.28,15.28
1953-05-25,15.26,15.26,15.26,15.26
1953-05-26,15.18,15.18,15.18,15.18
1953-05-27,15.04,15.04,15.04,15.04
1953-05-28,14.93,14.93,14.93,14.93
1953-05-29,14.98,14.98,14.98,14.98
1953-06-01,14.74,14.74,14.74,14.74
1953-06-02,14.78,14.78,14.78,14.78
1953-06-03,14.76,14.76,14.76,14.76
1953-06-04,14.66,14.66,14.66,14.66
1953-06-05,14.7,14.7,14.7,14.7
1953-06-08,14.65,14.65,14.65,14.65
1953-06-09,14.4,14.4,14.4,14.4
1953-06-10,14.36,14.36,14.36,14.36
1953-06-11,14.49,14.49,14.49,14.49
1953-06-12,14.53,14.53,14.53,14.53
1953-06-15,14.41,14.41,14.41,14.41
1953-06-16,14.37,14.37,14.37,14.37
1953-06-17,14.55,14.55,14.55,14.55
1953-06-18,14.54,14.54,14.54,14.54
1953-06-19,14.54,14.54,14.54,14.54
1953-06-22,14.61,14.61,14.61,14.61
1953-06-23,14.71,14.71,14.71,14.71
1953-06-24,14.69,14.69,14.69,14.69
1953-06-25,14.75,14.75,14.75,14.75
1953-06-26,14.76,14.76,14.76,14.76
1953-06-29,14.72,14.72,14.72,14.72
1953-06-30,14.72,14.72,14.72,14.72
1953-07-01,14.78,14.78,14.78,14.78
1953-07-02,14.82,14.82,14.82,14.82
1953-07-03,14.85,14.85,14.85,14.85
1953-07-06,14.86,14.86,14.86,14.86
1953-07-07,14.94,14.94,14.94,14.94
1953-07-08,14.93,14.93,14.93,14.93
1953-07-09,14.89,14.89,14.89,14.89
1953-07-10,14.88,14.88,14.88,14.88
1953-07-13,14.73,14.73,14.73,14.73
1953-07-14,14.67,14.67,14.67,14.67
1953-07-15,14.72,14.72,14.72,14.72
1953-07-16,14.73,14.73,14.73,14.73
1953-07-17,14.84,14.84,14.84,14.84
1953-07-20,14.76,14.76,14.76,14.76
1953-07-21,14.72,14.72,14.72,14.72
1953-07-22,14.74,14.74,14.74,14.74
1953-07-23,14.76,14.76,14.76,14.76
1953-07-24,14.76,14.76,14.76,14.76
1953-07-27,14.66,14.66,14.66,14.66
1953-07-28,14.69,14.69,14.69,14.69
1953-07-29,14.78,14.78,14.78,14.78
1953-07-30,14.91,14.91,14.91,14.91
1953-07-31,15.07,15.07,15.07,15.07
1953-08-03,15.13,15.13,15.13,15.13
1953-08-04,15.09,15.09,15.09,15.09
1953-08-05,15.03,15.03,15.03,15.03
1953-08-06,15.1,15.1,15.1,15.1
1953-08-07,15.09,15.09,15.09,15.09
1953-08-10,15.07,15.07,15.07,15.07
1953-08-11,15.05,15.05,15.05,15.05
1953-08-12,15.09,15.09,15.09,15.09
1953-08-13,15.05,15.05,15.05,15.05
1953-08-14,14.99,14.99,14.99,14.99
1953-08-17,14.95,14.95,14.95,14.95
1953-08-18,14.89,14.89,14.89,14.89
1953-08-19,14.8,14.8,14.8,14.8
1953-08-20,14.78,14.78,14.78,14.78
1953-08-21,14.82,14.82,14.82,14.82
1953-08-24,14.66,14.66,14.66,14.66
1953-08-25,14.56,14.56,14.56,14.56
1953-08-26,14.52,14.52,14.52,14.52
1953-08-27,14.47,14.47,14.47,14.47
1953-08-28,14.44,14.44,14.44,14.44
1953-08-31,14.19,14.19,14.19,14.19
1953-09-01,14.25,14.25,14.25,14.25
1953-09-02,14.33,14.33,14.33,14.33
1953-09-03,14.3,14.3,14.3,14.3
1953-09-04,14.34,14.34,14.34,14.34
1953-09-08,14.36,14.36,14.36,14.36
1953-09-09,14.38,14.38,14.38,14.38
1953-09-10,14.24,14.24,14.24,14.24
1953-09-11,14.07,14.07,14.07,14.07
1953-09-14,13.81,13.81,13.81,13.81
1953-09-15,13.93,13.93,13.93,13.93
1953-09-16,13.99,13.99,13.99,13.99
1953-09-17,14.03,14.03,14.03,14.03
1953-09-18,13.95,13.95,13.95,13.95
1953-09-21,13.91,13.91,13.91,13.91
1953-09-22,14.1,14.1,14.1,14.1
1953-09-23,14.12,14.12,14.12,14.12
1953-09-24,14.13,14.13,14.13,14.13
1953-09-25,14.16,14.16,14.16,14.16
1953-09-28,14.25,14.25,14.25,14.25
1953-09-29,14.28,14.28,14.28,14.28
1953-09-30,14.19,14.19,14.19,14.19
1953-10-01,14.28,14.28,14.28,14.28
1953-10-02,14.34,14.34,14.34,14.34
1953-10-05,14.27,14.27,14.27,14.27
1953-10-06,14.21,14.21,14.21,14.21
1953-10-07,14.33,14.33,14.33,14.33
1953-10-08,14.35,14.35,14.35,14.35
1953-10-09,14.38,14.38,14.38,14.38
1953-10-13,14.32,14.32,14.32,14.32
1953-10-14,14.39,14.39,14.39,14.39
1953-10-15,14.55,14.55,14.55,14.55
1953-10-16,14.66,14.66,14.66,14.66
1953-10-19,14.68,14.68,14.68,14.68
1953-10-20,14.68,14.68,14.68,14.68
1953-10-21,14.69,14.69,14.69,14.69
1953-10-22,14.76,14.76,14.76,14.76
1953-10-23,14.79,14.79,14.79,14.79
1953-10-26,14.76,14.76,14.76,14.76
1953-10-27,14.73,14.73,14.73,14.73
1953-10-28,14.75,14.75,14.75,14.75
1953-10-29,14.93,14.93,14.93,14.93
1953-10-30,14.9,14.9,14.9,14.9
1953-11-02,14.97,14.97,14.97,14.97
1953-11-04,14.88,14.88,14.88,14.88
1953-11-05,14.96,14.96,14.96,14.96
1953-11-06,14.94,14.94,14.94,14.94
1953-11-09,14.97,14.97,14.97,14.97
1953-11-10,14.79,14.79,14.79,14.79
1953-11-12,14.85,14.85,14.85,14.85
1953-11-13,14.89,14.89,14.89,14.89
1953-11-16,14.8,14.8,14.8,14.8
1953-11-17,14.72,14.72,14.72,14.72
1953-11-18,14.74,14.74,14.74,14.74
1953-11-19,14.81,14.81,14.81,14.81
1953-11-20,14.83,14.83,14.83,14.83
1953-11-23,14.78,14.78,14.78,14.78
1953-11-24,14.87,14.87,14.87,14.87
1953-11-25,14.88,14.88,14.88,14.88
1953-11-27,14.96,14.96,14.96,14.96
1953-11-30,15.02,15.02,15.02,15.02
1953-12-01,15.03,15.03,15.03,15.03
1953-12-02,15.13,15.13,15.13,15.13
1953-12-03,15.15,15.15,15.15,15.15
1953-12-04,15.15,15.15,15.15,15.15
1953-12-07,15.13,15.13,15.13,15.13
1953-12-08,15.08,15.08,15.08,15.08
1953-12-09,15.06,15.06,15.06,15.06
1953-12-10,15.03,15.03,15.03,15.03
1953-12-11,15.01,15.01,15.01,15.01
1953-12-14,14.97,14.97,14.97,14.97
1953-12-15,14.98,14.98,14.98,14.98
1953-12-16,15.13,15.13,15.13,15.13
1953-12-17,15.12,15.12,15.12,15.12
1953-12-18,15.15,15.15,15.15,15.15
1953-12-21,15.12,15.12,15.12,15.12
1953-12-22,15.01,15.01,15.01,15.01
1953-12-23,14.97,14.97,14.97,14.97
1953-12-24,15.03,15.03,15.03,15.03
1953-12-28,14.98,14.98,14.98,14.98
1953-12-29,14.88,14.88,14.88,14.88
1953-12-30,15.01,15.01,15.01,15.01
1953-12-31,15.04,15.04,15.04,15.04
1954-01-04,15.12,15.12,15.12,15.12
1954-01-05,15.21,15.21,15.21,15.21
1954-01-06,15.24,15.24,15.24,15.24
1954-01-07,15.19,15.19,15.19,15.19
1954-01-08,15.11,15.11,15.11,15.11
1954-01-11,15.03,15.03,15.03,15.03
1954-01-12,15.11,15.11,15.11,15.11
1954-01-13,15.2,15.2,15.2,15.2
1954-01-14,15.27,15.27,15.27,15.27
1954-01-15,15.42,15.42,15.42,15.42
1954-01-18,15.42,15.42,15.42,15.42
1954-01-19,15.57,15.57,15.57,15.57
1954-01-20,15.61,15.61,15.61,15.61
1954-01-21,15.64,15.64,15.64,15.64
1954-01-22,15.68,15.68,15.68,15.68
1954-01-25,15.72,15.72,15.72,15.72
1954-01-26,15.82,15.82,15.82,15.82
1954-01-27,15.77,15.77,15.77,15.77
1954-01-28,15.78,15.78,15.78,15.78
1954-01-29,15.82,15.82,15.82,15.82
1954-02-01,15.76,15.76,15.76,15.76
1954-02-02,15.72,15.72,15.72,15.72
1954-02-03,15.78,15.78,15.78,15.78
1954-02-04,15.89,15.89,15.89,15.89
1954-02-05,15.95,15.95,15.95,15.95
1954-02-08,15.91,15.91,15.91,15.91
1954-02-09,15.88,15.88,15.88,15.88
1954-02-10,15.86,15.86,15.86,15.86
1954-02-11,15.81,15.81,15.81,15.81
1954-02-12,15.85,15.85,15.85,15.85
1954-02-15,15.8,15.8,15.8,15.8
1954-02-16,15.66,15.66,15.66,15.66
1954-02-17,15.69,15.69,15.69,15.69
1954-02-18,15.69,15.69,15.69,15.69
1954-02-19,15.73,15.73,15.73,15.73
1954-02-23,15.68,15.68,15.68,15.68
1954-02-24,15.68,15.68,15.68,15.68
1954-02-25,15.73,15.73,15.73,15.73
1954-02-26,15.87,15.87,15.87,15.87
1954-03-01,15.93,15.93,15.93,15.93
1954-03-02,15.98,15.98,15.98,15.98
1954-03-03,15.98,15.98,15.98,15.98
1954-03-04,16.03,16.03,16.03,16.03
1954-03-05,16.1,16.1,16.1,16.1
1954-03-08,16.06,16.06,16.06,16.06
1954-03-09,16.09,16.09,16.09,16.09
1954-03-10,16.13,16.13,16.13,16.13
1954-03-11,16.21,16.21,16.21,16.21
1954-03-12,16.21,16.21,16.21,16.21
1954-03-15,16.13,16.13,16.13,16.13
1954-03-16,16.13,16.13,16.13,16.13
1954-03-17,16.17,16.17,16.17,16.17
1954-03-18,16.23,16.23,16.23,16.23
1954-03-19,16.28,16.28,16.28,16.28
1954-03-22,16.27,16.27,16.27,16.27
1954-03-23,16.16,16.16,16.16,16.16
1954-03-24,16.08,16.08,16.08,16.08
1954-03-25,16.05,16.05,16.05,16.05
1954-03-26,16.13,16.13,16.13,16.13
1954-03-29,16.2,16.2,16.2,16.2
1954-03-30,16.21,16.21,16.21,16.21
1954-03-31,16.37,16.37,16.37,16.37
1954-04-01,16.51,16.51,16.51,16.51
1954-04-02,16.53,16.53,16.53,16.53
1954-04-05,16.56,16.56,16.56,16.56
1954-04-06,16.41,16.41,16.41,16.41
1954-04-07,16.47,16.47,16.47,16.47
1954-04-08,16.64,16.64,16.64,16.64
1954-04-09,16.64,16.64,16.64,16.64
1954-04-12,16.75,16.75,16.75,16.75
1954-04-13,16.8,16.8,16.8,16.8
1954-04-14,16.93,16.93,16.93,16.93
1954-04-15,16.98,16.98,16.98,16.98
1954-04-19,16.87,16.87,16.87,16.87
1954-04-20,16.87,16.87,16.87,16.87
1954-04-21,16.8,16.8,16.8,16.8
1954-04-22,16.83,16.83,16.83,16.83
1954-04-23,16.89,16.89,16.89,16.89
1954-04-26,16.95,16.95,16.95,16.95
1954-04-27,16.85,16.85,16.85,16.85
1954-04-28,16.88,16.88,16.88,16.88
1954-04-29,17.13,17.13,17.13,17.13
1954-04-30,17.18,17.18,17.18,17.18
1954-05-03,17.15,17.15,17.15,17.15
1954-05-04,17.2,17.2,17.2,17.2
1954-05-05,17.2,17.2,17.2,17.2
1954-05-06,17.34,17.34,17.34,17.34
1954-05-07,17.43,17.43,17.43,17.43
1954-05-10,17.41,17.41,17.41,17.41
1954-05-11,17.33,17.33,17.33,17.33
1954-05-12,17.47,17.47,17.47,17.47
1954-05-13,17.37,17.37,17.37,17.37
1954-05-14,17.52,17.52,17.52,17.52
1954-05-17,17.54,17.54,17.54,17.54
1954-05-18,17.55,17.55,17.55,17.55
1954-05-19,17.47,17.47,17.47,17.47
1954-05-20,17.53,17.53,17.53,17.53
1954-05-21,17.64,17.64,17.64,17.64
1954-05-24,17.64,17.64,17.64,17.64
1954-05-25,17.6,17.6,17.6,17.6
1954-05-26,17.75,17.75,17.75,17.75
1954-05-27,17.68,17.68,17.68,17.68
1954-05-28,17.76,17.76,17.76,17.76
1954-06-01,17.77,17.77,17.77,17.77
1954-06-02,17.75,17.75,17.75,17.75
1954-06-03,17.74,17.74,17.74,17.74
1954-06-04,17.71,17.71,17.71,17.71
1954-06-07,17.65,17.65,17.65,17.65
1954-06-08,17.25,17.25,17.25,17.25
1954-06-09,17.14,17.14,17.14,17.14
1954-06-10,17.25,17.25,17.25,17.25
1954-06-11,17.4,17.4,17.4,17.4
1954-06-14,17.42,17.42,17.42,17.42
1954-06-15,17.55,17.55,17.55,17.55
1954-06-16,17.68,17.68,17.68,17.68
1954-06-17,17.63,17.63,17.63,17.63
1954-06-18,17.68,17.68,17.68,17.68
1954-06-21,17.7,17.7,17.7,17.7
1954-06-22,17.71,17.71,17.71,17.71
1954-06-23,17.74,17.74,17.74,17.74
1954-06-24,17.82,17.82,17.82,17.82
1954-06-25,17.78,17.78,17.78,17.78
1954-06-28,17.83,17.83,17.83,17.83
1954-06-29,17.93,17.93,17.93,17.93
1954-06-30,17.79,17.79,17.79,17.79
1954-07-01,17.79,17.79,17.79,17.79
1954-07-02,18.02,18.02,18.02,18.02
1954-07-06,18.23,18.23,18.23,18.23
1954-07-07,18.24,18.24,18.24,18.24
1954-07-08,18.24,18.24,18.24,18.24
1954-07-09,18.36,18.36,18.36,18.36
1954-07-12,18.35,18.35,18.35,18.35
1954-07-13,18.29,18.29,18.29,18.29
1954-07-14,18.34,18.34,18.34,18.34
1954-07-15,18.4,18.4,18.4,18.4
1954-07-16,18.32,18.32,18.32,18.32
1954-07-19,18.27,18.27,18.27,18.27
1954-07-20,18.18,18.18,18.18,18.18
1954-07-21,18.3,18.3,18.3,18.3
1954-07-22,18.45,18.45,18.45,18.45
1954-07-23,18.47,18.47,18.47,18.47
1954-07-26,18.49,18.49,18.49,18.49
1954-07-27,18.6,18.6,18.6,18.6
1954-07-28,18.64,18.64,18.64,18.64
1954-07-29,18.71,18.71,18.71,18.71
1954-07-30,18.82,18.82,18.82,18.82
1954-08-02,18.89,18.89,18.89,18.89
1954-08-03,18.86,18.86,18.86,18.86
1954-08-04,18.84,18.84,18.84,18.84
1954-08-05,18.76,18.76,18.76,18.76
1954-08-06,18.52,18.52,18.52,18.52
1954-08-09,18.37,18.37,18.37,18.37
1954-08-10,18.52,18.52,18.52,18.52
1954-08-11,18.73,18.73,18.73,18.73
1954-08-12,18.66,18.66,18.66,18.66
1954-08-13,18.74,18.74,18.74,18.74
1954-08-16,18.94,18.94,18.94,18.94
1954-08-17,18.98,18.98,18.98,18.98
1954-08-18,18.96,18.96,18.96,18.96
1954-08-19,19.01,19.01,19.01,19.01
1954-08-20,19.04,19.04,19.04,19.04
1954-08-23,18.91,18.91,18.91,18.91
1954-08-24,18.83,18.83,18.83,18.83
1954-08-25,18.7,18.7,18.7,18.7
1954-08-26,18.65,18.65,18.65,18.65
1954-08-27,18.71,18.71,18.71,18.71
1954-08-30,18.52,18.52,18.52,18.52
1954-08-31,18.2,18.2,18.2,18.2
1954-09-01,18.33,18.33,18.33,18.33
1954-09-02,18.47,18.47,18.47,18.47
1954-09-03,18.61,18.61,18.61,18.61
1954-09-07,18.71,18.71,18.71,18.71
1954-09-08,18.72,18.72,18.72,18.72
1954-09-09,18.76,18.76,18.76,18.76
1954-09-10,18.82,18.82,18.82,18.82
1954-09-13,19,19,19,19
1954-09-14,19.09,19.09,19.09,19.09
1954-09-15,19.1,19.1,19.1,19.1
1954-09-16,19.2,19.2,19.2,19.2
1954-09-17,19.36,19.36,19.36,19.36
1954-09-20,19.27,19.27,19.27,19.27
1954-09-21,19.41,19.41,19.41,19.41
1954-09-22,19.54,19.54,19.54,19.54
1954-09-23,19.65,19.65,19.65,19.65
1954-09-24,19.78,19.78,19.78,19.78
1954-09-27,19.86,19.86,19.86,19.86
1954-09-28,19.96,19.96,19.96,19.96
1954-09-29,19.85,19.85,19.85,19.85
1954-09-30,19.73,19.73,19.73,19.73
1954-10-01,19.72,19.72,19.72,19.72
1954-10-04,19.83,19.83,19.83,19.83
1954-10-05,19.93,19.93,19.93,19.93
1954-10-06,20.01,20.01,20.01,20.01
1954-10-07,19.97,19.97,19.97,19.97
1954-10-08,19.96,19.96,19.96,19.96
1954-10-11,19.8,19.8,19.8,19.8
1954-10-12,19.72,19.72,19.72,19.72
1954-10-13,19.71,19.71,19.71,19.71
1954-10-14,19.48,19.48,19.48,19.48
1954-10-15,19.37,19.37,19.37,19.37
1954-10-18,19.45,19.45,19.45,19.45
1954-10-19,19.5,19.5,19.5,19.5
1954-10-20,19.66,19.66,19.66,19.66
1954-10-21,19.63,19.63,19.63,19.63
1954-10-22,19.64,19.64,19.64,19.64
1954-10-25,19.53,19.53,19.53,19.53
1954-10-26,19.52,19.52,19.52,19.52
1954-10-27,19.57,19.57,19.57,19.57
1954-10-28,19.48,19.48,19.48,19.48
1954-10-29,19.36,19.36,19.36,19.36
1954-11-01,19.43,19.43,19.43,19.43
1954-11-03,19.83,19.83,19.83,19.83
1954-11-04,20.06,20.06,20.06,20.06
1954-11-05,20,20,20,20
1954-11-08,20.19,20.19,20.19,20.19
1954-11-09,20.27,20.27,20.27,20.27
1954-11-10,20.29,20.29,20.29,20.29
1954-11-11,20.46,20.46,20.46,20.46
1954-11-12,20.51,20.51,20.51,20.51
1954-11-15,20.47,20.47,20.47,20.47
1954-11-16,20.53,20.53,20.53,20.53
1954-11-17,20.57,20.57,20.57,20.57
1954-11-18,20.45,20.45,20.45,20.45
1954-11-19,20.46,20.46,20.46,20.46
1954-11-22,20.54,20.54,20.54,20.54
1954-11-23,20.81,20.81,20.81,20.81
1954-11-24,20.93,20.93,20.93,20.93
1954-11-26,21.13,21.13,21.13,21.13
1954-11-29,21.13,21.13,21.13,21.13
1954-11-30,20.95,20.95,20.95,20.95
1954-12-01,20.79,20.79,20.79,20.79
1954-12-02,20.91,20.91,20.91,20.91
1954-12-03,21.1,21.1,21.1,21.1
1954-12-06,21.27,21.27,21.27,21.27
1954-12-07,21.37,21.37,21.37,21.37
1954-12-08,21.33,21.33,21.33,21.33
1954-12-09,21.23,21.23,21.23,21.23
1954-12-10,21.15,21.15,21.15,21.15
1954-12-13,21.17,21.17,21.17,21.17
1954-12-14,21.02,21.02,21.02,21.02
1954-12-15,21.15,21.15,21.15,21.15
1954-12-16,21.38,21.38,21.38,21.38
1954-12-17,21.98,21.98,21.98,21.98
1954-12-20,21.62,21.62,21.62,21.62
1954-12-21,21.66,21.66,21.66,21.66
1954-12-22,21.63,21.63,21.63,21.63
1954-12-23,21.65,21.65,21.65,21.65
1954-12-27,21.47,21.47,21.47,21.47
1954-12-28,21.69,21.69,21.69,21.69
1954-12-29,21.88,21.88,21.88,21.88
1954-12-30,21.88,21.88,21.88,21.88
1954-12-31,22.03,22.03,22.03,22.03
1955-01-03,22.5,22.5,22.5,22.5
1955-01-04,22.29,22.29,22.29,22.29
1955-01-05,21.74,21.74,21.74,21.74
1955-01-06,21.44,21.44,21.44,21.44
1955-01-07,21.61,21.61,21.61,21.61
1955-01-10,21.89,21.89,21.89,21.89
1955-01-11,21.82,21.82,21.82,21.82
1955-01-12,21.75,21.75,21.75,21.75
1955-01-13,21.66,21.66,21.66,21.66
1955-01-14,21.57,21.57,21.57,21.57
1955-01-17,21.13,21.13,21.13,21.13
1955-01-18,21.26,21.26,21.26,21.26
1955-01-19,21.36,21.36,21.36,21.36
1955-01-20,21.46,21.46,21.46,21.46
1955-01-21,21.64,21.64,21.64,21.64
1955-01-24,21.69,21.69,21.69,21.69
1955-01-25,21.68,21.68,21.68,21.68
1955-01-26,21.94,21.94,21.94,21.94
1955-01-27,21.96,21.96,21.96,21.96
1955-01-28,22.08,22.08,22.08,22.08
1955-01-31,22.35,22.35,22.35,22.35
1955-02-01,22.4,22.4,22.4,22.4
1955-02-02,22.33,22.33,22.33,22.33
1955-02-03,22.22,22.22,22.22,22.22
1955-02-04,22.53,22.53,22.53,22.53
1955-02-07,22.53,22.53,22.53,22.53
1955-02-08,22.22,22.22,22.22,22.22
1955-02-09,22.39,22.39,22.39,22.39
1955-02-10,22.59,22.59,22.59,22.59
1955-02-11,22.63,22.63,22.63,22.63
1955-02-14,22.47,22.47,22.47,22.47
1955-02-15,22.46,22.46,22.46,22.46
1955-02-16,22.39,22.39,22.39,22.39
1955-02-17,22.43,22.43,22.43,22.43
1955-02-18,22.45,22.45,22.45,22.45
1955-02-21,22.42,22.42,22.42,22.42
1955-02-23,22.4,22.4,22.4,22.4
1955-02-24,22.28,22.28,22.28,22.28
1955-02-25,22.24,22.24,22.24,22.24
1955-02-28,22.35,22.35,22.35,22.35
1955-03-01,22.39,22.39,22.39,22.39
1955-03-02,22.58,22.58,22.58,22.58
1955-03-03,22.66,22.66,22.66,22.66
1955-03-04,22.8,22.8,22.8,22.8
1955-03-07,22.65,22.65,22.65,22.65
1955-03-08,22.22,22.22,22.22,22.22
1955-03-09,22,22,22,22
1955-03-10,22.14,22.14,22.14,22.14
1955-03-11,21.75,21.75,21.75,21.75
1955-03-14,21.22,21.22,21.22,21.22
1955-03-15,21.68,21.68,21.68,21.68
1955-03-16,21.84,21.84,21.84,21.84
1955-03-17,21.92,21.92,21.92,21.92
1955-03-18,21.95,21.95,21.95,21.95
1955-03-21,21.81,21.81,21.81,21.81
1955-03-22,21.93,21.93,21.93,21.93
1955-03-23,22.22,22.22,22.22,22.22
1955-03-24,22.39,22.39,22.39,22.39
1955-03-25,22.4,22.4,22.4,22.4
1955-03-28,22.32,22.32,22.32,22.32
1955-03-29,22.33,22.33,22.33,22.33
1955-03-30,22.12,22.12,22.12,22.12
1955-03-31,22.16,22.16,22.16,22.16
1955-04-01,22.38,22.38,22.38,22.38
1955-04-04,22.3,22.3,22.3,22.3
1955-04-05,22.39,22.39,22.39,22.39
1955-04-06,22.5,22.5,22.5,22.5
1955-04-07,22.6,22.6,22.6,22.6
1955-04-11,22.66,22.66,22.66,22.66
1955-04-12,22.79,22.79,22.79,22.79
1955-04-13,22.81,22.81,22.81,22.81
1955-04-14,22.86,22.86,22.86,22.86
1955-04-15,22.95,22.95,22.95,22.95
1955-04-18,23.14,23.14,23.14,23.14
1955-04-19,23.1,23.1,23.1,23.1
1955-04-20,23.14,23.14,23.14,23.14
1955-04-21,23.16,23.16,23.16,23.16
1955-04-22,22.96,22.96,22.96,22.96
1955-04-25,23.02,23.02,23.02,23.02
1955-04-26,23.14,23.14,23.14,23.14
1955-04-27,23.01,23.01,23.01,23.01
1955-04-28,22.75,22.75,22.75,22.75
1955-04-29,22.92,22.92,22.92,22.92
1955-05-02,22.96,22.96,22.96,22.96
1955-05-03,22.75,22.75,22.75,22.75
1955-05-04,22.71,22.71,22.71,22.71
1955-05-05,22.82,22.82,22.82,22.82
1955-05-06,22.85,22.85,22.85,22.85
1955-05-09,22.87,22.87,22.87,22.87
1955-05-10,22.82,22.82,22.82,22.82
1955-05-11,22.56,22.56,22.56,22.56
1955-05-12,22.42,22.42,22.42,22.42
1955-05-13,22.56,22.56,22.56,22.56
1955-05-16,22.31,22.31,22.31,22.31
1955-05-17,22.27,22.27,22.27,22.27
1955-05-18,22.46,22.46,22.46,22.46
1955-05-19,22.58,22.58,22.58,22.58
1955-05-20,22.73,22.73,22.73,22.73
1955-05-23,22.57,22.57,22.57,22.57
1955-05-24,22.55,22.55,22.55,22.55
1955-05-25,22.63,22.63,22.63,22.63
1955-05-26,22.78,22.78,22.78,22.78
1955-05-27,22.82,22.82,22.82,22.82
1955-05-31,22.8,22.8,22.8,22.8
1955-06-01,22.83,22.83,22.83,22.83
1955-06-02,22.86,22.86,22.86,22.86
1955-06-03,23.07,23.07,23.07,23.07
1955-06-06,23.86,23.86,23.86,23.86
1955-06-07,24.02,24.02,24.02,24.02
1955-06-08,23.57,23.57,23.57,23.57
1955-06-09,23.44,23.44,23.44,23.44
1955-06-10,23.58,23.58,23.58,23.58
1955-06-13,23.8,23.8,23.8,23.8
1955-06-14,23.82,23.82,23.82,23.82
1955-06-15,23.95,23.95,23.95,23.95
1955-06-16,23.99,23.99,23.99,23.99
1955-06-17,24.07,24.07,24.07,24.07
1955-06-20,24.09,24.09,24.09,24.09
1955-06-21,24.31,24.31,24.31,24.31
1955-06-22,24.36,24.36,24.36,24.36
1955-06-23,24.44,24.44,24.44,24.44
1955-06-24,24.56,24.56,24.56,24.56
1955-06-27,24.58,24.58,24.58,24.58
1955-06-28,24.44,24.44,24.44,24.44
1955-06-29,24.45,24.45,24.45,24.45
1955-06-30,24.59,24.59,24.59,24.59
1955-07-01,24.68,24.68,24.68,24.68
1955-07-05,24.98,24.98,24.98,24.98
1955-07-06,25.86,25.86,25.86,25.86
1955-07-07,25.5,25.5,25.5,25.5
1955-07-08,25.53,25.53,25.53,25.53
1955-07-11,25.59,25.59,25.59,25.59
1955-07-12,25.59,25.59,25.59,25.59
1955-07-13,25.28,25.28,25.28,25.28
1955-07-14,25.28,25.28,25.28,25.28
1955-07-15,25.37,25.37,25.37,25.37
1955-07-18,25.34,25.34,25.34,25.34
1955-07-19,25.18,25.18,25.18,25.18
1955-07-20,25.25,25.25,25.25,25.25
1955-07-21,25.5,25.5,25.5,25.5
1955-07-22,25.71,25.71,25.71,25.71
1955-07-25,25.99,25.99,25.99,25.99
1955-07-26,26.04,26.04,26.04,26.04
1955-07-27,26.15,26.15,26.15,26.15
1955-07-28,25.99,25.99,25.99,25.99
1955-07-29,26,26,26,26
1955-08-01,25.64,25.64,25.64,25.64
1955-08-02,25.69,25.69,25.69,25.69
1955-08-03,25.73,25.73,25.73,25.73
1955-08-04,25.29,25.29,25.29,25.29
1955-08-05,25.4,25.4,25.4,25.4
1955-08-08,25.25,25.25,25.25,25.25
1955-08-09,24.91,24.91,24.91,24.91
1955-08-10,24.9,24.9,24.9,24.9
1955-08-11,25.13,25.13,25.13,25.13
1955-08-12,25.17,25.17,25.17,25.17
1955-08-15,25.14,25.14,25.14,25.14
1955-08-16,24.95,24.95,24.95,24.95
1955-08-17,24.97,24.97,24.97,24.97
1955-08-18,24.93,24.93,24.93,24.93
1955-08-19,25.04,25.04,25.04,25.04
1955-08-22,25.01,25.01,25.01,25.01
1955-08-23,25.34,25.34,25.34,25.34
1955-08-24,25.37,25.37,25.37,25.37
1955-08-25,25.48,25.48,25.48,25.48
1955-08-26,25.59,25.59,25.59,25.59
1955-08-29,25.57,25.57,25.57,25.57
1955-08-30,25.54,25.54,25.54,25.54
1955-08-31,25.69,25.69,25.69,25.69
1955-09-01,25.8,25.8,25.8,25.8
1955-09-02,25.93,25.93,25.93,25.93
1955-09-06,26.08,26.08,26.08,26.08
1955-09-07,26.07,26.07,26.07,26.07
1955-09-08,26.09,26.09,26.09,26.09
1955-09-09,26.09,26.09,26.09,26.09
1955-09-12,26.26,26.26,26.26,26.26
1955-09-13,26.62,26.62,26.62,26.62
1955-09-14,26.73,26.73,26.73,26.73
1955-09-15,26.58,26.58,26.58,26.58
1955-09-16,26.78,26.78,26.78,26.78
1955-09-19,26.82,26.82,26.82,26.82
1955-09-20,26.8,26.8,26.8,26.8
1955-09-21,26.94,26.94,26.94,26.94
1955-09-22,26.94,26.94,26.94,26.94
1955-09-23,27.08,27.08,27.08,27.08
1955-09-26,25.28,25.28,25.28,25.28
1955-09-27,25.85,25.85,25.85,25.85
1955-09-28,26.28,26.28,26.28,26.28
1955-09-29,26.11,26.11,26.11,26.11
1955-09-30,25.89,25.89,25.89,25.89
1955-10-03,25.19,25.19,25.19,25.19
1955-10-04,25.38,25.38,25.38,25.38
1955-10-05,25.48,25.48,25.48,25.48
1955-10-06,25.3,25.3,25.3,25.3
1955-10-07,25.11,25.11,25.11,25.11
1955-10-10,24.38,24.38,24.38,24.38
1955-10-11,24.16,24.16,24.16,24.16
1955-10-12,24.59,24.59,24.59,24.59
1955-10-13,24.5,24.5,24.5,24.5
1955-10-14,24.4,24.4,24.4,24.4
1955-10-17,24.47,24.47,24.47,24.47
1955-10-18,24.65,24.65,24.65,24.65
1955-10-19,24.89,24.89,24.89,24.89
1955-10-20,25.19,25.19,25.19,25.19
1955-10-21,25.19,25.19,25.19,25.19
1955-10-24,25.38,25.38,25.38,25.38
1955-10-25,25.2,25.2,25.2,25.2
1955-10-26,25,25,25,25
1955-10-27,25.02,25.02,25.02,25.02
1955-10-28,25.04,25.04,25.04,25.04
1955-10-31,25.02,25.02,25.02,25.02
1955-11-01,24.98,24.98,24.98,24.98
1955-11-02,25.02,25.02,25.02,25.02
1955-11-03,25.54,25.54,25.54,25.54
1955-11-04,25.96,25.96,25.96,25.96
1955-11-07,26.07,26.07,26.07,26.07
1955-11-09,26.33,26.33,26.33,26.33
1955-11-10,26.39,26.39,26.39,26.39
1955-11-11,26.7,26.7,26.7,26.7
1955-11-14,27.38,27.38,27.38,27.38
1955-11-15,27.26,27.26,27.26,27.26
1955-11-16,27.08,27.08,27.08,27.08
1955-11-17,26.88,26.88,26.88,26.88
1955-11-18,26.85,26.85,26.85,26.85
1955-11-21,26.66,26.66,26.66,26.66
1955-11-22,26.91,26.91,26.91,26.91
1955-11-23,26.94,26.94,26.94,26.94
1955-11-25,26.91,26.91,26.91,26.91
1955-11-28,26.73,26.73,26.73,26.73
1955-11-29,26.84,26.84,26.84,26.84
1955-11-30,26.8,26.8,26.8,26.8
1955-12-01,26.7,26.7,26.7,26.7
1955-12-02,26.75,26.75,26.75,26.75
1955-12-05,26.9,26.9,26.9,26.9
1955-12-06,26.89,26.89,26.89,26.89
1955-12-07,26.8,26.8,26.8,26.8
1955-12-08,26.96,26.96,26.96,26.96
1955-12-09,26.99,26.99,26.99,26.99
1955-12-12,26.71,26.71,26.71,26.71
1955-12-13,26.73,26.73,26.73,26.73
1955-12-14,26.5,26.5,26.5,26.5
1955-12-15,26.49,26.49,26.49,26.49
1955-12-16,26.52,26.52,26.52,26.52
1955-12-19,26.46,26.46,26.46,26.46
1955-12-20,26.41,26.41,26.41,26.41
1955-12-21,26.93,26.93,26.93,26.93
1955-12-22,26.67,26.67,26.67,26.67
1955-12-23,26.72,26.72,26.72,26.72
1955-12-27,26.55,26.55,26.55,26.55
1955-12-28,26.45,26.45,26.45,26.45
1955-12-29,26.5,26.5,26.5,26.5
1955-12-30,26.69,26.69,26.69,26.69
1956-01-03,26.5,26.5,26.5,26.5
1956-01-04,26.41,26.41,26.41,26.41
1956-01-05,26.38,26.38,26.38,26.38
1956-01-06,26.5,26.5,26.5,26.5
1956-01-09,26.13,26.13,26.13,26.13
1956-01-10,25.92,25.92,25.92,25.92
1956-01-11,26.05,26.05,26.05,26.05
1956-01-12,26.27,26.27,26.27,26.27
1956-01-13,26.22,26.22,26.22,26.22
1956-01-16,25.91,25.91,25.91,25.91
1956-01-17,26.11,26.11,26.11,26.11
1956-01-18,25.93,25.93,25.93,25.93
1956-01-19,25.67,25.67,25.67,25.67
1956-01-20,25.38,25.38,25.38,25.38
1956-01-23,25.31,25.31,25.31,25.31
1956-01-24,25.63,25.63,25.63,25.63
1956-01-25,25.67,25.67,25.67,25.67
1956-01-26,25.52,25.52,25.52,25.52
1956-01-27,25.46,25.46,25.46,25.46
1956-01-30,25.55,25.55,25.55,25.55
1956-01-31,25.73,25.73,25.73,25.73
1956-02-01,25.86,25.86,25.86,25.86
1956-02-02,25.97,25.97,25.97,25.97
1956-02-03,26.3,26.3,26.3,26.3
1956-02-06,26.32,26.32,26.32,26.32
1956-02-07,26.2,26.2,26.2,26.2
1956-02-08,25.94,25.94,25.94,25.94
1956-02-09,25.65,25.65,25.65,25.65
1956-02-10,25.64,25.64,25.64,25.64
1956-02-13,25.6,25.6,25.6,25.6
1956-02-14,25.51,25.51,25.51,25.51
1956-02-15,25.87,25.87,25.87,25.87
1956-02-16,25.75,25.75,25.75,25.75
1956-02-17,26.16,26.16,26.16,26.16
1956-02-20,26.12,26.12,26.12,26.12
1956-02-21,26.18,26.18,26.18,26.18
1956-02-23,26.41,26.41,26.41,26.41
1956-02-24,26.63,26.63,26.63,26.63
1956-02-27,26.6,26.6,26.6,26.6
1956-02-28,26.7,26.7,26.7,26.7
1956-02-29,26.64,26.64,26.64,26.64
1956-03-01,26.76,26.76,26.76,26.76
1956-03-02,26.92,26.92,26.92,26.92
1956-03-05,27.07,27.07,27.07,27.07
1956-03-06,27.06,27.06,27.06,27.06
1956-03-07,27.04,27.04,27.04,27.04
1956-03-08,27.11,27.11,27.11,27.11
1956-03-09,27.45,27.45,27.45,27.45
1956-03-12,27.7,27.7,27.7,27.7
1956-03-13,27.66,27.66,27.66,27.66
1956-03-14,27.94,27.94,27.94,27.94
1956-03-15,28.21,28.21,28.21,28.21
1956-03-16,28.3,28.3,28.3,28.3
1956-03-19,28.57,28.57,28.57,28.57
1956-03-20,28.73,28.73,28.73,28.73
1956-03-21,28.36,28.36,28.36,28.36
1956-03-22,28.65,28.65,28.65,28.65
1956-03-23,28.71,28.71,28.71,28.71
1956-03-26,28.59,28.59,28.59,28.59
1956-03-27,28.37,28.37,28.37,28.37
1956-03-28,28.53,28.53,28.53,28.53
1956-03-29,28.51,28.51,28.51,28.51
1956-04-02,28.64,28.64,28.64,28.64
1956-04-03,28.54,28.54,28.54,28.54
1956-04-04,28.7,28.7,28.7,28.7
1956-04-05,28.57,28.57,28.57,28.57
1956-04-06,28.73,28.73,28.73,28.73
1956-04-09,28.59,28.59,28.59,28.59
1956-04-10,28.19,28.19,28.19,28.19
1956-04-11,28.42,28.42,28.42,28.42
1956-04-12,28.25,28.25,28.25,28.25
1956-04-13,28.21,28.21,28.21,28.21
1956-04-16,28.21,28.21,28.21,28.21
1956-04-17,28.2,28.2,28.2,28.2
1956-04-18,28.09,28.09,28.09,28.09
1956-04-19,27.99,27.99,27.99,27.99
1956-04-20,28.1,28.1,28.1,28.1
1956-04-23,28.04,28.04,28.04,28.04
1956-04-24,27.81,27.81,27.81,27.81
1956-04-25,27.71,27.71,27.71,27.71
1956-04-26,27.95,27.95,27.95,27.95
1956-04-27,28.24,28.24,28.24,28.24
1956-04-30,28.47,28.47,28.47,28.47
1956-05-01,28.34,28.34,28.34,28.34
1956-05-02,28.35,28.35,28.35,28.35
1956-05-03,28.45,28.45,28.45,28.45
1956-05-04,28.55,28.55,28.55,28.55
1956-05-07,28.38,28.38,28.38,28.38
1956-05-08,28.26,28.26,28.26,28.26
1956-05-09,28.22,28.22,28.22,28.22
1956-05-10,27.76,27.76,27.76,27.76
1956-05-11,27.74,27.74,27.74,27.74
1956-05-14,27.59,27.59,27.59,27.59
1956-05-15,27.3,27.3,27.3,27.3
1956-05-16,27.11,27.11,27.11,27.11
1956-05-17,27.44,27.44,27.44,27.44
1956-05-18,27.31,27.31,27.31,27.31
1956-05-21,27.08,27.08,27.08,27.08
1956-05-22,26.65,26.65,26.65,26.65
1956-05-23,26.51,26.51,26.51,26.51
1956-05-24,26.26,26.26,26.26,26.26
1956-05-25,26.27,26.27,26.27,26.27
1956-05-28,25.97,25.97,25.97,25.97
1956-05-29,26.57,26.57,26.57,26.57
1956-05-31,26.62,26.62,26.62,26.62
1956-06-01,26.84,26.84,26.84,26.84
1956-06-04,27,27,27,27
1956-06-05,27.01,27.01,27.01,27.01
1956-06-06,26.88,26.88,26.88,26.88
1956-06-07,27.09,27.09,27.09,27.09
1956-06-08,26.59,26.59,26.59,26.59
1956-06-11,26.93,26.93,26.93,26.93
1956-06-12,27.31,27.31,27.31,27.31
1956-06-13,27.34,27.34,27.34,27.34
1956-06-14,27.28,27.28,27.28,27.28
1956-06-15,27.32,27.32,27.32,27.32
1956-06-18,27.2,27.2,27.2,27.2
1956-06-19,27.23,27.23,27.23,27.23
1956-06-20,27.34,27.34,27.34,27.34
1956-06-21,27.53,27.53,27.53,27.53
1956-06-22,27.45,27.45,27.45,27.45
1956-06-25,27.35,27.35,27.35,27.35
1956-06-26,27.53,27.53,27.53,27.53
1956-06-27,27.74,27.74,27.74,27.74
1956-06-28,27.77,27.77,27.77,27.77
1956-06-29,27.68,27.68,27.68,27.68
1956-07-02,27.66,27.66,27.66,27.66
1956-07-03,27.89,27.89,27.89,27.89
1956-07-05,28.17,28.17,28.17,28.17
1956-07-06,28.32,28.32,28.32,28.32
1956-07-09,28.44,28.44,28.44,28.44
1956-07-10,28.61,28.61,28.61,28.61
1956-07-11,28.7,28.7,28.7,28.7
1956-07-12,28.64,28.64,28.64,28.64
1956-07-13,28.72,28.72,28.72,28.72
1956-07-16,28.97,28.97,28.97,28.97
1956-07-17,29.07,29.07,29.07,29.07
1956-07-18,29.07,29.07,29.07,29.07
1956-07-19,29.08,29.08,29.08,29.08
1956-07-20,29.1,29.1,29.1,29.1
1956-07-23,29.09,29.09,29.09,29.09
1956-07-24,29.09,29.09,29.09,29.09
1956-07-25,29.15,29.15,29.15,29.15
1956-07-26,29.18,29.18,29.18,29.18
1956-07-27,28.94,28.94,28.94,28.94
1956-07-30,28.9,28.9,28.9,28.9
1956-07-31,29.13,29.13,29.13,29.13
1956-08-01,29.26,29.26,29.26,29.26
1956-08-02,29.28,29.28,29.28,29.28
1956-08-03,29.28,29.28,29.28,29.28
1956-08-06,28.88,28.88,28.88,28.88
1956-08-07,29,29,29,29
1956-08-08,29.11,29.11,29.11,29.11
1956-08-09,29.09,29.09,29.09,29.09
1956-08-10,28.96,28.96,28.96,28.96
1956-08-13,28.66,28.66,28.66,28.66
1956-08-14,28.32,28.32,28.32,28.32
1956-08-15,28.9,28.9,28.9,28.9
1956-08-16,28.84,28.84,28.84,28.84
1956-08-17,28.8,28.8,28.8,28.8
1956-08-20,28.47,28.47,28.47,28.47
1956-08-21,28.26,28.26,28.26,28.26
1956-08-22,27.98,27.98,27.98,27.98
1956-08-23,28.32,28.32,28.32,28.32
1956-08-24,28.29,28.29,28.29,28.29
1956-08-27,28.12,28.12,28.12,28.12
1956-08-28,28.07,28.07,28.07,28.07
1956-08-29,27.95,27.95,27.95,27.95
1956-08-30,27.7,27.7,27.7,27.7
1956-08-31,28.04,28.04,28.04,28.04
1956-09-04,28.26,28.26,28.26,28.26
1956-09-05,28.34,28.34,28.34,28.34
1956-09-06,28.39,28.39,28.39,28.39
1956-09-07,28.22,28.22,28.22,28.22
1956-09-10,28.07,28.07,28.07,28.07
1956-09-11,27.97,27.97,27.97,27.97
1956-09-12,27.77,27.77,27.77,27.77
1956-09-13,27.21,27.21,27.21,27.21
1956-09-14,27.87,27.87,27.87,27.87
1956-09-17,27.81,27.81,27.81,27.81
1956-09-18,27.62,27.62,27.62,27.62
1956-09-19,27.3,27.3,27.3,27.3
1956-09-20,27.28,27.28,27.28,27.28
1956-09-21,27.5,27.5,27.5,27.5
1956-09-24,27.4,27.4,27.4,27.4
1956-09-25,27.02,27.02,27.02,27.02
1956-09-26,27.06,27.06,27.06,27.06
1956-09-27,26.93,26.93,26.93,26.93
1956-09-28,26.78,26.78,26.78,26.78
1956-10-01,26.4,26.4,26.4,26.4
1956-10-02,26.88,26.88,26.88,26.88
1956-10-03,27.33,27.33,27.33,27.33
1956-10-04,27.34,27.34,27.34,27.34
1956-10-05,27.43,27.43,27.43,27.43
1956-10-08,27.43,27.43,27.43,27.43
1956-10-09,27.29,27.29,27.29,27.29
1956-10-10,27.67,27.67,27.67,27.67
1956-10-11,27.65,27.65,27.65,27.65
1956-10-12,27.77,27.77,27.77,27.77
1956-10-15,27.68,27.68,27.68,27.68
1956-10-16,27.54,27.54,27.54,27.54
1956-10-17,27.33,27.33,27.33,27.33
1956-10-18,27.38,27.38,27.38,27.38
1956-10-19,27.32,27.32,27.32,27.32
1956-10-22,27.32,27.32,27.32,27.32
1956-10-23,27.25,27.25,27.25,27.25
1956-10-24,27.14,27.14,27.14,27.14
1956-10-25,27.09,27.09,27.09,27.09
1956-10-26,27.34,27.34,27.34,27.34
1956-10-29,27.42,27.42,27.42,27.42
1956-10-30,27.4,27.4,27.4,27.4
1956-10-31,26.94,26.94,26.94,26.94
1956-11-01,27.49,27.49,27.49,27.49
1956-11-02,27.77,27.77,27.77,27.77
1956-11-05,28.13,28.13,28.13,28.13
1956-11-07,27.85,27.85,27.85,27.85
1956-11-08,27.62,27.62,27.62,27.62
1956-11-09,27.39,27.39,27.39,27.39
1956-11-12,27.48,27.48,27.48,27.48
1956-11-13,27.35,27.35,27.35,27.35
1956-11-14,27.2,27.2,27.2,27.2
1956-11-15,27.03,27.03,27.03,27.03
1956-11-16,27.04,27.04,27.04,27.04
1956-11-19,26.78,26.78,26.78,26.78
1956-11-20,26.54,26.54,26.54,26.54
1956-11-21,26.41,26.41,26.41,26.41
1956-11-23,26.69,26.69,26.69,26.69
1956-11-26,26.53,26.53,26.53,26.53
1956-11-27,26.56,26.56,26.56,26.56
1956-11-28,26.27,26.27,26.27,26.27
1956-11-29,26.25,26.25,26.25,26.25
1956-11-30,26.66,26.66,26.66,26.66
1956-12-03,27.19,27.19,27.19,27.19
1956-12-04,27.11,27.11,27.11,27.11
1956-12-05,27.44,27.44,27.44,27.44
1956-12-06,27.69,27.69,27.69,27.69
1956-12-07,27.82,27.82,27.82,27.82
1956-12-10,27.68,27.68,27.68,27.68
1956-12-11,27.49,27.49,27.49,27.49
1956-12-12,27.29,27.29,27.29,27.29
1956-12-13,27.51,27.51,27.51,27.51
1956-12-14,27.53,27.53,27.53,27.53
1956-12-17,27.53,27.53,27.53,27.53
1956-12-18,27.53,27.53,27.53,27.53
1956-12-19,27.47,27.47,27.47,27.47
1956-12-20,27.26,27.26,27.26,27.26
1956-12-21,27.44,27.44,27.44,27.44
1956-12-26,27.45,27.45,27.45,27.45
1956-12-27,27.43,27.43,27.43,27.43
1956-12-28,27.55,27.55,27.55,27.55
1956-12-31,27.62,27.62,27.62,27.62
1957-01-02,27.34,27.34,27.34,27.34
1957-01-03,27.58,27.58,27.58,27.58
1957-01-04,27.62,27.62,27.62,27.62
1957-01-07,27.48,27.48,27.48,27.48
1957-01-08,27.38,27.38,27.38,27.38
1957-01-09,27.32,27.32,27.32,27.32
1957-01-10,27.39,27.39,27.39,27.39
1957-01-11,27.34,27.34,27.34,27.34
1957-01-14,27.15,27.15,27.15,27.15
1957-01-15,26.75,26.75,26.75,26.75
1957-01-16,26.78,26.78,26.78,26.78
1957-01-17,26.78,26.78,26.78,26.78
1957-01-18,26.43,26.43,26.43,26.43
1957-01-21,26.29,26.29,26.29,26.29
1957-01-22,26.37,26.37,26.37,26.37
1957-01-23,26.57,26.57,26.57,26.57
1957-01-24,26.67,26.67,26.67,26.67
1957-01-25,26.55,26.55,26.55,26.55
1957-01-28,26.35,26.35,26.35,26.35
1957-01-29,26.49,26.49,26.49,26.49
1957-01-30,26.61,26.61,26.61,26.61
1957-01-31,26.5,26.5,26.5,26.5
1957-02-01,26.44,26.44,26.44,26.44
1957-02-04,26.39,26.39,26.39,26.39
1957-02-05,26.01,26.01,26.01,26.01
1957-02-06,25.97,25.97,25.97,25.97
1957-02-07,25.85,25.85,25.85,25.85
1957-02-08,25.67,25.67,25.67,25.67
1957-02-11,25.23,25.23,25.23,25.23
1957-02-12,25.12,25.12,25.12,25.12
1957-02-13,25.51,25.51,25.51,25.51
1957-02-14,25.48,25.48,25.48,25.48
1957-02-15,25.79,25.79,25.79,25.79
1957-02-18,25.77,25.77,25.77,25.77
1957-02-19,25.78,25.78,25.78,25.78
1957-02-20,25.87,25.87,25.87,25.87
1957-02-21,25.78,25.78,25.78,25.78
1957-02-25,25.72,25.72,25.72,25.72
1957-02-26,25.77,25.77,25.77,25.77
1957-02-27,25.74,25.74,25.74,25.74
1957-02-28,25.66,25.66,25.66,25.66
1957-03-01,25.94,25.94,25.94,25.94
1957-03-04,26.13,26.13,26.13,26.13
1957-03-05,26.23,26.23,26.23,26.23
1957-03-06,26.24,26.24,26.24,26.24
1957-03-07,26.23,26.23,26.23,26.23
1957-03-08,26.14,26.14,26.14,26.14
1957-03-11,25.97,25.97,25.97,25.97
1957-03-12,25.96,25.96,25.96,25.96
1957-03-13,26.13,26.13,26.13,26.13
1957-03-14,26.15,26.15,26.15,26.15
1957-03-15,26.14,26.14,26.14,26.14
1957-03-18,26.02,26.02,26.02,26.02
1957-03-19,26.14,26.14,26.14,26.14
1957-03-20,26.17,26.17,26.17,26.17
1957-03-21,26.18,26.18,26.18,26.18
1957-03-22,26.15,26.15,26.15,26.15
1957-03-25,26.05,26.05,26.05,26.05
1957-03-26,26.07,26.07,26.07,26.07
1957-03-27,26.18,26.18,26.18,26.18
1957-03-28,26.23,26.23,26.23,26.23
1957-03-29,26.19,26.19,26.19,26.19
1957-04-01,26.21,26.21,26.21,26.21
1957-04-02,26.38,26.38,26.38,26.38
1957-04-03,26.45,26.45,26.45,26.45
1957-04-04,26.39,26.39,26.39,26.39
1957-04-05,26.42,26.42,26.42,26.42
1957-04-08,26.36,26.36,26.36,26.36
1957-04-09,26.6,26.6,26.6,26.6
1957-04-10,26.72,26.72,26.72,26.72
1957-04-11,26.72,26.72,26.72,26.72
1957-04-12,26.72,26.72,26.72,26.72
1957-04-15,26.7,26.7,26.7,26.7
1957-04-16,26.75,26.75,26.75,26.75
1957-04-17,26.78,26.78,26.78,26.78
1957-04-18,26.98,26.98,26.98,26.98
1957-04-22,27.02,27.02,27.02,27.02
1957-04-23,27.13,27.13,27.13,27.13
1957-04-24,27.17,27.17,27.17,27.17
1957-04-25,27.08,27.08,27.08,27.08
1957-04-26,27.04,27.04,27.04,27.04
1957-04-29,27.18,27.18,27.18,27.18
1957-04-30,27.19,27.19,27.19,27.19
1957-05-01,27.36,27.36,27.36,27.36
1957-05-02,27.58,27.58,27.58,27.58
1957-05-03,27.55,27.55,27.55,27.55
1957-05-06,27.51,27.51,27.51,27.51
1957-05-07,27.43,27.43,27.43,27.43
1957-05-08,27.54,27.54,27.54,27.54
1957-05-09,27.57,27.57,27.57,27.57
1957-05-10,27.7,27.7,27.7,27.7
1957-05-13,27.88,27.88,27.88,27.88
1957-05-14,27.75,27.75,27.75,27.75
1957-05-15,27.85,27.85,27.85,27.85
1957-05-16,27.97,27.97,27.97,27.97
1957-05-17,28.05,28.05,28.05,28.05
1957-05-20,28.17,28.17,28.17,28.17
1957-05-21,28.16,28.16,28.16,28.16
1957-05-22,28.04,28.04,28.04,28.04
1957-05-23,28.05,28.05,28.05,28.05
1957-05-24,28.09,28.09,28.09,28.09
1957-05-27,27.83,27.83,27.83,27.83
1957-05-28,27.78,27.78,27.78,27.78
1957-05-29,28.03,28.03,28.03,28.03
1957-05-31,28.23,28.23,28.23,28.23
1957-06-03,28.19,28.19,28.19,28.19
1957-06-04,28.14,28.14,28.14,28.14
1957-06-05,28.14,28.14,28.14,28.14
1957-06-06,28.45,28.45,28.45,28.45
1957-06-07,28.48,28.48,28.48,28.48
1957-06-10,28.52,28.52,28.52,28.52
1957-06-11,28.54,28.54,28.54,28.54
1957-06-12,28.61,28.61,28.61,28.61
1957-06-13,28.66,28.66,28.66,28.66
1957-06-14,28.67,28.67,28.67,28.67
1957-06-17,28.73,28.73,28.73,28.73
1957-06-18,28.61,28.61,28.61,28.61
1957-06-19,28.42,28.42,28.42,28.42
1957-06-20,28.25,28.25,28.25,28.25
1957-06-21,28.08,28.08,28.08,28.08
1957-06-24,27.86,27.86,27.86,27.86
1957-06-25,28.09,28.09,28.09,28.09
1957-06-26,28.05,28.05,28.05,28.05
1957-06-27,28.15,28.15,28.15,28.15
1957-06-28,28.22,28.22,28.22,28.22
1957-07-01,28.26,28.26,28.26,28.26
1957-07-02,28.54,28.54,28.54,28.54
1957-07-03,28.87,28.87,28.87,28.87
1957-07-05,29.01,29.01,29.01,29.01
1957-07-08,29.14,29.14,29.14,29.14
1957-07-09,29.14,29.14,29.14,29.14
1957-07-10,29.2,29.2,29.2,29.2
1957-07-11,29.12,29.12,29.12,29.12
1957-07-12,29.25,29.25,29.25,29.25
1957-07-15,29.28,29.28,29.28,29.28
1957-07-16,29.14,29.14,29.14,29.14
1957-07-17,28.96,28.96,28.96,28.96
1957-07-18,28.93,28.93,28.93,28.93
1957-07-19,28.96,28.96,28.96,28.96
1957-07-22,28.9,28.9,28.9,28.9
1957-07-23,28.95,28.95,28.95,28.95
1957-07-24,28.98,28.98,28.98,28.98
1957-07-25,28.99,28.99,28.99,28.99
1957-07-26,28.89,28.89,28.89,28.89
1957-07-29,28.58,28.58,28.58,28.58
1957-07-30,28.58,28.58,28.58,28.58
1957-07-31,28.58,28.58,28.58,28.58
1957-08-01,28.51,28.51,28.51,28.51
1957-08-02,28.44,28.44,28.44,28.44
1957-08-05,28.19,28.19,28.19,28.19
1957-08-06,27.84,27.84,27.84,27.84
1957-08-07,28.06,28.06,28.06,28.06
1957-08-08,27.98,27.98,27.98,27.98
1957-08-09,28,28,28,28
1957-08-12,27.64,27.64,27.64,27.64
1957-08-13,27.63,27.63,27.63,27.63
1957-08-14,27.29,27.29,27.29,27.29
1957-08-15,27.3,27.3,27.3,27.3
1957-08-16,27.35,27.35,27.35,27.35
1957-08-19,26.8,26.8,26.8,26.8
1957-08-20,27.03,27.03,27.03,27.03
1957-08-21,27.15,27.15,27.15,27.15
1957-08-22,26.96,26.96,26.96,26.96
1957-08-23,26.57,26.57,26.57,26.57
1957-08-26,26.2,26.2,26.2,26.2
1957-08-27,26.64,26.64,26.64,26.64
1957-08-28,26.65,26.65,26.65,26.65
1957-08-29,26.55,26.55,26.55,26.55
1957-08-30,27,27,27,27
1957-09-03,27.14,27.14,27.14,27.14
1957-09-04,26.91,26.91,26.91,26.91
1957-09-05,26.77,26.77,26.77,26.77
1957-09-06,26.69,26.69,26.69,26.69
1957-09-09,26.45,26.45,26.45,26.45
1957-09-10,26.21,26.21,26.21,26.21
1957-09-11,26.44,26.44,26.44,26.44
1957-09-12,26.78,26.78,26.78,26.78
1957-09-13,26.77,26.77,26.77,26.77
1957-09-16,26.64,26.64,26.64,26.64
1957-09-17,26.67,26.67,26.67,26.67
1957-09-18,26.7,26.7,26.7,26.7
1957-09-19,26.53,26.53,26.53,26.53
1957-09-20,26.11,26.11,26.11,26.11
1957-09-23,25.51,25.51,25.51,25.51
1957-09-24,25.69,25.69,25.69,25.69
1957-09-25,25.69,25.69,25.69,25.69
1957-09-26,25.45,25.45,25.45,25.45
1957-09-27,25.43,25.43,25.43,25.43
1957-09-30,25.36,25.36,25.36,25.36
1957-10-01,25.56,25.56,25.56,25.56
1957-10-02,25.77,25.77,25.77,25.77
1957-10-03,25.79,25.79,25.79,25.79
1957-10-04,25.59,25.59,25.59,25.59
1957-10-07,25.25,25.25,25.25,25.25
1957-10-08,25.09,25.09,25.09,25.09
1957-10-09,25.11,25.11,25.11,25.11
1957-10-10,24.5,24.5,24.5,24.5
1957-10-11,24.49,24.49,24.49,24.49
1957-10-14,24.67,24.67,24.67,24.67
1957-10-15,24.93,24.93,24.93,24.93
1957-10-16,24.72,24.72,24.72,24.72
1957-10-17,24.32,24.32,24.32,24.32
1957-10-18,24.13,24.13,24.13,24.13
1957-10-21,23.42,23.42,23.42,23.42
1957-10-22,23.32,23.32,23.32,23.32
1957-10-23,24.37,24.37,24.37,24.37
1957-10-24,24.36,24.36,24.36,24.36
1957-10-25,24.29,24.29,24.29,24.29
1957-10-28,24.19,24.19,24.19,24.19
1957-10-29,24.35,24.35,24.35,24.35
1957-10-30,24.55,24.55,24.55,24.55
1957-10-31,24.58,24.58,24.58,24.58
1957-11-01,24.21,24.21,24.21,24.21
1957-11-04,24.17,24.17,24.17,24.17
1957-11-06,24.2,24.2,24.2,24.2
1957-11-07,24.35,24.35,24.35,24.35
1957-11-08,24.06,24.06,24.06,24.06
1957-11-11,24.06,24.06,24.06,24.06
1957-11-12,23.71,23.71,23.71,23.71
1957-11-13,23.68,23.68,23.68,23.68
1957-11-14,23.62,23.62,23.62,23.62
1957-11-15,24.18,24.18,24.18,24.18
1957-11-18,23.98,23.98,23.98,23.98
1957-11-19,23.84,23.84,23.84,23.84
1957-11-20,23.91,23.91,23.91,23.91
1957-11-21,24.25,24.25,24.25,24.25
1957-11-22,24.48,24.48,24.48,24.48
1957-11-25,24.67,24.67,24.67,24.67
1957-11-26,24.02,24.02,24.02,24.02
1957-11-27,24.71,24.71,24.71,24.71
1957-11-29,25,25,25,25
1957-12-02,24.78,24.78,24.78,24.78
1957-12-03,24.79,24.79,24.79,24.79
1957-12-04,24.89,24.89,24.89,24.89
1957-12-05,24.88,24.88,24.88,24.88
1957-12-06,24.76,24.76,24.76,24.76
1957-12-09,24.52,24.52,24.52,24.52
1957-12-10,24.31,24.31,24.31,24.31
1957-12-11,24.28,24.28,24.28,24.28
1957-12-12,24.31,24.31,24.31,24.31
1957-12-13,24.42,24.42,24.42,24.42
1957-12-16,24.05,24.05,24.05,24.05
1957-12-17,23.63,23.63,23.63,23.63
1957-12-18,23.61,23.61,23.61,23.61
1957-12-19,23.86,23.86,23.86,23.86
1957-12-20,23.67,23.67,23.67,23.67
1957-12-23,23.68,23.68,23.68,23.68
1957-12-24,23.7,23.7,23.7,23.7
1957-12-26,23.94,23.94,23.94,23.94
1957-12-27,23.86,23.86,23.86,23.86
1957-12-30,23.74,23.74,23.74,23.74
1957-12-31,23.99,23.99,23.99,23.99
1958-01-02,24.19,24.19,24.19,24.19
1958-01-03,24.51,24.51,24.51,24.51
1958-01-06,24.39,24.39,24.39,24.39
1958-01-07,24.58,24.58,24.58,24.58
1958-01-08,24.58,24.58,24.58,24.58
1958-01-09,24.43,24.43,24.43,24.43
1958-01-10,24.2,24.2,24.2,24.2
1958-01-13,24.27,24.27,24.27,24.27
1958-01-14,24.38,24.38,24.38,24.38
1958-01-15,24.57,24.57,24.57,24.57
1958-01-16,24.61,24.61,24.61,24.61
1958-01-17,24.63,24.63,24.63,24.63
1958-01-20,24.77,24.77,24.77,24.77
1958-01-21,24.74,24.74,24.74,24.74
1958-01-22,24.68,24.68,24.68,24.68
1958-01-23,24.77,24.77,24.77,24.77
1958-01-24,24.98,24.98,24.98,24.98
1958-01-27,24.91,24.91,24.91,24.91
1958-01-28,24.93,24.93,24.93,24.93
1958-01-29,25.08,25.08,25.08,25.08
1958-01-30,24.95,24.95,24.95,24.95
1958-01-31,24.96,24.96,24.96,24.96
1958-02-03,25.16,25.16,25.16,25.16
1958-02-04,25.41,25.41,25.41,25.41
1958-02-05,25.25,25.25,25.25,25.25
1958-02-06,25.19,25.19,25.19,25.19
1958-02-07,24.97,24.97,24.97,24.97
1958-02-10,24.82,24.82,24.82,24.82
1958-02-11,24.59,24.59,24.59,24.59
1958-02-12,24.48,24.48,24.48,24.48
1958-02-13,24.49,24.49,24.49,24.49
1958-02-14,24.72,24.72,24.72,24.72
1958-02-17,24.59,24.59,24.59,24.59
1958-02-18,24.62,24.62,24.62,24.62
1958-02-19,24.61,24.61,24.61,24.61
1958-02-20,24.46,24.46,24.46,24.46
1958-02-21,24.44,24.44,24.44,24.44
1958-02-24,24.3,24.3,24.3,24.3
1958-02-25,24.27,24.27,24.27,24.27
1958-02-26,24.46,24.46,24.46,24.46
1958-02-27,24.31,24.31,24.31,24.31
1958-02-28,24.4,24.4,24.4,24.4
1958-03-03,24.57,24.57,24.57,24.57
1958-03-04,24.7,24.7,24.7,24.7
1958-03-05,24.77,24.77,24.77,24.77
1958-03-06,25.09,25.09,25.09,25.09
1958-03-07,25.13,25.13,25.13,25.13
1958-03-10,25.21,25.21,25.21,25.21
1958-03-11,25.39,25.39,25.39,25.39
1958-03-12,25.32,25.32,25.32,25.32
1958-03-13,25.35,25.35,25.35,25.35
1958-03-14,25.27,25.27,25.27,25.27
1958-03-17,25.1,25.1,25.1,25.1
1958-03-18,25,25,25,25
1958-03-19,25.12,25.12,25.12,25.12
1958-03-20,25.13,25.13,25.13,25.13
1958-03-21,25.31,25.31,25.31,25.31
1958-03-24,25.41,25.41,25.41,25.41
1958-03-25,25.32,25.32,25.32,25.32
1958-03-26,25.23,25.23,25.23,25.23
1958-03-27,25.16,25.16,25.16,25.16
1958-03-28,25.17,25.17,25.17,25.17
1958-03-31,25.11,25.11,25.11,25.11
1958-04-01,25.01,25.01,25.01,25.01
1958-04-02,24.81,24.81,24.81,24.81
1958-04-03,24.73,24.73,24.73,24.73
1958-04-07,24.64,24.64,24.64,24.64
1958-04-08,24.7,24.7,24.7,24.7
1958-04-09,24.83,24.83,24.83,24.83
1958-04-10,24.86,24.86,24.86,24.86
1958-04-11,24.88,24.88,24.88,24.88
1958-04-14,25.03,25.03,25.03,25.03
1958-04-15,25.28,25.28,25.28,25.28
1958-04-16,25.08,25.08,25.08,25.08
1958-04-17,25.17,25.17,25.17,25.17
1958-04-18,25.44,25.44,25.44,25.44
1958-04-21,25.57,25.57,25.57,25.57
1958-04-22,25.49,25.49,25.49,25.49
1958-04-23,25.49,25.49,25.49,25.49
1958-04-24,25.69,25.69,25.69,25.69
1958-04-25,25.82,25.82,25.82,25.82
1958-04-28,25.73,25.73,25.73,25.73
1958-04-29,25.6,25.6,25.6,25.6
1958-04-30,25.86,25.86,25.86,25.86
1958-05-01,25.92,25.92,25.92,25.92
1958-05-02,26,26,26,26
1958-05-05,26.06,26.06,26.06,26.06
1958-05-06,26.19,26.19,26.19,26.19
1958-05-07,26.14,26.14,26.14,26.14
1958-05-08,26.17,26.17,26.17,26.17
1958-05-09,26.23,26.23,26.23,26.23
1958-05-12,26.02,26.02,26.02,26.02
1958-05-13,25.95,25.95,25.95,25.95
1958-05-14,25.65,25.65,25.65,25.65
1958-05-15,25.77,25.77,25.77,25.77
1958-05-16,25.78,25.78,25.78,25.78
1958-05-19,25.71,25.71,25.71,25.71
1958-05-20,25.93,25.93,25.93,25.93
1958-05-21,25.89,25.89,25.89,25.89
1958-05-22,26.02,26.02,26.02,26.02
1958-05-23,26.07,26.07,26.07,26.07
1958-05-26,26.06,26.06,26.06,26.06
1958-05-27,26.02,26.02,26.02,26.02
1958-05-28,26.06,26.06,26.06,26.06
1958-05-29,26.2,26.2,26.2,26.2
1958-06-02,26.32,26.32,26.32,26.32
1958-06-03,26.41,26.41,26.41,26.41
1958-06-04,26.43,26.43,26.43,26.43
1958-06-05,26.46,26.46,26.46,26.46
1958-06-06,26.51,26.51,26.51,26.51
1958-06-09,26.47,26.47,26.47,26.47
1958-06-10,26.41,26.41,26.41,26.41
1958-06-11,26.41,26.41,26.41,26.41
1958-06-12,26.57,26.57,26.57,26.57
1958-06-13,26.73,26.73,26.73,26.73
1958-06-16,26.82,26.82,26.82,26.82
1958-06-17,26.67,26.67,26.67,26.67
1958-06-18,26.91,26.91,26.91,26.91
1958-06-19,26.47,26.47,26.47,26.47
1958-06-20,26.61,26.61,26.61,26.61
1958-06-23,26.52,26.52,26.52,26.52
1958-06-24,26.41,26.41,26.41,26.41
1958-06-25,26.47,26.47,26.47,26.47
1958-06-26,26.6,26.6,26.6,26.6
1958-06-27,26.63,26.63,26.63,26.63
1958-06-30,26.83,26.83,26.83,26.83
1958-07-01,26.85,26.85,26.85,26.85
1958-07-02,26.87,26.87,26.87,26.87
1958-07-03,26.96,26.96,26.96,26.96
1958-07-07,27.05,27.05,27.05,27.05
1958-07-08,26.91,26.91,26.91,26.91
1958-07-09,26.82,26.82,26.82,26.82
1958-07-10,26.92,26.92,26.92,26.92
1958-07-11,27.09,27.09,27.09,27.09
1958-07-14,26.75,26.75,26.75,26.75
1958-07-15,26.73,26.73,26.73,26.73
1958-07-16,26.81,26.81,26.81,26.81
1958-07-17,26.98,26.98,26.98,26.98
1958-07-18,27.11,27.11,27.11,27.11
1958-07-21,27.44,27.44,27.44,27.44
1958-07-22,27.49,27.49,27.49,27.49
1958-07-23,27.48,27.48,27.48,27.48
1958-07-24,27.62,27.62,27.62,27.62
1958-07-25,27.81,27.81,27.81,27.81
1958-07-28,27.91,27.91,27.91,27.91
1958-07-29,27.8,27.8,27.8,27.8
1958-07-30,27.87,27.87,27.87,27.87
1958-07-31,27.93,27.93,27.93,27.93
1958-08-01,28.11,28.11,28.11,28.11
1958-08-04,28.37,28.37,28.37,28.37
1958-08-05,28.25,28.25,28.25,28.25
1958-08-06,28.08,28.08,28.08,28.08
1958-08-07,28.26,28.26,28.26,28.26
1958-08-08,28.42,28.42,28.42,28.42
1958-08-11,28.49,28.49,28.49,28.49
1958-08-12,28.23,28.23,28.23,28.23
1958-08-13,28.27,28.27,28.27,28.27
1958-08-14,28.33,28.33,28.33,28.33
1958-08-15,28.09,28.09,28.09,28.09
1958-08-18,27.92,27.92,27.92,27.92
1958-08-19,27.96,27.96,27.96,27.96
1958-08-20,27.97,27.97,27.97,27.97
1958-08-21,28.15,28.15,28.15,28.15
1958-08-22,28.21,28.21,28.21,28.21
1958-08-25,28.21,28.21,28.21,28.21
1958-08-26,28.3,28.3,28.3,28.3
1958-08-27,28.31,28.31,28.31,28.31
1958-08-28,28.16,28.16,28.16,28.16
1958-08-29,28.21,28.21,28.21,28.21
1958-09-02,28.35,28.35,28.35,28.35
1958-09-03,28.46,28.46,28.46,28.46
1958-09-04,28.41,28.41,28.41,28.41
1958-09-05,28.33,28.33,28.33,28.33
1958-09-08,28.42,28.42,28.42,28.42
1958-09-09,28.61,28.61,28.61,28.61
1958-09-10,28.52,28.52,28.52,28.52
1958-09-11,28.71,28.71,28.71,28.71
1958-09-12,28.65,28.65,28.65,28.65
1958-09-15,28.9,28.9,28.9,28.9
1958-09-16,29.12,29.12,29.12,29.12
1958-09-17,29.12,29.12,29.12,29.12
1958-09-18,29.14,29.14,29.14,29.14
1958-09-19,29.15,29.15,29.15,29.15
1958-09-22,29.03,29.03,29.03,29.03
1958-09-23,29.24,29.24,29.24,29.24
1958-09-24,29.36,29.36,29.36,29.36
1958-09-25,29.24,29.24,29.24,29.24
1958-09-26,29.29,29.29,29.29,29.29
1958-09-29,29.41,29.41,29.41,29.41
1958-09-30,29.52,29.52,29.52,29.52
1958-10-01,29.47,29.47,29.47,29.47
1958-10-02,29.58,29.58,29.58,29.58
1958-10-03,29.69,29.69,29.69,29.69
1958-10-06,30.1,30.1,30.1,30.1
1958-10-07,30.1,30.1,30.1,30.1
1958-10-08,30.09,30.09,30.09,30.09
1958-10-09,30.08,30.08,30.08,30.08
1958-10-10,30.28,30.28,30.28,30.28
1958-10-13,30.41,30.41,30.41,30.41
1958-10-14,30.2,30.2,30.2,30.2
1958-10-15,29.8,29.8,29.8,29.8
1958-10-16,30,30,30,30
1958-10-17,30.31,30.31,30.31,30.31
1958-10-20,30.19,30.19,30.19,30.19
1958-10-21,30.19,30.19,30.19,30.19
1958-10-22,30.07,30.07,30.07,30.07
1958-10-23,30.01,30.01,30.01,30.01
1958-10-24,29.91,29.91,29.91,29.91
1958-10-27,29.68,29.68,29.68,29.68
1958-10-28,29.77,29.77,29.77,29.77
1958-10-29,30.06,30.06,30.06,30.06
1958-10-30,30.17,30.17,30.17,30.17
1958-10-31,30.2,30.2,30.2,30.2
1958-11-03,30.34,30.34,30.34,30.34
1958-11-05,30.61,30.61,30.61,30.61
1958-11-06,30.86,30.86,30.86,30.86
1958-11-07,30.74,30.74,30.74,30.74
1958-11-10,30.92,30.92,30.92,30.92
1958-11-11,31.16,31.16,31.16,31.16
1958-11-12,31.2,31.2,31.2,31.2
1958-11-13,31.07,31.07,31.07,31.07
1958-11-14,31.21,31.21,31.21,31.21
1958-11-17,31.3,31.3,31.3,31.3
1958-11-18,31.23,31.23,31.23,31.23
1958-11-19,31.27,31.27,31.27,31.27
1958-11-20,31.27,31.27,31.27,31.27
1958-11-21,30.97,30.97,30.97,30.97
1958-11-24,30.57,30.57,30.57,30.57
1958-11-25,29.98,29.98,29.98,29.98
1958-11-26,30.49,30.49,30.49,30.49
1958-11-28,30.83,30.83,30.83,30.83
1958-12-01,30.95,30.95,30.95,30.95
1958-12-02,30.81,30.81,30.81,30.81
1958-12-03,30.85,30.85,30.85,30.85
1958-12-04,30.86,30.86,30.86,30.86
1958-12-05,30.81,30.81,30.81,30.81
1958-12-08,30.8,30.8,30.8,30.8
1958-12-09,31.01,31.01,31.01,31.01
1958-12-10,31.39,31.39,31.39,31.39
1958-12-11,31.32,31.32,31.32,31.32
1958-12-12,31.24,31.24,31.24,31.24
1958-12-15,31.32,31.32,31.32,31.32
1958-12-16,31.44,31.44,31.44,31.44
1958-12-17,31.64,31.64,31.64,31.64
1958-12-18,31.77,31.77,31.77,31.77
1958-12-19,31.72,31.72,31.72,31.72
1958-12-22,31.51,31.51,31.51,31.51
1958-12-23,31.34,31.34,31.34,31.34
1958-12-24,31.74,31.74,31.74,31.74
1958-12-29,32.1,32.1,32.1,32.1
1958-12-30,32.21,32.21,32.21,32.21
1958-12-31,32.38,32.38,32.38,32.38
1959-01-02,32.51,32.51,32.51,32.51
1959-01-05,32.64,32.64,32.64,32.64
1959-01-06,32.6,32.6,32.6,32.6
1959-01-07,32.19,32.19,32.19,32.19
1959-01-08,32.49,32.49,32.49,32.49
1959-01-09,32.71,32.71,32.71,32.71
1959-01-12,32.72,32.72,32.72,32.72
1959-01-13,32.54,32.54,32.54,32.54
1959-01-14,32.63,32.63,32.63,32.63
1959-01-15,32.75,32.75,32.75,32.75
1959-01-16,32.74,32.74,32.74,32.74
1959-01-19,32.67,32.67,32.67,32.67
1959-01-20,32.69,32.69,32.69,32.69
1959-01-21,32.88,32.88,32.88,32.88
1959-01-22,32.84,32.84,32.84,32.84
1959-01-23,32.86,32.86,32.86,32.86
1959-01-26,32.73,32.73,32.73,32.73
1959-01-27,32.73,32.73,32.73,32.73
1959-01-28,32.37,32.37,32.37,32.37
1959-01-29,32.4,32.4,32.4,32.4
1959-01-30,32.54,32.54,32.54,32.54
1959-02-02,32.4,32.4,32.4,32.4
1959-02-03,32.45,32.45,32.45,32.45
1959-02-04,32.32,32.32,32.32,32.32
1959-02-05,32.17,32.17,32.17,32.17
1959-02-06,31.91,31.91,31.91,31.91
1959-02-09,31.45,31.45,31.45,31.45
1959-02-10,31.89,31.89,31.89,31.89
1959-02-11,31.91,31.91,31.91,31.91
1959-02-12,31.7,31.7,31.7,31.7
1959-02-13,31.95,31.95,31.95,31.95
1959-02-16,32,32,32,32
1959-02-17,31.88,31.88,31.88,31.88
1959-02-18,31.88,31.88,31.88,31.88
1959-02-19,32.59,32.59,32.59,32.59
1959-02-20,32.6,32.6,32.6,32.6
1959-02-24,32.58,32.58,32.58,32.58
1959-02-25,32.44,32.44,32.44,32.44
1959-02-26,32.5,32.5,32.5,32.5
1959-02-27,32.54,32.54,32.54,32.54
1959-03-02,32.73,32.73,32.73,32.73
1959-03-03,33.04,33.04,33.04,33.04
1959-03-04,33.1,33.1,33.1,33.1
1959-03-05,33.15,33.15,33.15,33.15
1959-03-06,33.02,33.02,33.02,33.02
1959-03-09,32.99,32.99,32.99,32.99
1959-03-10,33.08,33.08,33.08,33.08
1959-03-11,33.11,33.11,33.11,33.11
1959-03-12,33.25,33.25,33.25,33.25
1959-03-13,33.3,33.3,33.3,33.3
1959-03-16,32.94,32.94,32.94,32.94
1959-03-17,33.21,33.21,33.21,33.21
1959-03-18,33.14,33.14,33.14,33.14
1959-03-19,33.11,33.11,33.11,33.11
1959-03-20,33.14,33.14,33.14,33.14
1959-03-23,32.83,32.83,32.83,32.83
1959-03-24,32.89,32.89,32.89,32.89
1959-03-25,32.84,32.84,32.84,32.84
1959-03-26,32.77,32.77,32.77,32.77
1959-03-30,32.59,32.59,32.59,32.59
1959-03-31,32.59,32.59,32.59,32.59
1959-04-01,32.74,32.74,32.74,32.74
1959-04-02,32.92,32.92,32.92,32.92
1959-04-03,33.18,33.18,33.18,33.18
1959-04-06,33.27,33.27,33.27,33.27
1959-04-07,33.21,33.21,33.21,33.21
1959-04-08,33.05,33.05,33.05,33.05
1959-04-09,33.03,33.03,33.03,33.03
1959-04-10,33.06,33.06,33.06,33.06
1959-04-13,33.18,33.18,33.18,33.18
1959-04-14,33.35,33.35,33.35,33.35
1959-04-15,33.5,33.5,33.5,33.5
1959-04-16,33.77,33.77,33.77,33.77
1959-04-17,34.06,34.06,34.06,34.06
1959-04-20,34.21,34.21,34.21,34.21
1959-04-21,34.18,34.18,34.18,34.18
1959-04-22,33.96,33.96,33.96,33.96
1959-04-23,33.88,33.88,33.88,33.88
1959-04-24,34.09,34.09,34.09,34.09
1959-04-27,34.2,34.2,34.2,34.2
1959-04-28,34.07,34.07,34.07,34.07
1959-04-29,33.94,33.94,33.94,33.94
1959-04-30,33.88,33.88,33.88,33.88
1959-05-01,33.92,33.92,33.92,33.92
1959-05-04,33.92,33.92,33.92,33.92
1959-05-05,33.98,33.98,33.98,33.98
1959-05-06,33.9,33.9,33.9,33.9
1959-05-07,33.47,33.47,33.47,33.47
1959-05-08,33.73,33.73,33.73,33.73
1959-05-11,34.11,34.11,34.11,34.11
1959-05-12,34.11,34.11,34.11,34.11
1959-05-13,34.12,34.12,34.12,34.12
1959-05-14,34.35,34.35,34.35,34.35
1959-05-15,34.23,34.23,34.23,34.23
1959-05-18,34.23,34.23,34.23,34.23
1959-05-19,34.33,34.33,34.33,34.33
1959-05-20,34.19,34.19,34.19,34.19
1959-05-21,34.23,34.23,34.23,34.23
1959-05-22,34.34,34.34,34.34,34.34
1959-05-25,34.25,34.25,34.25,34.25
1959-05-26,34.2,34.2,34.2,34.2
1959-05-27,34.26,34.26,34.26,34.26
1959-05-28,34.38,34.38,34.38,34.38
1959-05-29,34.55,34.55,34.55,34.55
1959-06-01,34.52,34.52,34.52,34.52
1959-06-02,34.29,34.29,34.29,34.29
1959-06-03,34.3,34.3,34.3,34.3
1959-06-04,33.94,33.94,33.94,33.94
1959-06-05,33.87,33.87,33.87,33.87
1959-06-08,33.43,33.43,33.43,33.43
1959-06-09,33.19,33.19,33.19,33.19
1959-06-10,33.69,33.69,33.69,33.69
1959-06-11,33.72,33.72,33.72,33.72
1959-06-12,33.75,33.75,33.75,33.75
1959-06-15,33.57,33.57,33.57,33.57
1959-06-16,33.32,33.32,33.32,33.32
1959-06-17,33.63,33.63,33.63,33.63
1959-06-18,33.61,33.61,33.61,33.61
1959-06-19,33.66,33.66,33.66,33.66
1959-06-22,33.66,33.66,33.66,33.66
1959-06-23,33.66,33.66,33.66,33.66
1959-06-24,33.83,33.83,33.83,33.83
1959-06-25,34.02,34.02,34.02,34.02
1959-06-26,34.17,34.17,34.17,34.17
1959-06-29,34.4,34.4,34.4,34.4
1959-06-30,34.46,34.46,34.46,34.46
1959-07-01,34.75,34.75,34.75,34.75
1959-07-02,34.94,34.94,34.94,34.94
1959-07-06,35.16,35.16,35.16,35.16
1959-07-07,35.37,35.37,35.37,35.37
1959-07-08,35.38,35.38,35.38,35.38
1959-07-09,35.35,35.35,35.35,35.35
1959-07-10,35.32,35.32,35.32,35.32
1959-07-13,35.02,35.02,35.02,35.02
1959-07-14,35.11,35.11,35.11,35.11
1959-07-15,35.13,35.13,35.13,35.13
1959-07-16,35.03,35.03,35.03,35.03
1959-07-17,34.9,34.9,34.9,34.9
1959-07-20,34.73,34.73,34.73,34.73
1959-07-21,35.03,35.03,35.03,35.03
1959-07-22,35.15,35.15,35.15,35.15
1959-07-23,35.19,35.19,35.19,35.19
1959-07-24,35.18,35.18,35.18,35.18
1959-07-27,35.4,35.4,35.4,35.4
1959-07-28,35.58,35.58,35.58,35.58
1959-07-29,35.75,35.75,35.75,35.75
1959-07-30,35.68,35.68,35.68,35.68
1959-07-31,35.69,35.69,35.69,35.69
1959-08-03,35.81,35.81,35.81,35.81
1959-08-04,35.75,35.75,35.75,35.75
1959-08-05,35.57,35.57,35.57,35.57
1959-08-06,35.54,35.54,35.54,35.54
1959-08-07,35.32,35.32,35.32,35.32
1959-08-10,34.58,34.58,34.58,34.58
1959-08-11,35.04,35.04,35.04,35.04
1959-08-12,34.96,34.96,34.96,34.96
1959-08-13,34.9,34.9,34.9,34.9
1959-08-14,34.98,34.98,34.98,34.98
1959-08-17,34.92,34.92,34.92,34.92
1959-08-18,34.59,34.59,34.59,34.59
1959-08-19,34.39,34.39,34.39,34.39
1959-08-20,34.9,34.9,34.9,34.9
1959-08-21,34.87,34.87,34.87,34.87
1959-08-24,34.75,34.75,34.75,34.75
1959-08-25,34.82,34.82,34.82,34.82
1959-08-26,34.87,34.87,34.87,34.87
1959-08-27,35.17,35.17,35.17,35.17
1959-08-28,35.18,35.18,35.18,35.18
1959-08-31,35.18,35.18,35.18,35.18
1959-09-01,34.75,34.75,34.75,34.75
1959-09-02,34.78,34.78,34.78,34.78
1959-09-03,34.4,34.4,34.4,34.4
1959-09-04,34.56,34.56,34.56,34.56
1959-09-08,34.07,34.07,34.07,34.07
1959-09-09,33.83,33.83,33.83,33.83
1959-09-10,33.65,33.65,33.65,33.65
1959-09-11,33.9,33.9,33.9,33.9
1959-09-14,33.66,33.66,33.66,33.66
1959-09-15,33.47,33.47,33.47,33.47
1959-09-16,33.5,33.5,33.5,33.5
1959-09-17,33.32,33.32,33.32,33.32
1959-09-18,33.19,33.19,33.19,33.19
1959-09-21,32.65,32.65,32.65,32.65
1959-09-22,32.57,32.57,32.57,32.57
1959-09-23,32.97,32.97,32.97,32.97
1959-09-24,33.54,33.54,33.54,33.54
1959-09-25,33.51,33.51,33.51,33.51
1959-09-28,33.76,33.76,33.76,33.76
1959-09-29,33.98,33.98,33.98,33.98
1959-09-30,33.61,33.61,33.61,33.61
1959-10-01,33.64,33.64,33.64,33.64
1959-10-02,33.8,33.8,33.8,33.8
1959-10-05,33.76,33.76,33.76,33.76
1959-10-06,33.73,33.73,33.73,33.73
1959-10-07,33.65,33.65,33.65,33.65
1959-10-08,33.57,33.57,33.57,33.57
1959-10-09,33.69,33.69,33.69,33.69
1959-10-12,33.88,33.88,33.88,33.88
1959-10-13,33.78,33.78,33.78,33.78
1959-10-14,33.52,33.52,33.52,33.52
1959-10-15,33.61,33.61,33.61,33.61
1959-10-16,33.89,33.89,33.89,33.89
1959-10-19,33.7,33.7,33.7,33.7
1959-10-20,33.49,33.49,33.49,33.49
1959-10-21,33.43,33.43,33.43,33.43
1959-10-22,33.11,33.11,33.11,33.11
1959-10-23,33.44,33.44,33.44,33.44
1959-10-26,33.66,33.66,33.66,33.66
1959-10-27,33.95,33.95,33.95,33.95
1959-10-28,33.98,33.98,33.98,33.98
1959-10-29,33.95,33.95,33.95,33.95
1959-10-30,34.01,34.01,34.01,34.01
1959-11-02,33.95,33.95,33.95,33.95
1959-11-04,33.86,33.86,33.86,33.86
1959-11-05,33.9,33.9,33.9,33.9
1959-11-06,34.07,34.07,34.07,34.07
1959-11-09,34.01,34.01,34.01,34.01
1959-11-10,34,34,34,34
1959-11-11,34.01,34.01,34.01,34.01
1959-11-12,33.82,33.82,33.82,33.82
1959-11-13,33.63,33.63,33.63,33.63
1959-11-16,33.26,33.26,33.26,33.26
1959-11-17,33.35,33.35,33.35,33.35
1959-11-18,33.72,33.72,33.72,33.72
1959-11-19,33.69,33.69,33.69,33.69
1959-11-20,33.71,33.71,33.71,33.71
1959-11-23,33.77,33.77,33.77,33.77
1959-11-24,33.94,33.94,33.94,33.94
1959-11-25,33.99,33.99,33.99,33.99
1959-11-27,34.14,34.14,34.14,34.14
1959-11-30,34.49,34.49,34.49,34.49
1959-12-01,34.74,34.74,34.74,34.74
1959-12-02,34.68,34.68,34.68,34.68
1959-12-03,34.76,34.76,34.76,34.76
1959-12-04,34.83,34.83,34.83,34.83
1959-12-07,34.9,34.9,34.9,34.9
1959-12-08,35.12,35.12,35.12,35.12
1959-12-09,34.91,34.91,34.91,34.91
1959-12-10,34.94,34.94,34.94,34.94
1959-12-11,34.86,34.86,34.86,34.86
1959-12-14,34.95,34.95,34.95,34.95
1959-12-15,34.87,34.87,34.87,34.87
1959-12-16,34.91,34.91,34.91,34.91
1959-12-17,34.85,34.85,34.85,34.85
1959-12-18,35.02,35.02,35.02,35.02
1959-12-21,35.06,35.06,35.06,35.06
1959-12-22,35.02,35.02,35.02,35.02
1959-12-23,34.91,34.91,34.91,34.91
1959-12-24,34.94,34.94,34.94,34.94
1959-12-28,34.93,34.93,34.93,34.93
1959-12-29,35.12,35.12,35.12,35.12
1959-12-30,35.4,35.4,35.4,35.4
1959-12-31,35.47,35.47,35.47,35.47
1960-01-04,35.48,35.48,35.48,35.48
1960-01-05,35.77,35.77,35.77,35.77
1960-01-06,35.61,35.61,35.61,35.61
1960-01-07,35.35,35.35,35.35,35.35
1960-01-08,35.24,35.24,35.24,35.24
1960-01-11,34.8,34.8,34.8,34.8
1960-01-12,34.59,34.59,34.59,34.59
1960-01-13,34.39,34.39,34.39,34.39
1960-01-14,34.58,34.58,34.58,34.58
1960-01-15,34.57,34.57,34.57,34.57
1960-01-18,34.27,34.27,34.27,34.27
1960-01-19,33.91,33.91,33.91,33.91
1960-01-20,33.79,33.79,33.79,33.79
1960-01-21,33.87,33.87,33.87,33.87
1960-01-22,33.97,33.97,33.97,33.97
1960-01-25,33.61,33.61,33.61,33.61
1960-01-26,33.66,33.66,33.66,33.66
1960-01-27,33.57,33.57,33.57,33.57
1960-01-28,33.22,33.22,33.22,33.22
1960-01-29,32.91,32.91,32.91,32.91
1960-02-01,33.12,33.12,33.12,33.12
1960-02-02,33.63,33.63,33.63,33.63
1960-02-03,33.33,33.33,33.33,33.33
1960-02-04,33.3,33.3,33.3,33.3
1960-02-05,33.13,33.13,33.13,33.13
1960-02-08,32.74,32.74,32.74,32.74
1960-02-09,33.04,33.04,33.04,33.04
1960-02-10,32.84,32.84,32.84,32.84
1960-02-11,32.65,32.65,32.65,32.65
1960-02-12,32.81,32.81,32.81,32.81
1960-02-15,32.64,32.64,32.64,32.64
1960-02-16,32.38,32.38,32.38,32.38
1960-02-17,32.56,32.56,32.56,32.56
1960-02-18,33.01,33.01,33.01,33.01
1960-02-19,33.27,33.27,33.27,33.27
1960-02-23,33.09,33.09,33.09,33.09
1960-02-24,32.97,32.97,32.97,32.97
1960-02-25,33.08,33.08,33.08,33.08
1960-02-26,33.22,33.22,33.22,33.22
1960-02-29,33.19,33.19,33.19,33.19
1960-03-01,33.13,33.13,33.13,33.13
1960-03-02,32.9,32.9,32.9,32.9
1960-03-03,32.4,32.4,32.4,32.4
1960-03-04,32.27,32.27,32.27,32.27
1960-03-07,31.95,31.95,31.95,31.95
1960-03-08,31.62,31.62,31.62,31.62
1960-03-09,31.96,31.96,31.96,31.96
1960-03-10,31.83,31.83,31.83,31.83
1960-03-11,32.07,32.07,32.07,32.07
1960-03-14,32.12,32.12,32.12,32.12
1960-03-15,32.37,32.37,32.37,32.37
1960-03-16,32.54,32.54,32.54,32.54
1960-03-17,32.49,32.49,32.49,32.49
1960-03-18,32.52,32.52,32.52,32.52
1960-03-21,32.56,32.56,32.56,32.56
1960-03-22,32.69,32.69,32.69,32.69
1960-03-23,32.95,32.95,32.95,32.95
1960-03-24,33.09,33.09,33.09,33.09
1960-03-25,33.09,33.09,33.09,33.09
1960-03-28,33.02,33.02,33.02,33.02
1960-03-29,32.97,32.97,32.97,32.97
1960-03-30,32.9,32.9,32.9,32.9
1960-03-31,32.71,32.71,32.71,32.71
1960-04-01,32.76,32.76,32.76,32.76
1960-04-04,32.82,32.82,32.82,32.82
1960-04-05,32.72,32.72,32.72,32.72
1960-04-06,33.39,33.39,33.39,33.39
1960-04-07,33.4,33.4,33.4,33.4
1960-04-08,33.32,33.32,33.32,33.32
1960-04-11,33.19,33.19,33.19,33.19
1960-04-12,33.27,33.27,33.27,33.27
1960-04-13,33.26,33.26,33.26,33.26
1960-04-14,33.34,33.34,33.34,33.34
1960-04-18,33.43,33.43,33.43,33.43
1960-04-19,33.16,33.16,33.16,33.16
1960-04-20,32.75,32.75,32.75,32.75
1960-04-21,32.84,32.84,32.84,32.84
1960-04-22,32.74,32.74,32.74,32.74
1960-04-25,32.41,32.41,32.41,32.41
1960-04-26,32.51,32.51,32.51,32.51
1960-04-27,32.51,32.51,32.51,32.51
1960-04-28,32.23,32.23,32.23,32.23
1960-04-29,32.11,32.11,32.11,32.11
1960-05-02,31.97,31.97,31.97,31.97
1960-05-03,32.38,32.38,32.38,32.38
1960-05-04,32.5,32.5,32.5,32.5
1960-05-05,32.4,32.4,32.4,32.4
1960-05-06,32.33,32.33,32.33,32.33
1960-05-09,32.36,32.36,32.36,32.36
1960-05-10,32.13,32.13,32.13,32.13
1960-05-11,32.22,32.22,32.22,32.22
1960-05-12,32.38,32.38,32.38,32.38
1960-05-13,32.65,32.65,32.65,32.65
1960-05-16,32.62,32.62,32.62,32.62
1960-05-17,32.74,32.74,32.74,32.74
1960-05-18,32.73,32.73,32.73,32.73
1960-05-19,32.87,32.87,32.87,32.87
1960-05-20,32.9,32.9,32.9,32.9
1960-05-23,32.91,32.91,32.91,32.91
1960-05-24,32.88,32.88,32.88,32.88
1960-05-25,32.86,32.86,32.86,32.86
1960-05-26,32.88,32.88,32.88,32.88
1960-05-27,32.9,32.9,32.9,32.9
1960-05-31,32.95,32.95,32.95,32.95
1960-06-01,32.98,32.98,32.98,32.98
1960-06-02,33.12,33.12,33.12,33.12
1960-06-03,33.18,33.18,33.18,33.18
1960-06-06,33.57,33.57,33.57,33.57
1960-06-07,33.89,33.89,33.89,33.89
1960-06-08,34.16,34.16,34.16,34.16
1960-06-09,34.22,34.22,34.22,34.22
1960-06-10,34.2,34.2,34.2,34.2
1960-06-13,34.22,34.22,34.22,34.22
1960-06-14,34.17,34.17,34.17,34.17
1960-06-15,33.96,33.96,33.96,33.96
1960-06-16,33.92,33.92,33.92,33.92
1960-06-17,33.88,33.88,33.88,33.88
1960-06-20,33.72,33.72,33.72,33.72
1960-06-21,33.69,33.69,33.69,33.69
1960-06-22,33.79,33.79,33.79,33.79
1960-06-23,33.97,33.97,33.97,33.97
1960-06-24,34.02,34.02,34.02,34.02
1960-06-27,33.81,33.81,33.81,33.81
1960-06-28,33.58,33.58,33.58,33.58
1960-06-29,33.58,33.58,33.58,33.58
1960-06-30,33.57,33.57,33.57,33.57
1960-07-01,33.65,33.65,33.65,33.65
1960-07-05,33.62,33.62,33.62,33.62
1960-07-06,33.58,33.58,33.58,33.58
1960-07-07,33.75,33.75,33.75,33.75
1960-07-08,33.83,33.83,33.83,33.83
1960-07-11,33.53,33.53,33.53,33.53
1960-07-12,33.16,33.16,33.16,33.16
1960-07-13,33.08,33.08,33.08,33.08
1960-07-14,33.09,33.09,33.09,33.09
1960-07-15,33.04,33.04,33.04,33.04
1960-07-18,32.84,32.84,32.84,32.84
1960-07-19,32.84,32.84,32.84,32.84
1960-07-20,32.78,32.78,32.78,32.78
1960-07-21,32.48,32.48,32.48,32.48
1960-07-22,32.25,32.25,32.25,32.25
1960-07-25,31.93,31.93,31.93,31.93
1960-07-26,32.13,32.13,32.13,32.13
1960-07-27,31.93,31.93,31.93,31.93
1960-07-28,32.16,32.16,32.16,32.16
1960-07-29,32.71,32.71,32.71,32.71
1960-08-01,32.73,32.73,32.73,32.73
1960-08-02,32.44,32.44,32.44,32.44
1960-08-03,32.25,32.25,32.25,32.25
1960-08-04,32.34,32.34,32.34,32.34
1960-08-05,32.67,32.67,32.67,32.67
1960-08-08,32.71,32.71,32.71,32.71
1960-08-09,32.9,32.9,32.9,32.9
1960-08-10,33.03,33.03,33.03,33.03
1960-08-11,33.16,33.16,33.16,33.16
1960-08-12,33.38,33.38,33.38,33.38
1960-08-15,33.35,33.35,33.35,33.35
1960-08-16,33.41,33.41,33.41,33.41
1960-08-17,33.48,33.48,33.48,33.48
1960-08-18,33.47,33.47,33.47,33.47
1960-08-19,33.58,33.58,33.58,33.58
1960-08-22,33.69,33.69,33.69,33.69
1960-08-23,34.02,34.02,34.02,34.02
1960-08-24,34.2,34.2,34.2,34.2
1960-08-25,34.04,34.04,34.04,34.04
1960-08-26,33.92,33.92,33.92,33.92
1960-08-29,33.83,33.83,33.83,33.83
1960-08-30,33.47,33.47,33.47,33.47
1960-08-31,33.54,33.54,33.54,33.54
1960-09-01,33.62,33.62,33.62,33.62
1960-09-02,33.56,33.56,33.56,33.56
1960-09-06,33.26,33.26,33.26,33.26
1960-09-07,32.85,32.85,32.85,32.85
1960-09-08,32.82,32.82,32.82,32.82
1960-09-09,33.03,33.03,33.03,33.03
1960-09-12,32.8,32.8,32.8,32.8
1960-09-13,32.87,32.87,32.87,32.87
1960-09-14,32.64,32.64,32.64,32.64
1960-09-15,32.51,32.51,32.51,32.51
1960-09-16,32.44,32.44,32.44,32.44
1960-09-19,31.7,31.7,31.7,31.7
1960-09-20,31.79,31.79,31.79,31.79
1960-09-21,32.12,32.12,32.12,32.12
1960-09-22,32,32,32,32
1960-09-23,31.72,31.72,31.72,31.72
1960-09-26,31.23,31.23,31.23,31.23
1960-09-27,31.16,31.16,31.16,31.16
1960-09-28,30.88,30.88,30.88,30.88
1960-09-29,30.97,30.97,30.97,30.97
1960-09-30,31.49,31.49,31.49,31.49
1960-10-03,31.4,31.4,31.4,31.4
1960-10-04,31.18,31.18,31.18,31.18
1960-10-05,31.41,31.41,31.41,31.41
1960-10-06,31.61,31.61,31.61,31.61
1960-10-07,31.79,31.79,31.79,31.79
1960-10-10,31.85,31.85,31.85,31.85
1960-10-11,31.9,31.9,31.9,31.9
1960-10-12,31.86,31.86,31.86,31.86
1960-10-13,32.1,32.1,32.1,32.1
1960-10-14,32.27,32.27,32.27,32.27
1960-10-17,32.13,32.13,32.13,32.13
1960-10-18,31.97,31.97,31.97,31.97
1960-10-19,31.91,31.91,31.91,31.91
1960-10-20,31.68,31.68,31.68,31.68
1960-10-21,31.6,31.6,31.6,31.6
1960-10-24,31,31,31,31
1960-10-25,30.7,30.7,30.7,30.7
1960-10-26,31.2,31.2,31.2,31.2
1960-10-27,31.53,31.53,31.53,31.53
1960-10-28,31.41,31.41,31.41,31.41
1960-10-31,31.39,31.39,31.39,31.39
1960-11-01,31.72,31.72,31.72,31.72
1960-11-02,31.88,31.88,31.88,31.88
1960-11-03,32,32,32,32
1960-11-04,32.28,32.28,32.28,32.28
1960-11-07,32.4,32.4,32.4,32.4
1960-11-09,32.54,32.54,32.54,32.54
1960-11-10,33.17,33.17,33.17,33.17
1960-11-11,32.84,32.84,32.84,32.84
1960-11-14,32.68,32.68,32.68,32.68
1960-11-15,32.81,32.81,32.81,32.81
1960-11-16,32.74,32.74,32.74,32.74
1960-11-17,32.65,32.65,32.65,32.65
1960-11-18,32.81,32.81,32.81,32.81
1960-11-21,32.87,32.87,32.87,32.87
1960-11-22,32.75,32.75,32.75,32.75
1960-11-23,32.8,32.8,32.8,32.8
1960-11-25,32.99,32.99,32.99,32.99
1960-11-28,32.93,32.93,32.93,32.93
1960-11-29,32.81,32.81,32.81,32.81
1960-11-30,32.64,32.64,32.64,32.64
1960-12-01,32.49,32.49,32.49,32.49
1960-12-02,32.55,32.55,32.55,32.55
1960-12-05,32.5,32.5,32.5,32.5
1960-12-06,32.59,32.59,32.59,32.59
1960-12-07,32.91,32.91,32.91,32.91
1960-12-08,32.99,32.99,32.99,32.99
1960-12-09,33.28,33.28,33.28,33.28
1960-12-12,33.4,33.4,33.4,33.4
1960-12-13,33.41,33.41,33.41,33.41
1960-12-14,33.39,33.39,33.39,33.39
1960-12-15,33.3,33.3,33.3,33.3
1960-12-16,33.6,33.6,33.6,33.6
1960-12-19,33.56,33.56,33.56,33.56
1960-12-20,33.53,33.53,33.53,33.53
1960-12-21,33.8,33.8,33.8,33.8
1960-12-22,33.71,33.71,33.71,33.71
1960-12-23,33.73,33.73,33.73,33.73
1960-12-27,33.78,33.78,33.78,33.78
1960-12-28,33.93,33.93,33.93,33.93
1960-12-29,34.09,34.09,34.09,34.09
1960-12-30,34.12,34.12,34.12,34.12
1961-01-03,33.81,33.81,33.81,33.81
1961-01-04,34.28,34.28,34.28,34.28
1961-01-05,34.41,34.41,34.41,34.41
1961-01-06,34.32,34.32,34.32,34.32
1961-01-09,34.56,34.56,34.56,34.56
1961-01-10,34.66,34.66,34.66,34.66
1961-01-11,34.77,34.77,34.77,34.77
1961-01-12,34.88,34.88,34.88,34.88
1961-01-13,35.05,35.05,35.05,35.05
1961-01-16,35.05,35.05,35.05,35.05
1961-01-17,35.09,35.09,35.09,35.09
1961-01-18,35.12,35.12,35.12,35.12
1961-01-19,35.18,35.18,35.18,35.18
1961-01-20,35.3,35.3,35.3,35.3
1961-01-23,35.5,35.5,35.5,35.5
1961-01-24,35.6,35.6,35.6,35.6
1961-01-25,35.65,35.65,35.65,35.65
1961-01-26,35.71,35.71,35.71,35.71
1961-01-27,36.08,36.08,36.08,36.08
1961-01-30,36.52,36.52,36.52,36.52
1961-01-31,36.41,36.41,36.41,36.41
1961-02-01,36.49,36.49,36.49,36.49
1961-02-02,36.73,36.73,36.73,36.73
1961-02-03,36.69,36.69,36.69,36.69
1961-02-06,36.43,36.43,36.43,36.43
1961-02-07,36.37,36.37,36.37,36.37
1961-02-08,36.71,36.71,36.71,36.71
1961-02-09,36.6,36.6,36.6,36.6
1961-02-10,36.3,36.3,36.3,36.3
1961-02-13,36.09,36.09,36.09,36.09
1961-02-14,36.26,36.26,36.26,36.26
1961-02-15,36.57,36.57,36.57,36.57
1961-02-16,36.8,36.8,36.8,36.8
1961-02-17,36.69,36.69,36.69,36.69
1961-02-20,36.82,36.82,36.82,36.82
1961-02-21,36.85,36.85,36.85,36.85
1961-02-23,37,37,37,37
1961-02-24,37.15,37.15,37.15,37.15
1961-02-27,37.43,37.43,37.43,37.43
1961-02-28,37.52,37.52,37.52,37.52
1961-03-01,37.52,37.52,37.52,37.52
1961-03-02,37.77,37.77,37.77,37.77
1961-03-03,37.84,37.84,37.84,37.84
1961-03-06,37.91,37.91,37.91,37.91
1961-03-07,37.57,37.57,37.57,37.57
1961-03-08,37.56,37.56,37.56,37.56
1961-03-09,37.6,37.6,37.6,37.6
1961-03-10,37.6,37.6,37.6,37.6
1961-03-13,37.71,37.71,37.71,37.71
1961-03-14,37.55,37.55,37.55,37.55
1961-03-15,37.67,37.67,37.67,37.67
1961-03-16,38.06,38.06,38.06,38.06
1961-03-17,37.94,37.94,37.94,37.94
1961-03-20,38.45,38.45,38.45,38.45
1961-03-21,38.39,38.39,38.39,38.39
1961-03-22,38.37,38.37,38.37,38.37
1961-03-23,38.28,38.28,38.28,38.28
1961-03-24,38.22,38.22,38.22,38.22
1961-03-27,38.19,38.19,38.19,38.19
1961-03-28,38.21,38.21,38.21,38.21
1961-03-29,38.55,38.55,38.55,38.55
1961-03-30,38.63,38.63,38.63,38.63
1961-04-03,38.96,38.96,38.96,38.96
1961-04-04,39,39,39,39
1961-04-05,38.89,38.89,38.89,38.89
1961-04-06,38.98,38.98,38.98,38.98
1961-04-07,39.2,39.2,39.2,39.2
1961-04-10,39.54,39.54,39.54,39.54
1961-04-11,39.6,39.6,39.6,39.6
1961-04-12,39.43,39.43,39.43,39.43
1961-04-13,39.41,39.41,39.41,39.41
1961-04-14,39.48,39.48,39.48,39.48
1961-04-17,40.86,40.86,40.86,40.86
1961-04-18,39.39,39.39,39.39,39.39
1961-04-19,39.17,39.17,39.17,39.17
1961-04-20,39.18,39.18,39.18,39.18
1961-04-21,39.16,39.16,39.16,39.16
1961-04-24,38.35,38.35,38.35,38.35
1961-04-25,38.89,38.89,38.89,38.89
1961-04-26,39.05,39.05,39.05,39.05
1961-04-27,39,39,39,39
1961-04-28,38.92,38.92,38.92,38.92
1961-05-01,38.84,38.84,38.84,38.84
1961-05-02,39.13,39.13,39.13,39.13
1961-05-03,39.46,39.46,39.46,39.46
1961-05-04,39.62,39.62,39.62,39.62
1961-05-05,39.67,39.67,39.67,39.67
1961-05-08,39.62,39.62,39.62,39.62
1961-05-09,39.66,39.66,39.66,39.66
1961-05-10,39.63,39.63,39.63,39.63
1961-05-11,39.62,39.62,39.62,39.62
1961-05-12,39.7,39.7,39.7,39.7
1961-05-15,39.9,39.9,39.9,39.9
1961-05-16,40.06,40.06,40.06,40.06
1961-05-17,40.25,40.25,40.25,40.25
1961-05-18,40.02,40.02,40.02,40.02
1961-05-19,40.19,40.19,40.19,40.19
1961-05-22,39.95,39.95,39.95,39.95
1961-05-23,39.85,39.85,39.85,39.85
1961-05-24,39.61,39.61,39.61,39.61
1961-05-25,39.47,39.47,39.47,39.47
1961-05-26,39.73,39.73,39.73,39.73
1961-05-31,39.81,39.81,39.81,39.81
1961-06-01,39.82,39.82,39.82,39.82
1961-06-02,39.93,39.93,39.93,39.93
1961-06-05,40.15,40.15,40.15,40.15
1961-06-06,40.04,40.04,40.04,40.04
1961-06-07,39.3,39.3,39.3,39.3
1961-06-08,39.92,39.92,39.92,39.92
1961-06-09,39.92,39.92,39.92,39.92
1961-06-12,39.62,39.62,39.62,39.62
1961-06-13,39.42,39.42,39.42,39.42
1961-06-14,39.54,39.54,39.54,39.54
1961-06-15,39.37,39.37,39.37,39.37
1961-06-16,39.07,39.07,39.07,39.07
1961-06-19,38.72,38.72,38.72,38.72
1961-06-20,39.07,39.07,39.07,39.07
1961-06-21,39.07,39.07,39.07,39.07
1961-06-22,38.93,38.93,38.93,38.93
1961-06-23,39.09,39.09,39.09,39.09
1961-06-26,38.69,38.69,38.69,38.69
1961-06-27,38.7,38.7,38.7,38.7
1961-06-28,38.77,38.77,38.77,38.77
1961-06-29,38.74,38.74,38.74,38.74
1961-06-30,38.82,38.82,38.82,38.82
1961-07-03,39.17,39.17,39.17,39.17
1961-07-05,39.43,39.43,39.43,39.43
1961-07-06,39.54,39.54,39.54,39.54
1961-07-07,39.52,39.52,39.52,39.52
1961-07-10,39.5,39.5,39.5,39.5
1961-07-11,39.49,39.49,39.49,39.49
1961-07-12,39.28,39.28,39.28,39.28
1961-07-13,39.01,39.01,39.01,39.01
1961-07-14,39.27,39.27,39.27,39.27
1961-07-17,38.98,38.98,38.98,38.98
1961-07-18,38.76,38.76,38.76,38.76
1961-07-19,38.94,38.94,38.94,38.94
1961-07-20,38.95,38.95,38.95,38.95
1961-07-21,39.05,39.05,39.05,39.05
1961-07-24,39.06,39.06,39.06,39.06
1961-07-25,39.29,39.29,39.29,39.29
1961-07-26,39.66,39.66,39.66,39.66
1961-07-27,40.13,40.13,40.13,40.13
1961-07-28,40.2,40.2,40.2,40.2
1961-07-31,40.24,40.24,40.24,40.24
1961-08-01,40.61,40.61,40.61,40.61
1961-08-02,40.36,40.36,40.36,40.36
1961-08-03,40.58,40.58,40.58,40.58
1961-08-04,40.82,40.82,40.82,40.82
1961-08-07,40.82,40.82,40.82,40.82
1961-08-08,40.92,40.92,40.92,40.92
1961-08-09,40.88,40.88,40.88,40.88
1961-08-10,41.01,41.01,41.01,41.01
1961-08-11,41.09,41.09,41.09,41.09
1961-08-14,40.89,40.89,40.89,40.89
1961-08-15,40.8,40.8,40.8,40.8
1961-08-16,40.91,40.91,40.91,40.91
1961-08-17,41.15,41.15,41.15,41.15
1961-08-18,41.27,41.27,41.27,41.27
1961-08-21,41.36,41.36,41.36,41.36
1961-08-22,41.37,41.37,41.37,41.37
1961-08-23,41.1,41.1,41.1,41.1
1961-08-24,40.87,40.87,40.87,40.87
1961-08-25,40.93,40.93,40.93,40.93
1961-08-28,40.95,40.95,40.95,40.95
1961-08-29,40.87,40.87,40.87,40.87
1961-08-30,41.03,41.03,41.03,41.03
1961-08-31,41.2,41.2,41.2,41.2
1961-09-01,41.28,41.28,41.28,41.28
1961-09-05,41.15,41.15,41.15,41.15
1961-09-06,41.46,41.46,41.46,41.46
1961-09-07,41.4,41.4,41.4,41.4
1961-09-08,41.12,41.12,41.12,41.12
1961-09-11,40.77,40.77,40.77,40.77
1961-09-12,41.19,41.19,41.19,41.19
1961-09-13,41.22,41.22,41.22,41.22
1961-09-14,40.94,40.94,40.94,40.94
1961-09-15,41.02,41.02,41.02,41.02
1961-09-18,40.76,40.76,40.76,40.76
1961-09-19,40.08,40.08,40.08,40.08
1961-09-20,40.62,40.62,40.62,40.62
1961-09-21,40.65,40.65,40.65,40.65
1961-09-22,40.49,40.49,40.49,40.49
1961-09-25,39.92,39.92,39.92,39.92
1961-09-26,39.94,39.94,39.94,39.94
1961-09-27,40.36,40.36,40.36,40.36
1961-09-28,40.44,40.44,40.44,40.44
1961-09-29,40.54,40.54,40.54,40.54
1961-10-02,40.57,40.57,40.57,40.57
1961-10-03,40.55,40.55,40.55,40.55
1961-10-04,40.83,40.83,40.83,40.83
1961-10-05,41.2,41.2,41.2,41.2
1961-10-06,40.72,40.72,40.72,40.72
1961-10-09,41.32,41.32,41.32,41.32
1961-10-10,41.43,41.43,41.43,41.43
1961-10-11,41.47,41.47,41.47,41.47
1961-10-12,41.47,41.47,41.47,41.47
1961-10-13,41.41,41.41,41.41,41.41
1961-10-16,41.3,41.3,41.3,41.3
1961-10-17,41.32,41.32,41.32,41.32
1961-10-18,41.53,41.53,41.53,41.53
1961-10-19,41.69,41.69,41.69,41.69
1961-10-20,41.42,41.42,41.42,41.42
1961-10-23,41.47,41.47,41.47,41.47
1961-10-24,41.42,41.42,41.42,41.42
1961-10-25,41.65,41.65,41.65,41.65
1961-10-26,41.73,41.73,41.73,41.73
1961-10-27,41.67,41.67,41.67,41.67
1961-10-30,41.72,41.72,41.72,41.72
1961-10-31,41.85,41.85,41.85,41.85
1961-11-01,41.93,41.93,41.93,41.93
1961-11-02,42.17,42.17,42.17,42.17
1961-11-03,42.4,42.4,42.4,42.4
1961-11-06,42.73,42.73,42.73,42.73
1961-11-08,43.27,43.27,43.27,43.27
1961-11-09,43.21,43.21,43.21,43.21
1961-11-10,43.4,43.4,43.4,43.4
1961-11-13,43.53,43.53,43.53,43.53
1961-11-14,43.78,43.78,43.78,43.78
1961-11-15,43.8,43.8,43.8,43.8
1961-11-16,43.77,43.77,43.77,43.77
1961-11-17,43.78,43.78,43.78,43.78
1961-11-20,43.85,43.85,43.85,43.85
1961-11-21,43.89,43.89,43.89,43.89
1961-11-22,43.85,43.85,43.85,43.85
1961-11-24,43.95,43.95,43.95,43.95
1961-11-27,43.96,43.96,43.96,43.96
1961-11-28,43.91,43.91,43.91,43.91
1961-11-29,43.89,43.89,43.89,43.89
1961-11-30,43.66,43.66,43.66,43.66
1961-12-01,43.95,43.95,43.95,43.95
1961-12-04,44.1,44.1,44.1,44.1
1961-12-05,44.06,44.06,44.06,44.06
1961-12-06,44.1,44.1,44.1,44.1
1961-12-07,43.93,43.93,43.93,43.93
1961-12-08,44.15,44.15,44.15,44.15
1961-12-11,44.37,44.37,44.37,44.37
1961-12-12,44.53,44.53,44.53,44.53
1961-12-13,44.48,44.48,44.48,44.48
1961-12-14,44.15,44.15,44.15,44.15
1961-12-15,44.17,44.17,44.17,44.17
1961-12-18,44.03,44.03,44.03,44.03
1961-12-19,43.73,43.73,43.73,43.73
1961-12-20,43.65,43.65,43.65,43.65
1961-12-21,43.5,43.5,43.5,43.5
1961-12-22,43.54,43.54,43.54,43.54
1961-12-26,43.62,43.62,43.62,43.62
1961-12-27,44.01,44.01,44.01,44.01
1961-12-28,44.04,44.04,44.04,44.04
1961-12-29,43.97,43.97,43.97,43.97
1962-01-02,43.97,44.22,43.45,43.61
1962-01-03,43.61,43.93,43.25,43.72
1962-01-04,43.72,44.02,43.3,43.42
1962-01-05,43.42,43.54,42.63,42.82
1962-01-08,42.82,42.93,41.91,42.49
1962-01-09,42.49,42.99,42.32,42.51
1962-01-10,42.52,42.78,42.19,42.4
1962-01-11,42.41,42.76,42.16,42.66
1962-01-12,42.66,43.15,42.58,42.81
1962-01-15,42.81,43.03,42.47,42.73
1962-01-16,42.73,42.82,42.24,42.48
1962-01-17,42.49,42.64,41.91,42.03
1962-01-18,42.03,42.28,41.68,42.07
1962-01-19,42.08,43.12,41.92,42.3
1962-01-22,42.3,42.68,42.12,42.34
1962-01-23,42.34,42.44,41.84,42.02
1962-01-24,42.03,42.27,41.57,42.09
1962-01-25,42.1,42.5,41.91,42.07
1962-01-26,42.07,42.27,41.75,41.94
1962-01-29,41.94,42.17,41.58,41.8
1962-01-30,41.8,42.27,41.63,41.97
1962-01-31,41.97,42.54,41.94,42.39
1962-02-01,42.39,42.89,42.22,42.65
1962-02-02,42.65,43.12,42.5,42.99
1962-02-05,42.99,43.3,42.76,43.04
1962-02-06,43.04,43.31,42.75,43.09
1962-02-07,43.09,43.53,42.98,43.38
1962-02-08,43.38,43.71,43.22,43.48
1962-02-09,43.48,43.64,43.09,43.42
1962-02-12,43.43,43.63,43.22,43.41
1962-02-13,43.42,43.68,43.18,43.41
1962-02-14,43.42,43.63,43.16,43.4
1962-02-15,43.4,43.8,43.29,43.6
1962-02-16,43.6,43.84,43.31,43.51
1962-02-19,43.52,43.74,43.23,43.41
1962-02-20,43.41,43.72,43.24,43.56
1962-02-21,43.57,43.76,43.23,43.36
1962-02-23,43.36,43.52,43,43.26
1962-02-26,43.27,43.37,42.82,43.02
1962-02-27,43.02,43.37,42.85,43.1
1962-02-28,43.11,43.44,42.91,43.15
1962-03-01,43.16,43.55,43.03,43.3
1962-03-02,43.28,43.28,43.03,43.28
1962-03-05,43.29,43.48,42.97,43.19
1962-03-06,43.2,43.34,42.86,43.06
1962-03-07,43.06,43.24,42.81,43.01
1962-03-08,43.01,43.43,42.83,43.32
1962-03-09,43.32,43.64,43.2,43.46
1962-03-12,43.47,43.68,43.22,43.45
1962-03-13,43.46,43.74,43.25,43.58
1962-03-14,43.59,43.99,43.51,43.78
1962-03-15,43.78,44.11,43.58,43.88
1962-03-16,43.88,44.05,43.64,43.8
1962-03-19,43.81,44.04,43.56,43.75
1962-03-20,43.76,43.9,43.48,43.64
1962-03-21,43.64,43.81,43.34,43.55
1962-03-22,43.55,43.76,43.33,43.49
1962-03-23,43.49,43.73,43.32,43.52
1962-03-26,43.53,43.64,43.08,43.18
1962-03-27,43.18,43.38,42.89,43.07
1962-03-28,43.07,43.46,42.97,43.28
1962-03-29,43.28,43.57,43.14,43.27
1962-03-30,43.27,43.32,42.74,42.99
1962-04-02,42.99,43.16,42.73,42.88
1962-04-03,42.88,42.98,42.36,42.54
1962-04-04,42.54,42.79,42.24,42.34
1962-04-05,42.35,42.72,42.12,42.61
1962-04-06,42.61,42.93,42.41,42.57
1962-04-09,42.57,42.68,42.11,42.24
1962-04-10,42.25,42.55,42.02,42.4
1962-04-11,42.41,42.84,42.21,42.31
1962-04-12,42.32,42.33,41.74,42
1962-04-13,42.01,42.14,41.47,42.01
1962-04-16,42.01,42.19,41.58,41.82
1962-04-17,41.83,42.2,41.6,42.01
1962-04-18,42.02,42.52,41.97,42.25
1962-04-19,42.25,42.64,42.13,42.45
1962-04-23,42.45,42.71,42.19,42.41
1962-04-24,42.42,42.65,42.19,42.38
1962-04-25,42.38,42.45,41.8,41.91
1962-04-26,41.92,42.08,41.43,41.51
1962-04-27,41.52,41.86,40.86,41.05
1962-04-30,41.05,41.43,40.22,40.4
1962-05-01,40.4,40.84,39.48,40.69
1962-05-02,40.69,41.29,40.6,40.87
1962-05-03,40.87,41.46,40.76,41.21
1962-05-04,41.21,41.38,40.76,41.03
1962-05-07,41.04,41.23,40.68,40.9
1962-05-08,40.9,40.97,40.2,40.38
1962-05-09,40.38,40.38,39.67,39.82
1962-05-10,39.82,39.9,39.03,39.39
1962-05-11,39.4,39.73,38.7,38.83
1962-05-14,38.83,39.24,37.88,39.11
1962-05-15,39.3,40.21,39.3,39.85
1962-05-16,39.85,40.22,39.56,39.84
1962-05-17,39.84,39.93,39.29,39.63
1962-05-18,39.64,39.77,39.24,39.57
1962-05-21,39.57,39.69,39.2,39.43
1962-05-22,39.44,39.5,38.61,38.66
1962-05-23,38.66,38.71,37.77,37.9
1962-05-24,37.9,38.33,37.44,37.6
1962-05-25,37.6,37.83,36.6,36.89
1962-05-28,36.7,36.7,34.38,34.43
1962-05-29,34.43,36.16,32.96,36.03
1962-05-31,36.48,37.74,36.48,37
1962-06-01,37,37.21,36.31,36.85
1962-06-04,36.69,36.69,35.46,35.54
1962-06-05,35.55,36.26,34.96,35.73
1962-06-06,35.78,36.73,35.78,36.24
1962-06-07,36.25,36.56,36.01,36.25
1962-06-08,36.26,36.61,36.1,36.29
1962-06-11,36.29,36.37,35.71,35.9
1962-06-12,35.8,35.8,34.92,34.98
1962-06-13,34.99,35.27,34.3,34.47
1962-06-14,34.47,34.78,33.61,33.74
1962-06-15,33.75,34.76,33.33,34.72
1962-06-18,34.72,35.12,34.15,34.62
1962-06-19,34.63,34.72,34.16,34.5
1962-06-20,34.51,34.74,33.96,34.03
1962-06-21,34.04,34.04,33.24,33.3
1962-06-22,33.3,33.42,32.61,32.74
1962-06-25,32.74,32.91,31.91,32.6
1962-06-26,32.6,33.3,32.38,32.52
1962-06-27,32.52,32.84,32.18,32.7
1962-06-28,32.94,33.97,32.94,33.82
1962-06-29,33.83,34.49,33.7,34.04
1962-07-02,34.04,34.83,33.87,34.73
1962-07-03,34.73,35.28,34.55,35.13
1962-07-05,35.13,35.51,34.92,35.33
1962-07-06,35.28,35.28,34.6,34.94
1962-07-09,34.94,35.29,34.55,35.17
1962-07-10,35.45,36.3,35.45,35.58
1962-07-11,35.59,36.05,35.32,35.91
1962-07-12,35.92,36.5,35.83,36.1
1962-07-13,36.11,36.2,35.61,35.98
1962-07-16,35.99,36.16,35.58,35.99
1962-07-17,35.99,36.07,35.27,35.34
1962-07-18,35.34,35.36,34.77,34.98
1962-07-19,34.98,35.45,34.83,35.12
1962-07-20,35.12,35.54,35.03,35.37
1962-07-23,35.37,35.69,35.2,35.36
1962-07-24,35.37,35.45,34.95,35.09
1962-07-25,35.09,35.29,34.73,35.16
1962-07-26,35.16,35.61,34.97,35.35
1962-07-27,35.36,35.73,35.23,35.62
1962-07-30,35.63,36.11,35.55,36.02
1962-07-31,36.02,36.49,35.97,36.27
1962-08-01,36.28,36.32,35.83,35.98
1962-08-02,35.98,36.26,35.75,36.12
1962-08-03,36.13,36.34,35.91,36.22
1962-08-06,36.22,36.36,35.86,35.99
1962-08-07,35.99,36.03,35.57,35.75
1962-08-08,35.75,35.93,35.38,35.84
1962-08-09,35.85,36.08,35.65,35.89
1962-08-10,35.89,36.06,35.63,35.88
1962-08-13,35.88,36.1,35.67,35.93
1962-08-14,35.93,36.43,35.8,36.32
1962-08-15,36.32,36.86,36.3,36.58
1962-08-16,36.58,36.86,36.32,36.57
1962-08-17,36.57,36.95,36.44,36.8
1962-08-20,36.81,37.25,36.74,37.03
1962-08-21,37.04,37.22,36.74,36.88
1962-08-22,36.88,37.39,36.75,37.3
1962-08-23,37.3,37.64,37.1,37.25
1962-08-24,37.25,37.39,36.93,37.18
1962-08-27,37.18,37.41,36.97,37.16
1962-08-28,37.17,37.2,36.61,36.69
1962-08-29,36.7,36.8,36.31,36.61
1962-08-30,36.62,36.87,36.45,36.63
1962-08-31,36.63,36.99,36.49,36.91
1962-09-04,36.91,37.14,36.49,36.56
1962-09-05,36.56,36.7,36.18,36.29
1962-09-06,36.29,36.59,36.04,36.44
1962-09-07,36.45,36.78,36.28,36.46
1962-09-10,36.46,36.62,36.15,36.51
1962-09-11,36.51,36.81,36.34,36.6
1962-09-12,36.6,36.89,36.48,36.76
1962-09-13,36.76,36.97,36.52,36.67
1962-09-14,36.68,36.95,36.49,36.8
1962-09-17,36.8,37.13,36.65,36.92
1962-09-18,36.92,37.21,36.73,36.89
1962-09-19,36.89,37.04,36.62,36.84
1962-09-20,36.85,37.06,36.46,36.59
1962-09-21,36.59,36.66,35.9,36.06
1962-09-24,35.92,35.92,35.2,35.4
1962-09-25,35.41,35.77,35.09,35.61
1962-09-26,35.62,35.82,34.97,35.11
1962-09-27,35.11,35.36,34.73,34.88
1962-09-28,34.88,35.38,34.77,35.19
1962-10-01,35.2,35.22,34.56,34.71
1962-10-02,34.71,35.32,34.6,35.09
1962-10-03,35.09,35.48,34.93,35.13
1962-10-04,35.14,35.56,34.97,35.47
1962-10-05,35.48,35.85,35.38,35.71
1962-10-08,35.71,35.92,35.47,35.71
1962-10-09,35.72,35.92,35.49,35.8
1962-10-10,35.8,36.19,35.65,35.83
1962-10-11,35.83,35.97,35.54,35.71
1962-10-12,35.71,35.81,35.47,35.65
1962-10-15,35.65,36,35.47,35.85
1962-10-16,35.86,36.08,35.61,35.74
1962-10-17,35.74,35.84,35.3,35.62
1962-10-18,35.63,35.71,35.18,35.28
1962-10-19,35.28,35.41,34.66,34.81
1962-10-22,34.75,34.75,34.06,34.42
1962-10-23,34.43,34.57,33.35,33.51
1962-10-24,33.51,34.73,32.92,34.59
1962-10-25,34.56,34.56,33.72,34.26
1962-10-26,34.27,34.44,33.88,34.17
1962-10-29,34.68,35.33,34.68,34.92
1962-10-30,34.92,35.62,34.79,35.43
1962-10-31,35.44,35.73,35.22,35.42
1962-11-01,35.43,35.92,35.04,35.8
1962-11-02,35.81,36.48,35.59,36.2
1962-11-05,36.2,36.8,36.17,36.58
1962-11-07,36.59,37.06,36.22,36.81
1962-11-08,36.81,37.07,36.43,36.57
1962-11-09,36.57,36.99,36.31,36.86
1962-11-12,36.87,37.63,36.75,37.37
1962-11-13,37.38,37.67,37.04,37.3
1962-11-14,37.3,37.9,37.12,37.74
1962-11-15,37.74,38.06,37.48,37.62
1962-11-16,37.63,37.93,37.31,37.74
1962-11-19,37.75,37.91,37.31,37.53
1962-11-20,37.54,38.05,37.38,37.93
1962-11-21,37.94,38.4,37.77,38.16
1962-11-23,38.17,38.93,38.07,38.62
1962-11-26,38.63,39,38.26,38.52
1962-11-27,38.52,38.95,38.28,38.75
1962-11-28,38.76,39.23,38.62,39
1962-11-29,39,39.38,38.73,39.19
1962-11-30,39.19,39.42,38.79,39.1
1962-12-03,39.1,39.22,38.48,38.9
1962-12-04,38.9,39.52,38.8,39.34
1962-12-05,39.34,39.89,39.18,39.19
1962-12-06,39.19,39.8,39.12,39.53
1962-12-07,39.53,39.85,39.23,39.62
1962-12-10,39.62,39.8,38.93,39.12
1962-12-11,39.13,39.32,38.78,39.16
1962-12-12,39.16,39.69,39.04,39.36
1962-12-13,39.36,39.64,39.02,39.23
1962-12-14,39.23,39.49,38.94,39.33
1962-12-17,39.33,39.57,39.06,39.21
1962-12-18,39.21,39.39,38.84,39.02
1962-12-19,39.02,39.49,38.8,39.34
1962-12-20,39.35,39.79,39.26,39.5
1962-12-21,39.5,39.7,39.15,39.39
1962-12-24,39.39,39.64,39.11,39.39
1962-12-26,39.39,39.83,39.35,39.64
1962-12-27,39.64,39.89,39.42,39.58
1962-12-28,39.59,39.79,39.34,39.61
1962-12-31,39.61,39.91,39.43,39.7
1963-01-02,39.7,39.88,39.2,39.44
1963-01-03,39.44,40.19,39.42,40.08
1963-01-04,40.08,40.54,39.98,40.34
1963-01-07,40.33,40.62,40.05,40.33
1963-01-08,40.33,40.87,40.25,40.72
1963-01-09,40.71,41.01,40.45,40.62
1963-01-10,40.62,40.97,40.45,40.69
1963-01-11,40.69,40.93,40.44,40.77
1963-01-14,40.77,41.18,40.62,40.99
1963-01-15,40.99,41.25,40.75,40.93
1963-01-16,40.93,41.02,40.5,40.65
1963-01-17,40.65,41.11,40.45,40.94
1963-01-18,40.94,41.29,40.77,40.97
1963-01-21,40.97,41.18,40.62,41.03
1963-01-22,41.02,41.35,40.87,41.12
1963-01-23,41.12,41.42,40.99,41.23
1963-01-24,41.23,41.53,41.05,41.31
1963-01-25,41.31,41.61,41.08,41.42
1963-01-28,41.41,41.84,41.32,41.62
1963-01-29,41.61,41.83,41.35,41.61
1963-01-30,41.6,41.67,41.18,41.36
1963-01-31,41.36,41.74,41.15,41.58
1963-02-01,41.65,41.65,41.65,41.65
1963-02-04,41.64,41.86,41.38,41.56
1963-02-05,41.55,41.67,41.06,41.52
1963-02-06,41.51,41.92,41.37,41.69
1963-02-07,41.69,41.95,41.38,41.55
1963-02-08,41.54,41.72,41.22,41.54
1963-02-11,41.54,41.69,41.12,41.28
1963-02-12,41.28,41.44,40.9,41.32
1963-02-13,41.32,41.76,41.15,41.52
1963-02-14,41.52,41.9,41.38,41.65
1963-02-15,41.64,41.89,41.4,41.68
1963-02-18,41.68,42.02,41.48,41.74
1963-02-19,41.74,41.84,41.37,41.54
1963-02-20,41.54,41.59,41.06,41.31
1963-02-21,41.3,41.55,41.01,41.36
1963-02-25,41.36,41.46,40.93,41.07
1963-02-26,41.06,41.32,40.81,41.07
1963-02-27,41.07,41.24,40.69,40.78
1963-02-28,40.78,40.86,40.19,40.33
1963-03-01,40.32,40.61,40.02,40.2
1963-03-04,40.2,40.81,40.06,40.59
1963-03-05,40.59,40.93,40.39,40.6
1963-03-06,40.59,40.8,40.33,40.66
1963-03-07,40.66,41.13,40.64,40.92
1963-03-08,40.91,41.22,40.77,40.96
1963-03-11,40.96,41.29,40.82,41.07
1963-03-12,41.07,41.35,40.91,41.17
1963-03-13,41.16,41.54,41.08,41.31
1963-03-14,41.31,41.5,40.98,41.12
1963-03-15,41.11,41.5,40.98,41.32
1963-03-18,41.32,41.47,40.96,41.12
1963-03-19,41.11,41.26,40.85,41.03
1963-03-20,41.02,41.45,40.92,41.32
1963-03-21,41.32,41.51,41.1,41.26
1963-03-22,41.26,41.62,41.15,41.47
1963-03-25,41.47,41.72,41.3,41.48
1963-03-26,41.47,41.8,41.35,41.59
1963-03-27,41.59,41.92,41.47,41.77
1963-03-28,41.76,41.97,41.54,41.7
1963-03-29,41.7,41.9,41.48,41.69
1963-04-01,41.69,42.07,41.48,41.86
1963-04-02,41.86,42.18,41.65,41.85
1963-04-03,41.85,42.3,41.72,42.18
1963-04-04,42.17,42.65,42.12,42.48
1963-04-05,42.48,42.86,42.23,42.75
1963-04-08,42.74,43.14,42.6,42.89
1963-04-09,42.89,43.09,42.58,42.85
1963-04-10,42.84,43.12,42.35,42.74
1963-04-11,42.74,43.23,42.54,43.04
1963-04-15,43.04,43.53,42.92,43.24
1963-04-16,43.23,43.56,42.97,43.27
1963-04-17,43.26,43.41,42.84,43.12
1963-04-18,43.12,43.38,42.9,43.1
1963-04-19,43.1,43.46,42.92,43.31
1963-04-22,43.31,43.68,43.17,43.35
1963-04-23,43.35,43.68,43.13,43.49
1963-04-24,43.49,43.86,43.37,43.61
1963-04-25,43.61,43.83,43.31,43.63
1963-04-26,43.63,43.85,43.3,43.59
1963-04-29,43.59,43.8,43.31,43.56
1963-04-30,43.55,43.88,43.31,43.65
1963-05-01,43.64,44.04,43.52,43.75
1963-05-02,43.75,44.08,43.61,43.87
1963-05-03,43.87,44.08,43.62,43.78
1963-05-06,43.78,43.95,43.33,43.47
1963-05-07,43.46,43.7,43.15,43.41
1963-05-08,43.4,43.9,43.27,43.76
1963-05-09,43.76,44.21,43.66,43.97
1963-05-10,43.97,44.25,43.74,44.07
1963-05-13,44.07,44.3,43.81,44.04
1963-05-14,44.04,44.2,43.69,43.87
1963-05-15,43.87,44.22,43.66,44.01
1963-05-16,44,44.24,43.68,43.89
1963-05-17,43.89,44.12,43.62,43.91
1963-05-20,43.91,44.03,43.47,43.7
1963-05-21,43.7,44.04,43.49,43.81
1963-05-22,43.81,44.15,43.61,43.81
1963-05-23,43.8,44.05,43.59,43.78
1963-05-24,43.78,43.99,43.5,43.73
1963-05-27,43.72,43.88,43.39,43.63
1963-05-28,43.63,43.96,43.43,43.71
1963-05-29,43.71,44.11,43.62,43.91
1963-05-31,43.91,44.41,43.87,44.2
1963-06-03,44.2,44.47,43.94,44.13
1963-06-04,44.12,44.37,43.82,44.13
1963-06-05,44.13,44.42,43.8,44.02
1963-06-06,44.02,44.28,43.76,44.05
1963-06-07,44.05,44.3,43.75,43.94
1963-06-10,43.94,44,43.41,43.64
1963-06-11,43.64,43.93,43.42,43.7
1963-06-12,43.69,44.18,43.62,43.93
1963-06-13,43.93,44.2,43.66,43.82
1963-06-14,43.81,44.04,43.59,43.83
1963-06-17,43.78,44.3,43.78,43.93
1963-06-18,43.93,43.93,43.43,43.67
1963-06-19,43.67,43.95,43.5,43.72
1963-06-20,43.71,43.88,43.23,43.66
1963-06-21,43.66,44.01,43.52,43.81
1963-06-24,43.81,44.07,43.55,43.77
1963-06-25,43.77,43.97,43.49,43.67
1963-06-26,43.67,43.71,43.13,43.28
1963-06-27,43.27,43.52,42.88,43.06
1963-06-28,43.06,43.44,42.97,43.24
1963-07-01,43.24,43.34,42.75,42.92
1963-07-02,42.92,43.46,42.84,43.29
1963-07-03,43.29,43.8,43.27,43.59
1963-07-05,43.59,43.92,43.49,43.76
1963-07-08,43.76,43.84,43.29,43.46
1963-07-09,43.46,43.86,43.34,43.64
1963-07-10,43.64,43.81,43.34,43.55
1963-07-11,43.54,43.8,43.31,43.46
1963-07-12,43.46,43.69,43.21,43.38
1963-07-15,43.38,43.44,42.96,43.11
1963-07-16,43.1,43.3,42.89,43.07
1963-07-17,43.06,43.31,42.78,42.93
1963-07-18,42.93,43.14,42.56,42.66
1963-07-19,42.65,42.78,42.28,42.56
1963-07-22,42.56,42.72,42.06,42.28
1963-07-23,42.28,42.7,42.12,42.28
1963-07-24,42.28,42.67,42.19,42.51
1963-07-25,42.51,42.91,42.35,42.5
1963-07-26,42.49,42.8,42.35,42.67
1963-07-29,42.66,42.93,42.53,42.75
1963-07-30,42.74,43.23,42.69,43.1
1963-07-31,43.09,43.46,42.89,43.03
1963-08-01,43.02,43.23,42.72,42.98
1963-08-02,42.98,43.29,42.85,43.12
1963-08-05,43.12,43.54,43.06,43.38
1963-08-06,43.37,43.8,43.29,43.66
1963-08-07,43.66,43.88,43.36,43.53
1963-08-08,43.52,43.74,43.29,43.56
1963-08-09,43.56,43.95,43.44,43.84
1963-08-12,43.84,44.16,43.66,43.91
1963-08-13,43.91,44.22,43.74,44.03
1963-08-14,44.03,44.36,43.78,44.2
1963-08-15,44.2,44.6,44.04,44.39
1963-08-16,44.39,44.74,44.18,44.46
1963-08-19,44.45,44.72,44.24,44.42
1963-08-20,44.42,44.71,44.16,44.38
1963-08-21,44.38,44.59,44.14,44.32
1963-08-22,44.32,44.64,44.11,44.47
1963-08-23,44.47,44.84,44.34,44.61
1963-08-26,44.6,44.94,44.49,44.7
1963-08-27,44.69,44.77,44.3,44.45
1963-08-28,44.45,44.99,44.43,44.77
1963-08-29,44.77,45.09,44.64,44.84
1963-08-30,44.84,45.18,44.67,45.05
1963-09-03,45.05,45.41,44.92,45.15
1963-09-04,45.14,45.47,44.93,45.13
1963-09-05,45.13,45.47,44.82,45.35
1963-09-06,45.35,45.66,45.04,45.25
1963-09-09,45.25,45.49,44.88,45.08
1963-09-10,45.08,45.51,44.88,45.34
1963-09-11,45.33,45.83,45.23,45.46
1963-09-12,45.46,45.71,45.16,45.43
1963-09-13,45.42,45.7,45.22,45.44
1963-09-16,45.43,45.72,45.2,45.37
1963-09-17,45.37,45.72,45.2,45.4
1963-09-18,45.4,45.59,45.02,45.2
1963-09-19,45.19,45.61,45.08,45.45
1963-09-20,45.45,45.76,45.27,45.5
1963-09-23,45.5,45.64,45.08,45.29
1963-09-24,45.28,45.73,45.05,45.49
1963-09-25,45.49,45.84,45.05,45.24
1963-09-26,45.23,45.35,44.69,44.85
1963-09-27,44.85,45.05,44.43,44.76
1963-09-30,44.76,44.91,44.23,44.49
1963-10-01,44.49,45.08,44.41,44.81
1963-10-02,44.8,45.08,44.62,44.85
1963-10-03,44.85,45.35,44.73,45.18
1963-10-04,45.18,45.4,44.95,45.19
1963-10-07,45.19,45.45,44.9,45.09
1963-10-08,45.09,45.36,44.8,45.03
1963-10-09,44.64,44.64,44.4,44.57
1963-10-10,44.57,44.97,44.4,44.77
1963-10-11,44.77,45.09,44.56,44.81
1963-10-14,44.81,44.91,44.55,44.83
1963-10-15,44.83,45.13,44.63,44.89
1963-10-16,44.88,45.38,44.69,45.24
1963-10-17,45.23,45.73,45.15,45.41
1963-10-18,45.41,45.71,45.16,45.45
1963-10-21,45.45,45.78,45.27,45.48
1963-10-22,45.48,45.58,44.92,45.22
1963-10-23,45.22,45.58,44.99,45.24
1963-10-24,45.24,45.69,45.08,45.41
1963-10-25,45.41,46.11,45.27,45.86
1963-10-28,45.86,46.56,45.69,46.15
1963-10-29,46.14,46.58,45.83,46.13
1963-10-30,46.13,46.21,45.49,45.72
1963-10-31,45.72,46.06,45.38,45.85
1963-11-01,45.84,46.11,45.51,45.73
1963-11-04,45.73,46,45.27,45.49
1963-11-06,45.49,45.5,44.8,45.09
1963-11-07,45.09,45.5,44.95,45.24
1963-11-08,45.24,45.61,45.08,45.43
1963-11-11,44.9,44.9,44.22,44.48
1963-11-12,44.47,44.96,44.22,44.52
1963-11-13,45.13,45.61,45.13,45.37
1963-11-14,45.37,45.52,44.96,45.16
1963-11-15,45.16,45.31,44.62,44.78
1963-11-18,44.78,44.89,44.21,44.46
1963-11-19,44.46,44.94,44.2,44.5
1963-11-20,44.5,45.26,44.24,44.91
1963-11-21,44.9,45.09,44.18,44.32
1963-11-22,44.32,44.66,42.99,43.07
1963-11-26,44.18,45.01,44.18,44.78
1963-11-27,44.78,45.03,44.4,44.7
1963-11-29,44.7,45.45,44.57,45.3
1963-12-02,45.3,45.83,45.17,45.57
1963-12-03,45.56,45.78,45.24,45.54
1963-12-04,45.53,45.88,45.28,45.65
1963-12-05,45.64,46.12,45.43,45.94
1963-12-06,45.94,46.15,45.53,45.76
1963-12-09,45.76,46.01,45.49,45.73
1963-12-10,45.73,46.05,45.38,45.75
1963-12-11,45.75,45.98,45.49,45.69
1963-12-12,45.69,45.94,45.49,45.69
1963-12-13,45.69,45.99,45.55,45.78
1963-12-16,45.78,46.15,45.61,45.93
1963-12-17,45.92,46.41,45.78,46.2
1963-12-18,46.19,46.48,45.89,46.13
1963-12-19,46.12,46.3,45.78,45.98
1963-12-20,45.98,46.19,45.64,45.9
1963-12-23,45.9,46.01,45.41,45.61
1963-12-24,45.61,46.02,45.38,45.7
1963-12-26,45.7,46.11,45.56,45.92
1963-12-27,45.91,46.28,45.77,45.99
1963-12-30,45.98,46.29,45.79,46.06
1963-12-31,46.06,46.55,45.96,46.34
1964-01-02,46.35,46.82,46.23,46.6
1964-01-03,46.61,46.99,46.4,46.65
1964-01-06,46.66,47.05,46.46,46.77
1964-01-07,46.77,47.13,46.52,46.79
1964-01-08,46.8,47.2,46.61,46.99
1964-01-09,47,47.39,46.75,47.17
1964-01-10,47.18,47.42,46.84,47.15
1964-01-13,47.16,47.45,46.88,47.15
1964-01-14,47.16,47.55,46.95,47.24
1964-01-15,47.25,47.69,47.01,47.42
1964-01-16,47.43,47.79,47.07,47.38
1964-01-17,47.39,47.72,47.06,47.39
1964-01-20,47.4,47.79,47.07,47.31
1964-01-21,47.32,47.68,46.98,47.45
1964-01-22,47.45,48.08,47.35,47.71
1964-01-23,47.72,48.08,47.49,47.76
1964-01-24,47.76,48.05,47.45,47.78
1964-01-27,47.78,48.2,47.49,47.77
1964-01-28,47.77,48.07,47.5,47.79
1964-01-29,47.8,47.96,47.32,47.5
1964-01-30,47.51,47.87,47.28,47.56
1964-01-31,47.56,47.98,47.37,47.77
1964-02-03,47.78,48.1,47.47,47.74
1964-02-04,47.75,47.96,47.43,47.69
1964-02-05,47.7,47.95,47.38,47.62
1964-02-06,47.63,47.95,47.46,47.74
1964-02-07,47.75,48.11,47.58,47.91
1964-02-10,47.91,48.28,47.7,47.83
1964-02-11,47.84,48.21,47.69,48.02
1964-02-12,48.02,48.37,47.91,48.17
1964-02-13,48.18,48.41,47.89,48.15
1964-02-14,48.16,48.35,47.85,48.13
1964-02-17,48.14,48.42,47.87,48.13
1964-02-18,48.14,48.41,47.85,48.15
1964-02-19,48.15,48.47,47.94,48.2
1964-02-20,48.21,48.49,47.97,48.26
1964-02-24,48.27,48.6,48.05,48.3
1964-02-25,48.31,48.7,48.01,48.31
1964-02-26,48.32,48.6,48.1,48.44
1964-02-27,48.45,48.71,48.14,48.29
1964-02-28,48.3,48.57,48.04,48.41
1964-03-02,48.42,48.78,48.23,48.53
1964-03-03,48.53,48.96,48.36,48.69
1964-03-04,48.7,49,48.38,48.61
1964-03-05,48.61,48.84,48.31,48.61
1964-03-06,48.62,48.95,48.49,48.77
1964-03-09,48.78,49.14,48.56,48.79
1964-03-10,48.8,49.16,48.57,48.97
1964-03-11,48.97,49.49,48.89,49.2
1964-03-12,49.21,49.49,48.96,49.29
1964-03-13,49.3,49.62,49.09,49.33
1964-03-16,49.34,49.63,49.08,49.34
1964-03-17,49.35,49.67,49.12,49.46
1964-03-18,49.47,49.83,49.21,49.51
1964-03-19,49.52,49.81,49.24,49.47
1964-03-20,49.48,49.51,49.24,49.24
1964-03-23,49.25,49.51,48.96,49.26
1964-03-24,49.27,49.52,49,49.18
1964-03-25,49.19,49.52,48.8,49.3
1964-03-26,49.31,49.69,49.12,49.45
1964-03-30,49.45,49.75,49.18,49.42
1964-03-31,49.43,49.66,49.08,49.33
1964-04-01,49.34,49.72,49.15,49.5
1964-04-02,49.51,50.04,49.44,49.8
1964-04-03,49.81,50.23,49.65,49.96
1964-04-06,49.97,50.29,49.72,50.02
1964-04-07,50.03,50.29,49.65,49.85
1964-04-08,49.86,50.13,49.56,49.87
1964-04-09,49.88,50.18,49.63,49.84
1964-04-10,49.85,50.2,49.69,49.95
1964-04-13,49.96,50.24,49.69,49.91
1964-04-14,49.92,50.29,49.72,50.05
1964-04-15,50.06,50.38,49.84,50.12
1964-04-16,50.13,50.47,49.91,50.2
1964-04-17,50.21,50.7,50.08,50.43
1964-04-20,50.44,50.75,50.16,50.41
1964-04-21,50.42,50.72,50.14,50.44
1964-04-22,50.45,50.69,50.15,50.42
1964-04-23,50.43,50.88,50.18,50.36
1964-04-24,50.37,50.52,49.79,49.98
1964-04-27,49.98,50.15,49.45,49.73
1964-04-28,49.74,50.31,49.61,50.09
1964-04-29,50.1,50.53,49.71,49.97
1964-04-30,49.98,50.22,49.59,49.83
1964-05-01,49.84,50.47,49.84,50.28
1964-05-04,50.29,50.82,50.1,50.48
1964-05-05,50.49,50.95,50.19,50.75
1964-05-06,50.76,51.19,50.54,50.87
1964-05-07,50.88,51.29,50.63,50.94
1964-05-08,49.87,49.87,49.24,49.37
1964-05-11,50.6,51.18,50.6,50.8
1964-05-12,50.81,51.38,50.66,50.97
1964-05-13,50.98,51.29,50.66,50.86
1964-05-14,50.87,51.06,50.49,50.8
1964-05-15,50.81,51.18,50.58,50.96
1964-05-18,50.97,51.2,50.54,50.73
1964-05-19,50.74,50.94,50.26,50.48
1964-05-20,50.48,50.94,50.35,50.71
1964-05-21,50.72,51.24,50.53,50.9
1964-05-22,50.91,51.04,50.54,50.77
1964-05-25,50.78,51.05,50.45,50.68
1964-05-26,50.69,50.92,50.41,50.58
1964-05-27,50.59,50.8,50.2,50.51
1964-05-28,50.51,50.82,50.27,50.58
1964-06-01,50.59,50.88,50.25,50.43
1964-06-02,50.44,50.75,50.05,50.18
1964-06-03,50.19,50.45,49.92,50.06
1964-06-04,50.07,50.23,49.41,49.55
1964-06-05,49.56,50.05,49.45,49.78
1964-06-08,49.79,50.05,49.42,49.55
1964-06-09,49.56,50.03,49.25,49.87
1964-06-10,49.88,50.32,49.81,50.07
1964-06-11,50.08,50.52,49.95,50.26
1964-06-12,50.27,50.47,49.93,50.19
1964-06-15,50.2,50.66,50.07,50.43
1964-06-16,50.44,50.91,50.37,50.71
1964-06-17,50.72,51.18,50.61,50.98
1964-06-18,50.99,51.33,50.75,50.98
1964-06-19,50.99,51.27,50.73,51.05
1964-06-22,51.06,51.47,50.91,51.2
1964-06-23,51.21,51.41,50.82,50.99
1964-06-24,51,51.43,50.77,51.19
1964-06-25,51.2,51.62,51,51.29
1964-06-26,51.3,51.66,51.08,51.46
1964-06-29,51.47,51.87,51.24,51.58
1964-06-30,51.59,51.86,51.3,51.62
1964-07-01,51.63,52.15,51.48,52
1964-07-02,52.01,52.45,51.89,52.22
1964-07-06,52.23,52.72,52.08,52.47
1964-07-07,52.47,52.82,52.23,52.56
1964-07-08,52.57,52.85,52.23,52.57
1964-07-09,52.58,52.91,52.34,52.65
1964-07-10,52.66,53.14,52.43,52.74
1964-07-13,52.75,53.07,52.48,52.72
1964-07-14,52.73,52.98,52.36,52.57
1964-07-15,52.58,52.97,52.37,52.76
1964-07-16,52.77,53.17,52.59,52.96
1964-07-17,52.97,53.41,52.8,53.2
1964-07-20,53.21,53.42,52.85,53.04
1964-07-21,53.05,53.21,52.62,52.92
1964-07-22,52.94,53.2,52.57,52.92
1964-07-23,52.93,53.18,52.64,52.91
1964-07-24,52.92,53.2,52.66,52.9
1964-07-27,52.91,53.14,52.51,52.67
1964-07-28,52.68,52.82,52.25,52.54
1964-07-29,52.55,52.83,52.3,52.59
1964-07-30,52.6,52.97,52.42,52.71
1964-07-31,52.72,53.02,52.48,52.77
1964-08-03,52.78,52.98,52.45,52.67
1964-08-04,52.68,52.69,51.84,52.02
1964-08-05,52.03,52.31,51.29,52.11
1964-08-06,52.12,52.35,51.56,51.65
1964-08-07,51.65,52.2,51.56,51.98
1964-08-10,51.99,52.23,51.72,51.94
1964-08-11,51.95,52.25,51.74,51.94
1964-08-12,51.95,52.44,51.85,52.21
1964-08-13,52.22,52.66,52.1,52.37
1964-08-14,52.38,52.65,52.14,52.34
1964-08-17,52.35,52.67,52.14,52.36
1964-08-18,52.37,52.64,52.15,52.4
1964-08-19,52.4,52.66,52.14,52.35
1964-08-20,52.36,52.52,51.91,52.12
1964-08-21,52.13,52.44,51.94,52.21
1964-08-24,52.22,52.48,51.95,52.12
1964-08-25,52.13,52.27,51.68,51.83
1964-08-26,51.84,52.03,51.55,51.77
1964-08-27,51.77,52.17,51.62,52.02
1964-08-28,52.03,52.4,51.92,52.21
1964-08-31,52.22,52.53,51.88,52.12
1964-09-01,52.13,52.55,51.96,52.35
1964-09-02,52.36,52.73,52.21,52.44
1964-09-03,52.45,52.78,52.28,52.61
1964-09-04,52.62,52.92,52.46,52.75
1964-09-08,52.76,53.06,52.57,52.83
1964-09-09,52.84,53.25,52.63,52.95
1964-09-10,52.96,53.25,52.68,53
1964-09-11,53.01,53.48,52.81,53.23
1964-09-14,53.24,53.52,52.88,53.09
1964-09-15,53.1,53.4,52.76,52.96
1964-09-16,52.97,53.3,52.7,53.12
1964-09-17,53.13,53.73,53.09,53.48
1964-09-18,53.49,53.81,53.01,53.3
1964-09-21,53.31,53.84,53.26,53.55
1964-09-22,53.56,53.93,53.35,53.58
1964-09-23,53.59,53.9,53.31,53.6
1964-09-24,53.61,53.94,53.32,53.67
1964-09-25,53.68,54.08,53.4,53.81
1964-09-28,53.82,54.16,53.55,53.87
1964-09-29,53.88,54.21,53.6,53.85
1964-09-30,53.86,54.13,53.62,53.82
1964-10-01,53.83,54.06,53.55,53.77
1964-10-02,53.78,54.14,53.54,53.96
1964-10-05,53.97,54.54,53.87,54.21
1964-10-06,54.22,54.54,53.98,54.25
1964-10-07,54.26,54.56,54.03,54.27
1964-10-08,54.28,54.66,54.07,54.43
1964-10-09,54.44,54.8,54.24,54.56
1964-10-12,54.57,54.8,54.35,54.58
1964-10-13,54.59,54.8,54.2,54.41
1964-10-14,54.42,54.63,54.13,54.31
1964-10-15,54.32,54.45,53.59,53.98
1964-10-16,53.99,54.53,53.89,54.36
1964-10-19,54.37,54.71,54.14,54.43
1964-10-20,54.44,54.85,54.21,54.6
1964-10-21,54.61,54.91,54.35,54.56
1964-10-22,54.57,54.79,54.19,54.47
1964-10-23,54.48,54.79,54.24,54.61
1964-10-26,54.62,54.98,54.3,54.53
1964-10-27,54.54,54.8,54.29,54.54
1964-10-28,54.55,54.79,54.18,54.35
1964-10-29,54.36,54.66,54.15,54.39
1964-10-30,54.4,54.71,54.19,54.48
1964-11-02,54.49,54.93,54.27,54.7
1964-11-04,54.7,55.17,54.46,54.68
1964-11-05,54.69,55,54.42,54.7
1964-11-06,54.71,54.96,54.38,54.76
1964-11-09,54.77,55.08,54.58,54.74
1964-11-10,54.75,54.98,54.3,54.53
1964-11-11,54.54,54.83,54.31,54.69
1964-11-12,54.7,55.05,54.49,54.77
1964-11-13,54.78,55.1,54.51,54.8
1964-11-16,54.81,55.27,54.59,55.09
1964-11-17,55.1,55.68,54.99,55.34
1964-11-18,55.35,55.85,55.16,55.48
1964-11-19,55.49,55.71,55.09,55.46
1964-11-20,55.47,55.87,55.18,55.53
1964-11-23,55.55,55.74,55.03,55.37
1964-11-24,55.38,55.45,54.83,55.2
1964-11-25,55.21,55.5,54.81,55.02
1964-11-27,55.03,55.19,54.46,54.85
1964-11-30,54.87,55.03,54.18,54.39
1964-12-01,54.4,54.49,53.72,53.84
1964-12-02,53.85,54.29,53.57,54
1964-12-03,54.01,54.62,53.96,54.26
1964-12-04,54.38,54.38,54.38,54.38
1964-12-07,54.39,54.83,54.19,54.38
1964-12-08,54.39,54.64,53.98,54.18
1964-12-09,54.19,54.34,53.7,53.84
1964-12-10,53.85,54.17,53.54,53.84
1964-12-11,53.85,54.24,53.62,53.99
1964-12-14,54,54.33,53.64,53.86
1964-12-15,53.87,54.09,53.36,53.73
1964-12-16,53.73,54.2,53.59,53.95
1964-12-17,53.96,54.4,53.82,54.19
1964-12-18,54.2,54.68,54.09,54.45
1964-12-21,54.46,54.86,54.34,54.52
1964-12-22,54.52,54.85,54.24,54.49
1964-12-23,54.5,54.78,54.15,54.39
1964-12-24,54.4,54.68,54.13,54.4
1964-12-28,54.41,54.69,54.12,54.35
1964-12-29,54.37,54.55,53.92,54.2
1964-12-30,54.21,54.74,54.09,54.52
1964-12-31,54.53,55.1,54.46,54.83
1965-01-04,54.84,55.1,54.21,54.51
1965-01-05,54.53,55.04,54.39,54.79
1965-01-06,54.8,55.29,54.69,54.97
1965-01-07,54.99,55.47,54.84,55.23
1965-01-08,55.25,55.63,55.02,55.32
1965-01-11,55.34,55.63,55.04,55.36
1965-01-12,55.38,55.76,55.2,55.52
1965-01-13,55.53,55.96,55.37,55.68
1965-01-14,55.7,56.05,55.42,55.7
1965-01-15,55.72,56.16,55.57,55.96
1965-01-18,55.98,56.59,55.84,56.16
1965-01-19,56.18,56.57,55.96,56.27
1965-01-20,56.29,56.6,56.05,56.27
1965-01-21,56.29,56.49,55.92,56.24
1965-01-22,56.26,56.67,56.05,56.4
1965-01-25,56.42,56.77,56.2,56.5
1965-01-26,56.52,56.9,56.29,56.57
1965-01-27,56.59,57.07,56.44,56.78
1965-01-28,56.8,57.22,56.58,56.96
1965-01-29,56.98,57.45,56.79,57.03
1965-02-01,57.05,57.35,56.72,57.07
1965-02-02,57.09,57.32,56.73,57.07
1965-02-03,57.09,57.39,56.77,57.14
1965-02-04,57.16,57.44,56.79,57.12
1965-02-05,57.14,57.41,56.7,56.96
1965-02-08,56.79,56.79,56.1,56.76
1965-02-09,56.77,57.23,56.61,56.96
1965-02-10,56.98,57.28,56.3,56.47
1965-02-11,56.49,56.77,55.8,55.89
1965-02-12,55.91,56.53,55.91,56.32
1965-02-15,56.34,56.79,56.07,56.28
1965-02-16,56.3,56.45,55.81,56.04
1965-02-17,56.05,56.44,55.78,56.12
1965-02-18,56.14,56.6,55.94,56.32
1965-02-19,56.34,56.75,56.12,56.45
1965-02-23,56.47,56.99,56.35,56.75
1965-02-24,56.77,57.48,56.63,57.12
1965-02-25,57.14,57.48,56.83,57.16
1965-02-26,57.17,57.59,56.92,57.33
1965-03-01,57.35,57.67,57.01,57.23
1965-03-02,57.25,57.6,56.98,57.35
1965-03-03,57.37,57.65,57.02,57.27
1965-03-04,57.29,57.6,56.88,57.11
1965-03-05,57.13,57.31,56.49,57.01
1965-03-08,57.03,57.35,56.71,57.05
1965-03-09,57.07,57.36,56.74,56.98
1965-03-10,57,57.25,56.68,56.9
1965-03-11,56.92,57.41,56.68,57.16
1965-03-12,57.18,57.67,56.98,57.38
1965-03-15,57.4,57.87,57.15,57.42
1965-03-16,57.44,57.69,57.07,57.37
1965-03-17,57.39,57.64,57.06,57.32
1965-03-18,57.34,57.64,56.99,57.2
1965-03-19,57.22,57.59,56.97,57.24
1965-03-22,57.26,57.59,56.97,57.25
1965-03-23,57.27,57.61,57.02,57.34
1965-03-24,57.36,57.77,57.19,57.46
1965-03-25,57.48,57.75,57.13,57.32
1965-03-26,57.34,57.48,56.76,56.91
1965-03-29,56.94,57.24,56.57,56.82
1965-03-30,56.84,57.17,56.62,56.95
1965-03-31,56.98,57.27,56.73,56.95
1965-04-01,56.97,57.35,56.78,57.07
1965-04-02,57.09,57.47,56.94,57.23
1965-04-05,57.25,57.62,56.99,57.25
1965-04-06,57.27,57.52,56.98,57.25
1965-04-07,57.27,57.52,57.03,57.31
1965-04-08,57.33,57.86,57.19,57.65
1965-04-09,57.67,58.22,57.55,58.02
1965-04-12,58.04,58.57,57.87,58.29
1965-04-13,58.31,58.67,58.04,58.38
1965-04-14,58.4,58.8,58.18,58.53
1965-04-15,58.55,58.81,58.09,58.49
1965-04-19,58.51,59.01,58.34,58.75
1965-04-20,58.77,59.14,58.44,58.74
1965-04-21,58.76,59,58.25,58.65
1965-04-22,58.67,59.22,58.55,58.99
1965-04-23,59.01,59.43,58.81,59.08
1965-04-26,59.1,59.37,58.71,59.1
1965-04-27,59.13,59.62,59.01,59.23
1965-04-28,59.25,59.54,58.89,59.22
1965-04-29,59.24,59.53,58.89,59.19
1965-04-30,59.22,59.55,58.93,59.34
1965-05-03,59.36,59.74,59.03,59.44
1965-05-04,59.46,59.9,59.18,59.64
1965-05-05,59.66,60.26,59.42,59.8
1965-05-06,59.82,60.39,59.61,59.96
1965-05-07,59.98,60.23,59.59,59.93
1965-05-10,59.95,60.2,59.53,59.83
1965-05-11,59.85,60.06,59.44,59.78
1965-05-12,59.8,60.3,59.63,60.06
1965-05-13,60.08,60.57,59.91,60.3
1965-05-14,60.32,60.58,59.89,60.21
1965-05-17,60.23,60.46,59.65,59.85
1965-05-18,59.88,60.08,59.43,59.82
1965-05-19,59.84,60.3,59.65,59.98
1965-05-20,60.01,60.13,59.38,59.68
1965-05-21,59.7,59.85,59.18,59.41
1965-05-24,59.43,59.52,58.76,58.99
1965-05-25,59.01,59.59,58.83,59.35
1965-05-26,59.37,59.79,59,59.17
1965-05-27,59.19,59.23,58.48,58.88
1965-05-28,58.91,59.47,58.73,59.29
1965-06-01,59.31,59.57,58.95,59.52
1965-06-02,58.97,58.97,57.88,58.44
1965-06-03,58.47,59.11,58.12,58.34
1965-06-04,58.36,58.73,57.99,58.5
1965-06-07,58.52,58.75,57.8,58.37
1965-06-08,58.39,58.53,57.62,57.75
1965-06-09,57.77,58.06,56.98,57.17
1965-06-10,57.19,57.72,56.56,56.98
1965-06-11,57,57.64,56.85,57.27
1965-06-14,57.28,57.66,56.29,56.54
1965-06-15,56.56,57.13,55.88,56.88
1965-06-16,56.96,57.78,56.96,57.38
1965-06-17,57.4,58.09,57.25,57.76
1965-06-18,57.78,58.03,57.22,57.52
1965-06-21,57.54,57.74,56.99,57.34
1965-06-22,57.36,57.8,57.16,57.47
1965-06-23,57.49,57.75,57.02,57.12
1965-06-24,57.15,57.19,56.22,56.4
1965-06-25,56.42,56.6,55.77,56.08
1965-06-28,56.1,56.29,54.95,55.11
1965-06-29,55.13,56.1,54.55,55.68
1965-06-30,56.08,57.2,56.08,56.85
1965-07-01,56.88,57.23,56.5,57.12
1965-07-02,57.14,57.76,56.9,57.6
1965-07-06,57.62,57.94,57.22,57.51
1965-07-07,57.53,57.63,57.05,57.31
1965-07-08,57.33,57.96,57.07,57.82
1965-07-09,57.84,58.33,57.65,58.05
1965-07-12,58.08,58.33,57.76,58.06
1965-07-13,58.08,58.3,57.7,58.02
1965-07-14,58.04,58.47,57.76,58.23
1965-07-15,58.25,58.65,57.95,58.15
1965-07-16,58.17,58.45,57.85,58.15
1965-07-19,58.17,58.4,57.84,58.13
1965-07-20,58.15,58.3,57.3,57.41
1965-07-21,57.43,57.63,56.9,57.11
1965-07-22,57.13,57.39,56.76,56.98
1965-07-23,57,57.45,56.81,57.15
1965-07-26,57.17,57.44,56.77,57.16
1965-07-27,57.18,57.54,56.86,57.05
1965-07-28,57.08,57.52,56.69,57.18
1965-07-29,57.2,57.87,57.04,57.65
1965-07-30,57.67,58.32,57.64,58.06
1965-08-02,58.08,58.5,57.82,58.19
1965-08-03,58.21,58.48,57.79,58.24
1965-08-04,58.26,58.71,58.1,58.49
1965-08-05,58.51,58.84,58.26,58.51
1965-08-06,58.53,58.95,58.28,58.72
1965-08-09,58.74,59.06,58.37,58.6
1965-08-10,58.62,58.93,58.34,58.63
1965-08-11,58.65,59.06,58.49,58.83
1965-08-12,58.85,59.27,58.66,59.02
1965-08-13,59.04,59.56,58.84,59.3
1965-08-16,59.33,59.78,59.12,59.4
1965-08-17,59.42,59.79,59.15,59.53
1965-08-18,59.55,59.92,59.27,59.52
1965-08-19,59.54,59.88,59.2,59.41
1965-08-20,59.43,59.67,59.03,59.36
1965-08-23,59.38,59.66,59.06,59.29
1965-08-24,59.31,59.74,59.08,59.41
1965-08-25,59.44,59.82,59.18,59.51
1965-08-26,59.53,60.01,59.25,59.75
1965-08-27,59.77,60.19,59.55,59.82
1965-08-30,59.84,60.14,59.54,59.84
1965-08-31,59.87,60.26,59.57,59.84
1965-09-01,59.86,60.18,59.53,59.86
1965-09-02,59.88,60.42,59.75,60.21
1965-09-03,60.23,60.76,60.15,60.52
1965-09-07,60.54,61.03,60.33,60.74
1965-09-08,60.77,61.26,60.47,60.97
1965-09-09,60.99,61.55,60.78,61.15
1965-09-10,61.17,61.84,60.84,61.33
1965-09-13,61.36,61.9,61.12,61.53
1965-09-14,61.56,61.99,61.08,61.32
1965-09-15,61.34,61.98,61.12,61.68
1965-09-16,62.04,62.04,62.04,62.04
1965-09-17,62.07,62.38,61.58,62.09
1965-09-20,62.11,62.54,61.74,62.13
1965-09-21,62.15,62.55,61.7,61.97
1965-09-22,61.99,62.58,61.74,62.27
1965-09-23,62.3,62.68,61.75,62.05
1965-09-24,62.07,62.49,61.56,62.18
1965-09-27,62.64,62.64,62.64,62.64
1965-09-28,62.66,62.99,62.09,62.51
1965-09-29,62.53,63,61.93,62.25
1965-09-30,62.27,62.75,61.92,62.23
1965-10-01,62.25,62.61,61.8,62.21
1965-10-04,62.23,62.69,61.94,62.36
1965-10-05,62.38,63.03,62.27,62.76
1965-10-06,62.78,63,62.17,62.72
1965-10-07,62.75,63.13,62.43,62.7
1965-10-08,62.72,63.3,62.6,62.98
1965-10-11,63.01,63.69,62.92,63.37
1965-10-12,63.39,63.79,63.02,63.38
1965-10-13,63.4,63.72,62.97,63.39
1965-10-14,63.42,63.81,62.98,63.31
1965-10-15,63.34,63.96,63.04,63.47
1965-10-18,63.49,64.12,63.27,63.7
1965-10-19,63.72,64.26,63.49,63.81
1965-10-20,63.83,64.15,63.36,63.82
1965-10-21,63.84,64.35,63.59,63.95
1965-10-22,63.98,64.53,63.7,64
1965-10-25,64.03,64.54,63.58,63.81
1965-10-26,63.83,64.5,63.62,64.2
1965-10-27,64.23,64.92,64.05,64.44
1965-10-28,64.47,64.77,63.83,64.26
1965-10-29,64.28,64.79,64.02,64.43
1965-11-01,64.45,64.8,63.97,64.32
1965-11-03,64.34,64.73,63.92,64.4
1965-11-04,64.42,64.95,64.14,64.53
1965-11-05,64.55,64.87,64.08,64.49
1965-11-08,64.51,64.93,63.99,64.41
1965-11-09,64.44,64.73,63.91,64.23
1965-11-10,64.25,64.58,63.85,64.18
1965-11-11,64.21,64.58,63.84,64.4
1965-11-12,64.43,65.1,64.23,64.73
1965-11-15,64.76,65.28,64.4,64.81
1965-11-16,64.84,65.19,64.33,64.68
1965-11-17,64.71,65.32,64.31,64.84
1965-11-18,64.86,65.1,64.25,64.6
1965-11-19,64.62,65.08,64.28,64.64
1965-11-22,64.66,64.83,63.9,64.24
1965-11-23,64.26,64.69,63.92,64.36
1965-11-24,64.39,64.89,63.94,64.5
1965-11-26,64.52,65.02,64.14,64.58
1965-11-29,64.61,65.01,64.15,64.45
1965-11-30,64.47,64.71,63.78,64.34
1965-12-01,64.36,64.82,63.95,64.28
1965-12-02,64.31,64.62,63.74,64.11
1965-12-03,64.13,64.54,63.65,64.17
1965-12-06,64.15,64.15,62.74,63.72
1965-12-07,63.74,64.73,63.64,64.3
1965-12-08,64.33,64.93,63.94,64.25
1965-12-09,64.27,64.82,63.98,64.47
1965-12-10,64.5,65,64.2,64.66
1965-12-13,64.69,65.15,64.31,64.71
1965-12-14,64.73,65.27,64.4,64.77
1965-12-15,64.79,65.35,64.38,64.89
1965-12-16,64.92,65.57,64.57,64.99
1965-12-17,65.01,65.46,64.58,64.98
1965-12-20,65.01,65.2,64.31,64.7
1965-12-21,64.73,65.39,64.44,64.98
1965-12-22,65.01,65.76,64.67,65.2
1965-12-23,65.23,65.65,64.73,65.16
1965-12-27,65.18,65.55,64.54,64.71
1965-12-28,64.73,65.17,64.1,64.74
1965-12-29,64.77,65.37,64.49,64.96
1965-12-30,64.99,65.6,64.78,65.26
1965-12-31,65.29,65.89,65.02,65.45
1966-01-03,65.46,65.78,64.9,65.29
1966-01-04,65.3,65.91,64.95,65.36
1966-01-05,65.37,66.13,65.18,65.79
1966-01-06,65.8,66.37,65.56,65.95
1966-01-07,65.96,66.38,65.55,66.02
1966-01-10,66.03,66.6,65.76,66.17
1966-01-11,66.18,66.69,65.84,66.24
1966-01-12,66.25,66.66,65.82,66.1
1966-01-13,66.11,66.68,65.75,66.23
1966-01-14,66.24,66.8,65.97,66.34
1966-01-17,66.36,67.04,66.07,66.55
1966-01-18,66.56,67.18,66.18,66.69
1966-01-19,66.7,67.18,66.14,66.52
1966-01-20,66.53,66.99,65.95,66.3
1966-01-21,66.31,66.74,65.77,66.39
1966-01-24,66.4,67.07,66.12,66.57
1966-01-25,66.59,67.19,66.25,66.69
1966-01-26,66.7,67.18,66.22,66.59
1966-01-27,66.61,67.06,66.17,66.58
1966-01-28,66.6,66.94,66.01,66.34
1966-01-31,66.36,66.68,65.75,66.05
1966-02-01,66.06,66.41,65.16,65.55
1966-02-02,65.56,66.1,64.97,65.83
1966-02-03,65.84,66.65,65.54,65.93
1966-02-04,65.94,66.69,65.71,66.38
1966-02-07,66.39,67.07,66.1,66.62
1966-02-08,66.64,67.14,65.92,66.61
1966-02-09,66.62,67.45,66.44,66.98
1966-02-10,67,67.45,66.47,66.83
1966-02-11,66.85,67.34,66.44,66.83
1966-02-14,66.85,67.27,66.38,66.65
1966-02-15,66.66,67.03,66.05,66.41
1966-02-16,66.42,66.83,66.03,66.41
1966-02-17,66.43,66.72,65.68,66.07
1966-02-18,66.08,66.42,65.47,65.91
1966-02-21,65.92,66.22,65.16,65.53
1966-02-23,65.55,65.79,64.92,65.27
1966-02-24,65.28,65.52,64.55,64.86
1966-02-25,64.87,65.58,64.55,65.05
1966-02-28,65.06,65.64,64.72,65.12
1966-03-01,65.14,65.44,64.09,64.31
1966-03-02,64.32,64.74,63.35,63.67
1966-03-03,63.68,64.31,63.05,63.91
1966-03-04,63.92,64.48,63.39,63.76
1966-03-07,63.77,63.88,62.65,62.92
1966-03-08,62.93,63.62,62.31,63.03
1966-03-09,63.04,63.78,62.88,63.6
1966-03-10,63.61,64.46,63.18,63.61
1966-03-11,63.63,64.11,63.15,63.55
1966-03-14,63.56,63.61,62.64,62.84
1966-03-15,62.86,63.11,62.03,62.5
1966-03-16,62.51,63.37,62.33,62.88
1966-03-17,62.89,63.42,62.6,63.11
1966-03-18,63.13,63.88,62.88,63.38
1966-03-21,63.4,64.26,63.3,63.88
1966-03-22,63.89,64.66,63.75,64.08
1966-03-23,64.09,64.33,63.54,63.85
1966-03-24,63.87,64.35,63.54,63.98
1966-03-25,63.99,64.6,63.76,64.17
1966-03-28,64.19,64.81,63.91,64.24
1966-03-29,64.26,64.56,63.55,64
1966-03-30,64.02,64.23,63.33,63.67
1966-03-31,63.68,64.34,63.46,64
1966-04-01,64.02,64.83,63.82,64.53
1966-04-04,64.54,65.54,64.53,65.13
1966-04-05,65.14,66.06,64.93,65.54
1966-04-06,65.55,66.12,65.16,65.73
1966-04-07,65.74,66.36,65.33,65.89
1966-04-11,65.9,66.5,65.41,65.92
1966-04-12,65.93,66.45,65.31,65.69
1966-04-13,65.7,66.68,65.19,65.77
1966-04-14,65.78,66.69,65.48,66.02
1966-04-15,66.03,66.67,65.61,66.12
1966-04-18,66.13,66.56,65.48,65.84
1966-04-19,65.85,66.38,65.36,65.84
1966-04-20,65.86,66.71,65.69,66.22
1966-04-21,66.24,66.91,66.02,66.48
1966-04-22,66.5,66.82,65.91,66.39
1966-04-25,66.4,66.83,65.78,66.27
1966-04-26,66.28,66.78,65.84,66.21
1966-04-27,66.23,66.59,65.59,66.06
1966-04-28,66.08,66.19,64.98,65.62
1966-04-29,65.64,66.16,65.23,65.59
1966-05-02,65.6,66.1,65.14,65.48
1966-05-03,65.5,65.64,64.46,64.74
1966-05-04,64.75,64.94,63.81,64.42
1966-05-05,64.44,64.71,63.15,63.38
1966-05-06,63.4,63.82,62.18,63.33
1966-05-09,63.34,63.43,61.96,62.25
1966-05-10,62.26,63.39,62.12,62.81
1966-05-11,62.82,63.76,62.65,62.93
1966-05-12,62.94,63.13,61.85,62.22
1966-05-13,62.23,62.29,61.18,61.69
1966-05-16,61.7,62.11,60.57,60.93
1966-05-17,60.95,61.4,60.06,60.38
1966-05-18,60.46,61.85,60.46,61.47
1966-05-19,61.48,62.36,61.07,61.41
1966-05-20,61.42,61.98,60.84,61.72
1966-05-23,61.73,62.8,61.63,62.29
1966-05-24,62.3,63.39,62.3,62.72
1966-05-25,62.73,63.24,62.21,62.95
1966-05-26,62.96,63.54,62.58,62.96
1966-05-27,62.97,63.23,62.51,63.16
1966-05-31,63.17,63.4,62.07,62.3
1966-06-01,62.32,62.69,61.7,62.3
1966-06-02,62.31,62.85,61.91,62.21
1966-06-03,62.22,62.65,61.84,62.29
1966-06-06,62.31,62.47,61.56,61.84
1966-06-07,61.85,61.94,61.01,61.43
1966-06-08,61.44,61.88,61.06,61.51
1966-06-09,61.53,62.29,61.26,61.94
1966-06-10,61.95,63.02,61.82,62.63
1966-06-13,62.65,63.48,62.47,62.93
1966-06-14,62.94,63.48,62.35,63.12
1966-06-15,63.13,63.62,62.59,62.88
1966-06-16,62.9,63.22,62.28,62.71
1966-06-17,62.72,63.18,62.3,62.75
1966-06-20,62.76,63.14,62.28,62.74
1966-06-21,62.75,63.33,62.46,62.92
1966-06-22,62.93,63.42,62.53,63.03
1966-06-23,63.05,63.69,62.51,62.79
1966-06-24,62.81,63.4,62.21,62.87
1966-06-27,62.88,63.41,62.29,62.52
1966-06-28,62.53,62.78,61.74,62.23
1966-06-29,62.24,62.47,61.41,61.66
1966-06-30,61.67,62.04,60.86,61.58
1966-07-01,61.59,62.57,61.59,62.23
1966-07-05,62.24,62.82,61.86,62.39
1966-07-06,62.4,63.54,62.22,63.31
1966-07-07,63.32,64.02,63.03,63.55
1966-07-08,63.56,64.05,63.18,63.73
1966-07-11,63.75,64.17,63.28,63.63
1966-07-12,63.64,63.88,62.91,63.23
1966-07-13,63.24,63.37,62.48,62.82
1966-07-14,62.83,63.59,62.5,63.21
1966-07-15,63.22,63.85,62.95,63.41
1966-07-18,63.43,63.8,62.95,63.36
1966-07-19,63.37,63.51,62.47,62.89
1966-07-20,62.91,63.13,62.13,62.31
1966-07-21,62.32,62.85,61.78,62.33
1966-07-22,62.34,62.77,61.91,62.26
1966-07-25,62.27,62.39,60.93,61.12
1966-07-26,61.14,61.75,60.57,61.04
1966-07-27,61.05,61.88,60.91,61.34
1966-07-28,61.36,61.84,60.88,61.12
1966-07-29,61.13,61.52,60.64,61.01
1966-08-01,60.95,60.95,59.84,60.08
1966-08-02,60.09,60.62,59.7,60.1
1966-08-03,60.12,61.12,60.09,60.72
1966-08-04,60.73,61.74,60.67,61.3
1966-08-05,61.31,61.87,60.95,61.36
1966-08-08,61.38,61.6,60.62,61.19
1966-08-09,61.2,61.65,60.69,61.02
1966-08-10,61.03,61.28,60.44,60.75
1966-08-11,60.76,61.07,60.2,60.7
1966-08-12,60.71,61.34,60.38,60.82
1966-08-15,60.83,61.21,60.26,60.52
1966-08-16,60.51,60.51,59.45,59.72
1966-08-17,59.73,59.93,58.93,59.4
1966-08-18,59.41,59.56,58.26,58.67
1966-08-19,58.68,59.13,58.01,58.28
1966-08-22,58.3,58.49,56.8,57.29
1966-08-23,57.3,58.03,56.43,57.2
1966-08-24,57.22,58.33,57.08,57.92
1966-08-25,57.93,58.46,57,57.19
1966-08-26,57.05,57.05,55.77,55.99
1966-08-29,55.88,55.88,54.37,54.63
1966-08-30,54.64,56.05,54.18,55.61
1966-08-31,55.71,57.24,55.71,56.53
1966-09-01,56.55,57.57,56.22,56.99
1966-09-02,57,57.37,55.95,56.79
1966-09-06,56.8,57.35,56.17,56.47
1966-09-07,56.48,56.7,55.61,56.05
1966-09-08,56.06,56.48,55.08,55.82
1966-09-09,55.84,56.49,55.38,56.01
1966-09-12,56.16,57.53,56.16,57.21
1966-09-13,57.23,58.14,57.04,57.53
1966-09-14,57.54,58.35,57.1,58.13
1966-09-15,58.15,59.23,57.95,58.84
1966-09-16,58.86,59.39,58.3,58.79
1966-09-19,58.8,59.18,58.09,58.51
1966-09-20,58.52,58.75,57.77,58.12
1966-09-21,58.13,58.21,57.01,57.15
1966-09-22,57.16,57.68,56.5,57.33
1966-09-23,57.34,57.7,56.76,57.15
1966-09-26,57.16,57.65,56.58,57.3
1966-09-27,57.31,58.22,57.09,57.49
1966-09-28,57.5,57.69,56.47,56.77
1966-09-29,56.78,56.91,55.85,56.19
1966-09-30,56.2,56.78,55.57,56.39
1966-10-03,56.4,56.71,55.04,55.18
1966-10-04,55.19,55.82,54.46,55.34
1966-10-05,55.35,56.09,54.77,55.05
1966-10-06,55.06,55.35,54.16,54.59
1966-10-07,54.6,55.05,53.65,53.97
1966-10-10,53.98,55.29,53.3,54.96
1966-10-11,54.97,56.21,54.74,55.25
1966-10-12,55.27,57,54.87,56.84
1966-10-13,56.85,57.89,56.24,56.74
1966-10-14,56.75,57.42,56.1,56.54
1966-10-17,56.55,57.88,56.46,57.19
1966-10-18,57.2,58.39,57.11,58.1
1966-10-19,58.11,58.6,57.27,57.64
1966-10-20,57.66,58.33,57.07,57.5
1966-10-21,57.51,58.09,57.01,57.77
1966-10-24,57.78,58.53,57.44,57.95
1966-10-25,57.97,58.56,57.33,58.32
1966-10-26,58.33,59.36,58.19,58.84
1966-10-27,58.85,59.69,58.63,59.33
1966-10-28,59.34,59.84,58.79,59.35
1966-10-31,59.36,59.79,58.7,59.33
1966-11-01,59.34,60.07,59.04,59.8
1966-11-02,59.81,60.45,59.43,59.86
1966-11-03,59.87,60.22,59.21,59.64
1966-11-04,59.65,60.13,58.97,59.83
1966-11-07,59.85,60.34,59.37,59.79
1966-11-09,59.8,60.67,59.6,60.28
1966-11-10,60.29,61.07,60.01,60.67
1966-11-11,60.69,61.03,60.23,60.72
1966-11-14,60.73,60.91,59.9,60.31
1966-11-15,60.33,60.84,59.92,60.56
1966-11-16,60.58,61.55,60.47,61.08
1966-11-17,61.09,61.41,60.26,60.67
1966-11-18,60.68,60.87,59.93,60.28
1966-11-21,60.17,60.17,59,59.43
1966-11-22,59.44,59.61,58.55,59.13
1966-11-23,59.14,60.02,58.93,59.54
1966-11-25,59.55,60.41,59.27,60.03
1966-11-28,60.04,60.44,59.38,59.94
1966-11-29,59.95,60.28,59.38,59.73
1966-11-30,59.75,60.1,59.15,59.77
1966-12-01,59.78,60.22,59.2,59.51
1966-12-02,59.52,60.42,59.08,59.56
1966-12-05,59.57,60.08,59.18,59.65
1966-12-06,59.66,60.45,59.45,60.11
1966-12-07,60.12,61.13,59.94,60.78
1966-12-08,60.79,61.54,60.51,61.04
1966-12-09,61.05,61.52,60.51,61.12
1966-12-12,61.13,62.17,60.98,61.77
1966-12-13,61.78,62.44,61.25,61.58
1966-12-14,61.6,62.06,61.03,61.53
1966-12-15,61.54,61.73,60.47,60.8
1966-12-16,60.81,61.23,60.29,60.77
1966-12-19,60.78,61.14,60.02,60.55
1966-12-20,60.56,60.87,59.84,60.33
1966-12-21,60.34,61.05,59.94,60.66
1966-12-22,60.67,61.38,60.38,60.9
1966-12-23,60.91,61.31,60.38,60.75
1966-12-27,60.76,61.04,60.08,60.41
1966-12-28,60.42,60.92,59.89,60.13
1966-12-29,60.15,60.5,59.57,59.97
1966-12-30,59.98,60.55,59.45,59.95
1967-01-03,59.97,60.93,59.42,60.01
1967-01-04,60.03,60.5,59.32,60.16
1967-01-05,60.18,61.21,60.14,60.96
1967-01-06,60.99,61.88,60.78,61.42
1967-01-09,61.44,62.29,61.14,61.91
1967-01-10,61.94,62.48,61.49,61.94
1967-01-11,61.96,62.79,60.88,62.45
1967-01-12,62.47,63.47,62.2,62.8
1967-01-13,62.83,63.57,62.22,63.29
1967-01-16,63.31,63.88,62.71,63.15
1967-01-17,63.17,64.3,62.96,63.87
1967-01-18,63.89,64.73,63.64,64.3
1967-01-19,64.33,64.94,63.86,64.35
1967-01-20,64.37,64.86,63.81,64.56
1967-01-23,64.58,66.16,64.26,64.82
1967-01-24,64.85,65.31,64.02,64.94
1967-01-25,64.96,65.34,64.18,64.47
1967-01-26,64.49,65.1,63.75,64.46
1967-01-27,64.48,65.2,64.13,64.75
1967-01-30,64.77,65.66,64.53,65.14
1967-01-31,65.17,65.77,64.72,65.13
1967-02-01,65.16,65.48,64.46,65.02
1967-02-02,65.04,65.71,64.62,65.27
1967-02-03,65.29,66.23,65.13,65.77
1967-02-06,65.79,66.26,65.23,65.66
1967-02-07,65.68,65.94,65.15,65.51
1967-02-08,65.53,66.51,65.3,66.11
1967-02-09,66.14,66.78,65.58,65.86
1967-02-10,65.89,66.51,65.46,66.09
1967-02-13,66.11,66.54,65.6,66.08
1967-02-14,66.1,66.98,65.78,66.55
1967-02-15,66.57,67.2,66.16,66.65
1967-02-16,66.67,67.07,66.04,66.36
1967-02-17,66.39,66.79,65.92,66.41
1967-02-20,66.43,66.61,65.5,66.06
1967-02-21,66.09,66.55,65.63,66.04
1967-02-23,66.07,66.56,65.54,66.15
1967-02-24,66.17,66.71,65.65,66.14
1967-02-27,66.17,66.32,64.86,65.45
1967-02-28,65.47,66.08,64.83,65.72
1967-03-01,65.74,66.94,65.66,66.42
1967-03-02,66.44,67.33,66.22,66.81
1967-03-03,66.83,67.47,66.34,66.93
1967-03-06,66.96,67.56,66.33,66.81
1967-03-07,66.84,67.32,66.26,66.88
1967-03-08,66.91,67.62,66.55,66.99
1967-03-09,67.02,67.6,66.58,67.21
1967-03-10,67.24,68.64,67.18,67.51
1967-03-13,67.54,67.93,66.81,67.19
1967-03-14,67.21,67.7,66.56,67.15
1967-03-15,67.17,68.12,66.91,67.81
1967-03-16,67.84,68.96,67.76,68.52
1967-03-17,68.55,69.12,68.02,68.67
1967-03-20,68.7,69.17,68.01,68.66
1967-03-21,68.68,69.33,68.17,68.53
1967-03-22,68.56,69.09,67.92,68.75
1967-03-23,68.77,69.73,68.61,69.3
1967-03-27,69.32,69.92,68.75,69.27
1967-03-28,69.3,69.87,68.81,69.33
1967-03-29,69.35,69.76,68.79,69.21
1967-03-30,69.24,69.69,68.73,69.22
1967-03-31,69.24,69.59,68.52,68.86
1967-04-03,68.89,69.02,67.79,68.15
1967-04-04,68.18,68.71,67.58,68.16
1967-04-05,68.19,69.02,67.96,68.62
1967-04-06,68.65,69.38,68.38,68.76
1967-04-07,68.79,69.3,68.04,68.35
1967-04-10,68.34,68.34,67.22,67.52
1967-04-11,67.54,68.38,67.3,68.03
1967-04-12,68.06,68.56,67.66,67.98
1967-04-13,68,68.83,67.78,68.53
1967-04-14,68.55,69.79,68.4,69.29
1967-04-17,69.32,70.35,69.13,69.81
1967-04-18,69.84,70.79,69.55,70.44
1967-04-19,70.47,71.14,70,70.53
1967-04-20,70.56,71.07,70,70.69
1967-04-21,70.71,71.32,70.23,70.86
1967-04-24,70.88,71.77,70.48,71.13
1967-04-25,71.16,71.89,70.69,71.53
1967-04-26,71.56,72.24,71.05,71.49
1967-04-27,71.52,72.46,71.05,72.12
1967-04-28,72.15,72.89,71.78,72.31
1967-05-01,72.33,72.79,71.62,72.2
1967-05-02,72.23,72.67,71.63,72.1
1967-05-03,72.12,72.75,71.56,72.31
1967-05-04,72.34,73.11,71.95,72.65
1967-05-05,72.68,73.31,72.16,72.77
1967-05-08,72.8,73.4,72.24,72.91
1967-05-09,72.93,73.45,71.93,72.18
1967-05-10,72.2,72.55,71.36,72.01
1967-05-11,72.04,72.83,71.69,72.35
1967-05-12,72.38,72.92,71.75,72.17
1967-05-15,72.19,72.4,71.26,71.6
1967-05-16,71.63,72.51,71.22,71.96
1967-05-17,71.98,72.46,71.37,71.71
1967-05-18,71.73,72.14,71.11,71.54
1967-05-19,71.57,71.82,70.69,71.21
1967-05-22,71.24,71.49,70.28,70.93
1967-05-23,70.96,71.27,70.11,70.61
1967-05-24,70.64,70.74,69.44,69.83
1967-05-25,69.86,71.14,69.75,70.64
1967-05-26,70.66,71.06,70,70.5
1967-05-29,70.53,70.71,69.71,70.15
1967-05-31,70.1,70.1,68.79,69.08
1967-06-01,69.11,70.41,68.9,70
1967-06-02,70.03,70.55,69.28,69.68
1967-06-05,69.53,69.53,67.69,68.65
1967-06-06,68.72,70.36,68.72,70.08
1967-06-07,70.1,71.28,69.86,70.63
1967-06-08,70.66,71.33,70.14,71.04
1967-06-09,71.07,71.74,70.58,71.19
1967-06-12,71.22,72.07,70.88,71.59
1967-06-13,71.62,72.58,71.31,72.07
1967-06-14,72.1,72.56,71.47,71.93
1967-06-15,71.95,72.62,71.45,72.02
1967-06-16,72.05,72.67,71.65,72.09
1967-06-19,72.09,72.09,72.09,72.09
1967-06-20,72.1,72.1,72.1,72.1
1967-06-21,71.91,71.91,71.91,71.91
1967-06-22,71.75,71.75,71.75,71.75
1967-06-23,71.8,71.8,71.8,71.8
1967-06-26,71.55,71.55,71.55,71.55
1967-06-27,71.31,71.31,71.31,71.31
1967-06-28,71.35,71.35,71.35,71.35
1967-06-29,71.01,71.01,71.01,71.01
1967-06-30,70.88,70.88,70.88,70.88
1967-07-03,70.9,71.44,70.5,71.11
1967-07-05,71.14,71.92,70.87,71.49
1967-07-06,71.52,72.05,70.96,71.49
1967-07-07,71.52,72.27,71.08,71.81
1967-07-10,71.83,72.7,71.38,72.12
1967-07-11,72.14,73.01,71.78,72.48
1967-07-12,72.51,72.99,71.83,72.45
1967-07-13,72.47,73.08,72.02,72.49
1967-07-14,72.52,73.25,72.08,72.77
1967-07-17,72.8,73.42,72.29,72.8
1967-07-18,72.83,73.85,72.48,73.42
1967-07-19,73.45,74.16,72.92,73.56
1967-07-20,73.59,74.25,73.09,73.75
1967-07-21,73.78,74.62,73.3,73.93
1967-07-24,73.96,74.46,73.07,73.71
1967-07-25,73.74,74.39,73.19,73.36
1967-07-26,73.38,74.54,73.29,74.03
1967-07-27,74.06,74.95,73.62,74.28
1967-07-28,74.31,75.01,73.86,74.42
1967-07-31,74.45,75.26,74.07,74.66
1967-08-01,74.69,75.55,74.25,75.17
1967-08-02,75.2,76.2,74.94,75.53
1967-08-03,75.56,76.01,74.48,75.46
1967-08-04,75.49,76.18,75.09,75.62
1967-08-07,75.65,76.13,75.01,75.45
1967-08-08,75.48,76.04,75.06,75.57
1967-08-09,75.6,76.22,75.14,75.67
1967-08-10,75.7,76.4,75.12,75.5
1967-08-11,75.53,75.89,74.81,75.23
1967-08-14,75.26,75.46,74.37,74.86
1967-08-15,74.89,75.6,74.52,74.99
1967-08-16,75.02,75.32,74.35,74.84
1967-08-17,74.87,75.49,74.52,74.94
1967-08-18,74.96,75.57,74.59,75.08
1967-08-21,75.11,75.46,74.33,74.69
1967-08-22,74.72,75.09,74.01,74.32
1967-08-23,74.34,74.67,73.58,74.24
1967-08-24,74.27,74.8,73.6,73.86
1967-08-25,73.89,74.12,73.05,73.58
1967-08-28,73.61,74.09,73.06,73.56
1967-08-29,73.58,74.33,73.21,73.78
1967-08-30,73.8,74.43,73.45,73.95
1967-08-31,73.98,74.87,73.8,74.44
1967-09-01,74.47,74.92,73.96,74.5
1967-09-05,74.53,75.34,74.27,74.95
1967-09-06,74.98,75.65,74.59,75.12
1967-09-07,75.15,75.59,74.6,75.1
1967-09-08,75.13,75.7,74.63,75.15
1967-09-11,75.18,75.9,74.8,75.33
1967-09-12,75.36,76.11,74.93,75.72
1967-09-13,75.74,77.04,75.59,76.54
1967-09-14,76.57,77.7,76.25,76.74
1967-09-15,76.77,77.36,76.19,76.82
1967-09-18,76.85,77.68,76.42,77.06
1967-09-19,77.09,77.75,76.54,76.8
1967-09-20,76.83,77.37,76.21,76.8
1967-09-21,76.83,77.93,76.46,77.33
1967-09-22,77.36,78.04,76.84,77.56
1967-09-25,77.59,78.63,77.38,78.06
1967-09-26,78.09,78.58,77.14,77.42
1967-09-27,77.45,78.08,76.85,77.48
1967-09-28,77.51,78.15,77.03,77.51
1967-09-29,77.54,78,76.95,77.47
1967-10-02,77.5,77.94,76.79,77.19
1967-10-03,77.22,77.95,76.77,77.49
1967-10-04,77.52,78.17,76.95,77.34
1967-10-05,77.37,78.03,76.94,77.56
1967-10-06,77.59,78.53,77.33,78.07
1967-10-09,78.1,78.89,77.65,78.3
1967-10-10,78.33,78.84,77.42,77.79
1967-10-11,77.82,78.22,76.91,77.44
1967-10-12,77.47,77.74,76.63,76.97
1967-10-13,77,77.76,76.53,77.21
1967-10-16,77.24,77.68,76.31,76.63
1967-10-17,76.66,77.2,75.81,76.46
1967-10-18,76.49,77.15,75.96,76.69
1967-10-19,76.72,77.7,76.41,76.87
1967-10-20,76.9,77.45,76.25,76.86
1967-10-23,76.89,77.14,75.71,76.55
1967-10-24,76.58,77.4,75.84,76.14
1967-10-25,76.17,76.79,75.41,76.25
1967-10-26,76.28,77.12,75.86,76.62
1967-10-27,76.65,77.34,76.14,76.67
1967-10-30,76.7,77.27,76.04,76.56
1967-10-31,76.59,76.96,75.38,75.39
1967-11-01,75.42,76.15,74.73,74.94
1967-11-02,74.97,75.76,74.27,74.67
1967-11-03,74.7,75.15,73.88,74.25
1967-11-06,74.28,74.64,73.15,74.03
1967-11-08,74.06,75.35,73.51,73.79
1967-11-09,73.82,74.72,73.39,74.18
1967-11-10,74.21,75.22,73.97,74.71
1967-11-13,74.74,75.57,74.13,74.55
1967-11-14,74.58,75,73.64,74.11
1967-11-15,74.14,74.83,73.36,74.44
1967-11-16,74.46,75.7,74.25,75.15
1967-11-17,75.18,76,74.7,75.35
1967-11-20,75.03,75.03,73.17,74.43
1967-11-21,74.46,76.14,74.45,75.64
1967-11-22,75.67,76.74,75.35,76.12
1967-11-24,76.15,76.81,75.41,76.35
1967-11-27,76.38,77.11,75.91,76.6
1967-11-28,76.63,77.37,76.14,76.89
1967-11-29,76.92,77.75,76.4,76.91
1967-11-30,76.94,77.32,76.14,76.55
1967-12-01,76.58,77.36,76.1,76.99
1967-12-04,77.02,77.98,76.69,77.51
1967-12-05,77.54,78.5,77.07,77.65
1967-12-06,77.68,78.44,76.76,78.01
1967-12-07,78.04,78.88,77.55,77.95
1967-12-08,77.98,78.57,77.37,77.89
1967-12-11,77.92,78.39,77.17,77.68
1967-12-12,77.71,78.25,77.07,77.62
1967-12-13,77.65,78.46,77.3,77.92
1967-12-14,77.95,78.78,77.55,78.06
1967-12-15,78.09,78.69,77.31,77.73
1967-12-18,77.76,78.46,77.06,77.55
1967-12-19,77.58,78.1,76.95,77.46
1967-12-20,77.5,78.41,77.12,77.92
1967-12-21,77.95,78.85,77.58,78.14
1967-12-22,78.17,78.77,77.54,78.02
1967-12-26,78.06,78.73,77.57,78.1
1967-12-27,78.14,79.09,77.77,78.67
1967-12-28,78.7,79.31,77.88,78.68
1967-12-29,78.72,79.54,78.68,79.19
1968-01-02,79.22,79.93,78.27,78.92
1968-01-03,78.95,79.64,78.08,78.59
1968-01-04,78.62,79.08,77.5,78.37
1968-01-05,78.4,79.47,78.08,78.87
1968-01-08,78.9,80.1,78.57,79.46
1968-01-09,79.49,80.5,78.89,79.39
1968-01-10,79.42,80.05,78.73,79.44
1968-01-11,79.47,80.54,78.94,79.55
1968-01-12,79.58,80.26,78.96,79.66
1968-01-15,79.69,80.3,78.98,79.45
1968-01-16,79.47,79.88,78.57,78.98
1968-01-17,79.01,79.5,78.15,78.86
1968-01-18,78.89,79.73,78.37,78.83
1968-01-19,78.86,79.4,78.06,78.59
1968-01-22,78.62,78.75,77.22,77.62
1968-01-23,77.65,78.17,76.7,77.34
1968-01-24,77.37,77.75,76.37,76.97
1968-01-25,77,77.78,76,77.11
1968-01-26,77.13,77.99,76.7,77.26
1968-01-29,77.29,78.06,76.67,77.2
1968-01-30,77.23,77.53,76.27,76.85
1968-01-31,76.88,77.19,75.54,76.34
1968-02-01,76.37,77.12,75.82,76.64
1968-02-02,76.67,77.39,75.95,76.43
1968-02-05,76.45,76.83,75.6,76.12
1968-02-06,76.15,76.69,75.56,76.18
1968-02-07,76.2,76.9,75.86,76.34
1968-02-08,76.37,76.65,75.16,75.4
1968-02-09,75.43,75.52,74.05,74.57
1968-02-13,74.6,75.1,72,73.94
1968-02-14,73.97,75.24,73.63,74.86
1968-02-15,75.02,75.02,75.02,75.02
1968-02-16,75.05,75.31,74.2,74.77
1968-02-19,74.79,75.55,74.34,75.08
1968-02-20,75.11,75.97,74.81,75.89
1968-02-21,75.92,76.44,75.33,75.92
1968-02-23,75.94,76.41,75.14,75.65
1968-02-26,75.68,75.84,74.67,75.09
1968-02-27,75.12,75.73,74.6,75.41
1968-02-28,75.44,75.99,74.75,75.06
1968-02-29,75.09,75.22,74.13,74.49
1968-03-01,74.52,74.9,73.87,74.31
1968-03-04,74.34,74.52,73.01,73.35
1968-03-05,73.37,74.04,72.6,73.21
1968-03-06,73.23,74.94,73.17,74.52
1968-03-07,74.55,75.15,73.86,74.42
1968-03-08,74.44,74.84,73.72,74.39
1968-03-11,74.41,75.69,74.23,75.33
1968-03-12,75.36,75.91,74.74,75.44
1968-03-13,75.47,75.88,74.78,75.31
1968-03-14,75.1,75.1,73.48,73.9
1968-03-15,73.93,75.13,73.34,74.58
1968-03-18,74.62,76.28,74.62,75.02
1968-03-19,75.05,75.44,74.23,74.55
1968-03-20,74.58,75.13,74.15,74.57
1968-03-21,74.6,75.02,73.82,74.05
1968-03-22,74.08,74.76,73.39,74.16
1968-03-25,74.19,74.57,73.54,74.11
1968-03-26,74.14,75.12,73.94,74.64
1968-03-27,74.67,75.74,74.63,75.28
1968-03-28,75.31,75.93,74.8,75.23
1968-03-29,75.26,76.4,74.96,75.79
1968-04-01,76.59,78.64,76.59,77.74
1968-04-02,77.77,78.58,76.85,77.9
1968-04-03,77.93,80.03,77.6,78.63
1968-04-04,78.66,79.6,77.95,78.97
1968-04-05,79,79.57,78.02,78.54
1968-04-08,78.57,80.39,78.42,79.97
1968-04-10,80,81.82,79.82,80.61
1968-04-11,80.64,81.7,79.91,81.36
1968-04-15,81.39,82.09,80.38,81.44
1968-04-16,81.47,82.28,80.74,81.5
1968-04-17,81.53,82.19,80.8,81.69
1968-04-18,81.72,82.63,81.14,81.95
1968-04-19,81.98,81.98,80.35,80.94
1968-04-22,80.97,81.16,79.6,80.53
1968-04-23,80.86,82.38,80.86,81.66
1968-04-24,81.69,82.69,81.14,81.94
1968-04-25,81.97,82.44,80.92,81.72
1968-04-26,81.75,82.77,81.41,82.25
1968-04-29,82.28,83.46,81.94,82.92
1968-04-30,82.95,83.12,81.78,82.52
1968-05-01,82.55,83.53,82.03,82.99
1968-05-02,83.02,84.04,82.64,83.54
1968-05-03,83.58,84.93,83.06,83.64
1968-05-06,83.67,84.05,82.49,83.4
1968-05-07,83.44,84.49,83.02,83.9
1968-05-08,83.94,84.65,83.38,83.94
1968-05-09,83.98,84.45,82.93,83.53
1968-05-10,83.57,84.34,83.03,83.66
1968-05-13,83.69,84.2,82.86,83.43
1968-05-14,83.46,84.02,82.73,83.4
1968-05-15,83.43,84,82.75,83.39
1968-05-16,83.42,83.95,82.56,83.02
1968-05-17,83.06,83.23,81.79,82.46
1968-05-20,82.49,82.93,81.56,82.11
1968-05-21,82.14,83.05,81.69,82.55
1968-05-22,82.58,83.64,82.19,82.79
1968-05-23,82.83,83.35,82.14,82.65
1968-05-24,82.68,83.33,82.03,82.83
1968-05-27,82.86,83.43,82.13,82.73
1968-05-28,82.76,83.79,82.27,83.3
1968-05-29,83.33,84.29,82.81,83.59
1968-05-31,83.62,84.88,83.4,84.27
1968-06-03,84.33,85.96,84.33,85.42
1968-06-04,85.45,86.54,84.88,85.79
1968-06-05,85.82,86.46,84.86,85.4
1968-06-06,85.43,86.89,85.1,86.08
1968-06-07,86.12,87.18,85.77,86.65
1968-06-10,86.68,87.52,85.95,86.8
1968-06-11,86.83,87.68,86.26,87.05
1968-06-13,87.08,88.09,86.13,86.73
1968-06-14,86.77,87.25,85.68,86.66
1968-06-17,86.7,87.19,85.24,85.84
1968-06-18,85.87,86.69,85.27,85.75
1968-06-20,85.78,87.17,85.38,87.09
1968-06-21,87.12,87.19,85.66,86.39
1968-06-24,86.43,87.13,85.57,86.19
1968-06-25,86.23,86.84,85.28,85.96
1968-06-27,86,86.8,85.16,85.91
1968-06-28,85.94,86.5,85.02,85.6
1968-07-01,85.63,86.28,84.94,85.48
1968-07-02,85.51,86.54,84.82,85.8
1968-07-03,85.84,87.23,85.72,86.84
1968-07-08,86.88,88.47,86.72,87.77
1968-07-09,87.8,88.65,87.15,88.05
1968-07-11,88.08,89.32,87.38,88.22
1968-07-12,88.26,88.99,87.39,88.21
1968-07-15,88.25,88.95,87.47,88.18
1968-07-16,88.21,88.61,87.1,87.73
1968-07-18,87.76,88.58,86.72,87.54
1968-07-19,87.57,87.9,86.16,86.73
1968-07-22,86.76,87.12,85.08,85.79
1968-07-23,85.82,86.34,84.58,85.72
1968-07-25,85.75,86.49,84.21,84.65
1968-07-26,84.69,85.72,84.06,85.03
1968-07-29,85.06,85.44,83.81,84.47
1968-07-30,84.5,85.34,83.8,84.58
1968-08-01,84.61,85.55,83.78,84.21
1968-08-02,84.25,84.41,82.96,83.68
1968-08-05,83.72,84.48,83.13,83.91
1968-08-06,83.94,84.78,83.57,84.29
1968-08-08,84.32,85.25,83.74,84.14
1968-08-09,84.17,84.62,83.36,84.14
1968-08-12,84.18,85.46,83.93,85.05
1968-08-13,85.08,86.11,84.79,85.53
1968-08-15,85.56,86.28,84.65,85.17
1968-08-16,85.2,86.19,84.81,85.73
1968-08-19,85.76,86.6,85.31,86.04
1968-08-20,86.07,86.64,85.27,86.04
1968-08-22,86.07,86.61,84.99,85.85
1968-08-23,85.88,86.64,85.02,85.87
1968-08-26,85.91,86.76,85.56,86.12
1968-08-27,86.16,86.74,85.48,86.05
1968-08-29,86.08,86.67,85.29,86.02
1968-08-30,86.05,86.73,85.58,86.16
1968-09-03,86.19,87.09,85.71,86.59
1968-09-04,86.63,87.65,86.3,87.24
1968-09-05,87.27,88.42,86.93,87.9
1968-09-06,87.93,88.93,87.49,88.33
1968-09-09,88.37,89.15,87.73,88.4
1968-09-10,88.43,88.94,87.46,88
1968-09-12,88.03,88.61,87.13,87.85
1968-09-13,87.88,88.76,87.33,88.18
1968-09-16,88.21,89.22,87.75,88.55
1968-09-17,88.58,89.4,88.06,88.81
1968-09-19,88.84,89.75,88.27,88.92
1968-09-20,88.96,89.64,88.28,89.02
1968-09-23,89.05,90.07,88.65,89.56
1968-09-24,89.6,90.45,89.03,89.91
1968-09-26,89.94,90.85,89.06,89.74
1968-09-27,89.77,90.4,88.9,89.73
1968-09-30,89.77,90.63,89.24,90.08
1968-10-01,90.12,90.92,89.35,90.28
1968-10-03,90.32,91.44,89.86,90.64
1968-10-04,90.67,91.67,90.17,91.1
1968-10-07,91.14,91.75,90.45,91.13
1968-10-08,91.17,91.83,90.41,91.2
1968-10-10,91.24,91.73,90.25,90.84
1968-10-11,90.88,91.42,90.09,90.78
1968-10-14,90.82,91.57,90.2,90.94
1968-10-15,90.98,91.8,90.4,91.16
1968-10-17,91.45,92.5,91.45,91.62
1968-10-18,91.66,92.83,91.25,92.37
1968-10-21,92.41,93.26,91.77,92.56
1968-10-22,92.6,93.03,91.58,92.23
1968-10-24,92.26,92.78,91.01,91.62
1968-10-25,91.66,92.51,91.04,91.97
1968-10-28,92.01,92.62,91.09,91.75
1968-10-29,91.78,92.31,90.68,91.25
1968-10-31,91.29,92.41,90.52,91.39
1968-11-01,91.42,92.21,90.49,91.11
1968-11-04,91.15,91.71,90.08,91.19
1968-11-06,91.22,92.38,90.65,91.37
1968-11-07,91.41,92.47,90.56,91.61
1968-11-08,91.65,92.61,91.17,92.05
1968-11-12,92.08,93.26,91.69,92.68
1968-11-13,92.72,93.73,92.24,93.17
1968-11-14,93.2,93.98,92.5,93.27
1968-11-15,93.3,94.4,92.78,93.82
1968-11-18,93.86,94.71,93.21,93.98
1968-11-19,94.02,94.83,93.25,94.21
1968-11-21,94.25,94.81,93.11,94.1
1968-11-22,94.14,94.96,93.46,94.43
1968-11-25,94.47,95.35,93.73,94.63
1968-11-26,94.67,95.96,94.34,95.36
1968-11-27,95.4,96.55,94.8,95.84
1968-11-29,95.88,97.07,95.49,96.43
1968-12-02,96.47,97.36,95.38,96.24
1968-12-03,96.28,96.83,95.3,96.19
1968-12-05,96.23,97.02,95.06,95.92
1968-12-06,95.96,97.06,95.23,96.19
1968-12-09,96.23,96.98,95.3,95.99
1968-12-10,96.03,96.62,95.15,95.79
1968-12-12,95.83,96.75,94.88,95.76
1968-12-13,95.8,96.86,95.12,96.03
1968-12-16,96.07,96.8,95.02,95.64
1968-12-17,95.68,96.17,94.57,95.29
1968-12-19,95.33,96.23,93.93,95.61
1968-12-20,95.64,96.55,94.53,95.08
1968-12-23,95.12,95.42,93.57,94.11
1968-12-24,94.15,94.81,93.39,93.99
1968-12-26,94.03,94.92,93.36,94.13
1968-12-27,94.17,94.81,93.32,93.8
1968-12-30,93.84,94.06,92.36,93
1968-12-31,93.04,93.76,92.3,93.09
1969-01-02,93.13,94.01,92.54,93.19
1969-01-03,93.22,94.07,92.54,93.28
1969-01-06,93.31,93.65,91.47,91.95
1969-01-07,91.99,92.17,89.9,90.86
1969-01-08,90.9,91.71,89.93,90.52
1969-01-09,90.56,91.72,90.15,90.94
1969-01-10,90.97,91.8,90.16,90.71
1969-01-13,90.75,91.12,86.88,90.31
1969-01-14,90.34,91.41,89.08,90.96
1969-01-15,91,92.21,90.68,91.44
1969-01-16,91.47,92.94,91.16,91.98
1969-01-17,92.01,92.81,91.24,91.88
1969-01-20,91.91,92.43,90.98,91.61
1969-01-21,91.64,92.28,90.91,91.59
1969-01-22,91.62,92.45,91.11,91.94
1969-01-23,91.98,93.08,91.61,92.38
1969-01-24,92.42,93.14,91.77,92.37
1969-01-27,92.41,93.1,91.74,92.43
1969-01-28,92.46,93.28,91.7,92.47
1969-01-29,92.51,93.32,91.86,92.6
1969-01-30,92.64,93.38,91.93,92.67
1969-01-31,92.71,93.69,92.28,93.12
1969-02-03,93.16,93.83,92.28,93.05
1969-02-04,93.09,93.72,92.42,93.11
1969-02-05,93.15,93.98,92.55,93.41
1969-02-06,93.44,94.44,92.85,93.75
1969-02-07,93.79,94.4,92.84,93.78
1969-02-11,93.81,94.79,93.3,93.92
1969-02-12,93.96,94.58,93.35,93.94
1969-02-13,93.98,94.64,93.28,94.05
1969-02-14,94.09,94.69,93.33,94
1969-02-17,94.03,94.42,92.61,92.97
1969-02-18,92.86,92.86,91.32,92.06
1969-02-19,92.1,92.71,91.1,91.42
1969-02-20,91.46,91.8,90.22,90.67
1969-02-24,90.71,90.96,89.17,89.63
1969-02-25,89.66,90.62,88.66,89.1
1969-02-26,89.14,90.15,88.57,89.56
1969-02-27,89.6,90.1,88.73,89.32
1969-02-28,89.35,90.15,88.8,89.34
1969-03-03,89.38,90.24,88.9,89.61
1969-03-04,89.64,90.9,89.45,90.5
1969-03-05,90.53,91.59,90.19,90.89
1969-03-06,90.92,91.12,89.47,90
1969-03-07,90.04,90.43,88.78,89.99
1969-03-10,90.03,90.78,89.32,90.34
1969-03-11,90.37,91.42,90,90.68
1969-03-12,90.71,91.21,89.83,90.47
1969-03-13,90.5,90.78,89.38,89.9
1969-03-14,89.93,90.22,89.03,89.58
1969-03-17,89.61,90.26,88.75,89.84
1969-03-18,89.88,90.94,89.49,90.1
1969-03-19,90.13,91.24,89.71,90.79
1969-03-20,90.83,91.91,90.54,91.4
1969-03-21,91.44,91.92,90.56,91.25
1969-03-24,91.28,91.77,90.57,91.17
1969-03-25,91.2,91.93,90.63,91.35
1969-03-26,91.38,92.48,91,92.05
1969-03-27,92.09,93.39,91.76,92.74
1969-03-28,92.78,93.92,92.44,93.15
1969-04-01,93.19,94.05,92.58,93.11
1969-04-02,93.15,93.36,92.4,92.56
1969-04-03,92.59,93.07,91.76,92.5
1969-04-07,92.49,92.49,91.07,91.81
1969-04-08,91.85,93.12,91.35,92.08
1969-04-09,92.12,93.31,91.88,92.93
1969-04-10,92.96,94.07,92.7,93.45
1969-04-11,93.49,94.16,92.95,93.58
1969-04-14,93.62,94.31,93.04,93.54
1969-04-15,93.58,94.12,92.83,93.54
1969-04-16,93.58,93.81,92.32,92.75
1969-04-17,92.79,93.51,92.2,92.93
1969-04-18,92.97,94.17,92.52,93.39
1969-04-21,93.43,93.83,92.38,92.8
1969-04-22,92.84,93.51,91.88,93.04
1969-04-23,93.08,93.99,92.5,93.09
1969-04-24,93.13,94.06,92.59,93.57
1969-04-25,93.6,94.55,93.18,94.02
1969-04-28,94.06,94.92,93.36,94.34
1969-04-29,94.38,95.57,93.9,95.08
1969-04-30,95.12,96.76,94.86,95.96
1969-05-01,96,96.83,95.11,95.83
1969-05-02,95.87,96.9,95.38,96.32
1969-05-05,96.36,97.36,95.88,96.7
1969-05-06,96.74,97.79,96.25,97.19
1969-05-07,97.23,97.91,96.28,97.06
1969-05-08,97.1,98.09,96.57,97.5
1969-05-09,97.53,98.38,96.84,97.49
1969-05-12,97.53,98.08,96.66,97.38
1969-05-13,97.42,98.36,96.88,97.84
1969-05-14,97.88,99.18,97.62,98.64
1969-05-15,98.68,99.17,97.67,98.39
1969-05-16,98.43,99.12,97.81,98.51
1969-05-19,98.55,98.75,97.23,97.65
1969-05-20,97.69,97.87,96.38,96.82
1969-05-21,96.86,97.78,96.24,97.26
1969-05-22,97.3,98.41,96.79,97.42
1969-05-23,97.46,98.13,96.7,97.45
1969-05-26,97.49,98,96.76,97.28
1969-05-27,97.32,97.62,96.16,96.58
1969-05-28,96.62,96.94,95.43,96.33
1969-05-29,96.37,97.31,95.9,96.56
1969-06-02,96.59,96.87,95.61,96.11
1969-06-03,96.15,96.77,95.36,95.86
1969-06-04,95.9,96.66,95.38,95.86
1969-06-05,95.9,96.7,95.39,96.06
1969-06-06,96.1,96.7,95.09,95.5
1969-06-09,95.54,95.58,94.06,94.68
1969-06-10,94.72,95.24,93.61,93.98
1969-06-11,94.02,94.3,92.71,92.74
1969-06-12,92.78,93.46,91.76,92.04
1969-06-13,92.08,93.25,91.45,92.44
1969-06-16,92.48,93.41,91.78,92.17
1969-06-17,92.21,92.57,90.86,91.86
1969-06-18,91.9,93.07,91.43,91.77
1969-06-19,91.8,92.34,90.68,91.27
1969-06-20,91.31,92.22,90.41,90.77
1969-06-23,90.81,91.28,89.44,90.39
1969-06-24,90.49,92.13,90.49,91.45
1969-06-25,91.49,92.41,90.78,91.2
1969-06-26,91.24,92.08,90.26,91.46
1969-06-27,91.5,92.35,90.94,91.58
1969-06-30,91.61,92.85,91.13,91.97
1969-07-01,92.01,92.9,91.46,92.36
1969-07-02,92.39,93.73,92.14,93.2
1969-07-03,93.24,94.48,92.94,93.87
1969-07-07,93.91,94.59,92.82,93.37
1969-07-08,93.36,93.36,91.63,92.08
1969-07-09,92.12,92.33,90.89,91.41
1969-07-10,91.45,91.6,89.7,90.03
1969-07-11,90.07,91.27,89.53,90.44
1969-07-14,90.48,90.86,88.99,89.33
1969-07-15,89.36,89.79,88,89.07
1969-07-16,89.11,90.61,89.09,89.99
1969-07-17,90.03,91.48,89.93,90.58
1969-07-18,90.62,90.69,89.12,89.85
1969-07-22,89.89,90.36,88.18,88.53
1969-07-23,88.57,89.01,87.2,88.19
1969-07-24,88.23,88.94,87.44,87.92
1969-07-25,87.96,88.41,86.77,87.26
1969-07-28,87.15,87.15,85.18,85.54
1969-07-29,85.58,86.86,84.48,84.88
1969-07-30,84.92,86.19,83.55,85.34
1969-07-31,85.41,87.72,85.41,87.18
1969-08-01,87.31,89.46,87.31,88.78
1969-08-04,88.81,89.72,87.69,88.36
1969-08-05,88.39,89.37,87.58,88.79
1969-08-06,88.83,90.11,88.46,89.31
1969-08-07,89.35,90.16,88.64,89.42
1969-08-08,89.45,90.06,88.79,89.41
1969-08-11,89.44,89.73,88.33,88.89
1969-08-12,88.93,89.21,87.81,88.23
1969-08-13,88.27,88.87,87.17,88.34
1969-08-14,88.37,89.49,88.01,88.98
1969-08-15,89.02,90.13,88.62,89.65
1969-08-18,89.69,90.64,89.22,90.23
1969-08-19,90.27,90.85,89.68,90.75
1969-08-20,90.78,91.33,90,90.78
1969-08-21,90.82,91.58,90.33,91.09
1969-08-22,91.12,92.16,90.7,91.67
1969-08-25,91.71,91.91,90.37,90.76
1969-08-26,90.8,90.9,89.58,90.2
1969-08-27,90.23,91.06,89.72,90.42
1969-08-28,90.45,91.31,90.02,90.84
1969-08-29,90.87,91.47,90.46,91.47
1969-09-02,91.5,92.27,90.87,91.53
1969-09-03,91.57,92.12,90.46,91.03
1969-09-04,91.07,91.28,89.81,90.33
1969-09-05,90.36,90.66,89.3,89.83
1969-09-08,89.86,89.98,88.62,88.96
1969-09-09,89,90.19,88.11,89.65
1969-09-10,89.69,91.58,89.54,91.2
1969-09-11,91.23,92.02,90.05,90.53
1969-09-12,90.57,91.36,89.65,90.48
1969-09-15,90.52,91.94,90.14,91.23
1969-09-16,91.27,92.1,90.49,91.35
1969-09-17,91.39,92.11,90.51,91.2
1969-09-18,91.24,91.98,90.56,91.38
1969-09-19,91.41,92.4,90.89,91.69
1969-09-22,91.73,92.64,91.14,92.16
1969-09-23,92.19,93.15,91.45,92.19
1969-09-24,92.23,92.78,91.38,92.11
1969-09-25,92.15,92.55,90.97,91.44
1969-09-26,91.48,91.92,90.28,90.89
1969-09-29,90.93,91.21,89.44,90.2
1969-09-30,90.24,90.86,89.41,89.96
1969-10-01,90,90.38,89.03,89.42
1969-10-02,89.46,90.53,88.63,90.15
1969-10-03,90.19,91.3,89.62,90.14
1969-10-06,90.18,90.95,89.51,90.36
1969-10-07,90.4,91.03,89.64,90.12
1969-10-08,90.16,90.61,89.14,89.75
1969-10-09,89.79,90.64,88.9,90.14
1969-10-10,90.18,91.3,89.76,90.69
1969-10-13,90.73,91.99,90.38,91.69
1969-10-14,91.73,93.65,91.5,92.84
1969-10-15,92.88,93.72,91.86,92.9
1969-10-16,92.94,94.71,92.29,93.57
1969-10-17,93.61,94.46,92.65,93.5
1969-10-20,93.54,94.43,92.6,93.74
1969-10-21,93.78,95.12,93.19,94.5
1969-10-22,94.54,95.91,93.92,95.15
1969-10-23,95.19,95.73,93.86,94.83
1969-10-24,94.87,96.2,94.39,95.51
1969-10-27,95.55,96.2,94.94,95.41
1969-10-28,95.45,96.01,94.52,95.14
1969-10-29,95.19,95.44,93.82,94.36
1969-10-30,94.4,95.04,93.23,94.51
1969-10-31,94.55,95.63,93.97,94.74
1969-11-03,94.78,95.46,93.87,94.81
1969-11-04,94.85,95.5,93.57,94.91
1969-11-05,94.95,96.1,94.5,95.37
1969-11-06,95.41,96.06,94.59,95.44
1969-11-07,95.48,96.79,95,96.05
1969-11-10,96.09,97.04,95.5,96.16
1969-11-11,96.2,96.65,95.34,95.95
1969-11-12,95.99,96.63,95.22,95.81
1969-11-13,95.86,96.3,94.53,95.39
1969-11-14,95.44,95.45,94.4,95.09
1969-11-17,95.13,95.42,93.91,94.49
1969-11-18,94.53,95.11,93.7,94.51
1969-11-19,94.55,95.1,93.54,94.07
1969-11-20,94.11,94.14,92.36,93.14
1969-11-21,93.17,93.6,92.15,92.59
1969-11-24,92.63,92.74,90.97,91.57
1969-11-25,91.61,92.53,90.77,91.32
1969-11-26,91.36,92.25,90.67,91.68
1969-11-28,91.72,92.84,91.34,92.25
1969-12-01,92.29,92.94,91.28,91.71
1969-12-02,91.75,92.06,90.5,91.19
1969-12-03,91.23,91.62,89.85,90.24
1969-12-04,90.28,91.07,89.01,90.58
1969-12-05,90.61,91.56,89.82,90.4
1969-12-08,90.44,90.75,89.02,89.56
1969-12-09,89.6,90.53,88.7,89.31
1969-12-10,89.35,90.01,88.15,89.28
1969-12-11,89.32,90.2,88.59,89.36
1969-12-12,89.4,90.53,88.93,89.68
1969-12-15,89.72,90.32,88.88,89.45
1969-12-16,89.49,90,88.2,88.68
1969-12-17,88.72,89.31,87.95,88.21
1969-12-18,88.24,90.17,87.67,89.64
1969-12-19,89.68,91.39,89.4,90.44
1969-12-22,90.48,91.12,89.21,89.69
1969-12-23,89.72,90.27,88.56,89.38
1969-12-24,89.42,91.06,89.12,90.36
1969-12-26,90.4,91.51,90.16,91.1
1969-12-29,91.14,91.73,89.92,90.5
1969-12-30,90.54,91.49,89.77,90.89
1969-12-31,90.93,92.26,90.48,91.39
1970-01-02,91.4,92.87,91.13,92.33
1970-01-05,92.34,93.58,91.88,92.8
1970-01-06,92.81,93.16,91.49,92.18
1970-01-07,92.19,92.74,91.3,92
1970-01-08,92.01,92.84,91.37,92.06
1970-01-09,92.07,92.64,91.22,91.79
1970-01-12,91.8,92.07,90.61,91.11
1970-01-13,91.12,92.02,90.41,91.34
1970-01-14,91.35,91.83,90.32,91.08
1970-01-15,91.09,91.79,90.18,91.12
1970-01-16,91.13,91.94,89.82,90.38
1970-01-19,90.19,90.19,88.62,89.13
1970-01-20,89.14,89.93,88.13,89.32
1970-01-21,89.33,90.1,88.7,89.45
1970-01-22,89.46,90.3,88.71,89.55
1970-01-23,89.56,89.97,88.27,88.89
1970-01-26,88.76,88.76,87.03,87.71
1970-01-27,87.72,88.09,86.48,87.17
1970-01-28,87.18,87.8,86.01,86.36
1970-01-29,86.37,86.67,84.61,85.28
1970-01-30,85.28,85.92,84.02,84.62
1970-02-02,84.63,86.36,84.37,85.36
1970-02-03,85.37,87.15,84.26,86.38
1970-02-04,86.39,87.28,85.22,85.86
1970-02-05,85.88,86.25,84.59,85.54
1970-02-06,85.55,86.52,84.88,85.97
1970-02-09,85.99,87.5,85.82,86.66
1970-02-10,86.67,87.06,85.25,85.77
1970-02-11,85.78,87.05,84.98,86.61
1970-02-12,86.63,87.22,85.62,86.42
1970-02-13,86.43,87,85.41,86.24
1970-02-16,86.25,87.01,85.51,86.18
1970-02-17,86.19,86.8,85.29,86.09
1970-02-18,86.1,87.8,85.92,87.17
1970-02-19,87.18,88.43,86.68,87.5
1970-02-20,87.51,88.48,86.62,87.78
1970-02-24,87.79,88.67,87.04,87.75
1970-02-25,87.76,89.56,86.88,89.11
1970-02-26,89.13,89.41,87.41,88.68
1970-02-27,88.69,90.11,88.21,89.29
1970-03-02,89.3,90.59,88.72,89.51
1970-03-03,89.52,90.48,88.77,90.04
1970-03-04,90.05,90.87,89.14,89.86
1970-03-05,89.87,90.82,89.21,89.83
1970-03-06,89.84,90.2,88.68,89.28
1970-03-09,89.28,89.28,87.8,88.36
1970-03-10,88.38,89.28,87.76,88.62
1970-03-11,88.63,89.46,87.99,88.57
1970-03-12,88.58,88.98,87.57,88.22
1970-03-13,88.23,89.33,87.19,87.76
1970-03-16,87.77,87.88,86.3,86.82
1970-03-17,86.83,87.78,86.28,87.21
1970-03-18,87.22,88.21,86.86,87.47
1970-03-19,87.48,88.14,86.82,87.36
1970-03-20,87.38,87.72,86.39,87.02
1970-03-23,87.03,87.61,86.16,86.96
1970-03-24,86.97,88.41,86.88,87.96
1970-03-25,88.1,91.06,88.1,89.76
1970-03-26,89.77,90.65,89.18,89.92
1970-03-30,89.93,90.42,88.92,89.64
1970-03-31,89.65,90.19,88.87,89.65
1970-04-01,89.66,90.65,89.33,90.1
1970-04-02,90.11,90.74,89.32,89.83
1970-04-03,89.84,90.21,88.86,89.44
1970-04-06,89.45,89.67,88.21,88.83
1970-04-07,88.84,89.39,88.02,88.6
1970-04-08,88.61,89.18,87.92,88.58
1970-04-09,88.59,89.42,88.06,88.63
1970-04-10,88.64,89.25,87.93,88.35
1970-04-13,88.36,88.79,87.27,87.76
1970-04-14,87.77,87.86,86.14,87.02
1970-04-15,87.03,87.85,86.67,86.87
1970-04-16,86.88,87.28,85.66,86.03
1970-04-17,86.04,86.52,84.91,85.83
1970-04-20,85.84,86.53,85.16,86
1970-04-21,86.01,86.72,85.17,85.56
1970-04-22,85.57,85.7,84.03,84.46
1970-04-23,84.47,84.5,82.8,83.23
1970-04-24,83.25,83.83,82.16,82.97
1970-04-27,82.98,83.3,81.29,81.67
1970-04-28,81.68,82.38,80.08,80.49
1970-04-29,80.5,83.47,79.54,82.04
1970-04-30,82.05,82.82,81,81.76
1970-05-01,81.77,82.58,80.52,81.69
1970-05-04,81.54,81.54,79.11,79.63
1970-05-05,79.64,80.1,78.28,78.86
1970-05-06,78.87,81.19,78.5,79.75
1970-05-07,79.76,80.89,79.17,80.12
1970-05-08,80.13,80.45,79,79.74
1970-05-11,79.75,80.03,78.59,78.9
1970-05-12,78.91,79.47,77.37,78.16
1970-05-13,78.07,78.07,76.23,76.84
1970-05-14,76.85,76.96,74.34,75.76
1970-05-15,75.77,77.76,74.92,77.23
1970-05-18,77.25,78.03,76.41,77.31
1970-05-19,77.31,77.56,75.56,75.81
1970-05-20,75.71,75.71,73.6,73.87
1970-05-21,73.87,73.87,71.28,72.51
1970-05-22,72.52,73.79,71.78,72.61
1970-05-25,72.53,72.53,70.28,70.61
1970-05-26,70.62,71.54,68.97,69.65
1970-05-27,69.74,73.61,69.74,73.16
1970-05-28,73.17,75.85,72.99,75.02
1970-05-29,75.03,77.35,73.94,76.98
1970-06-01,76.99,78.85,76.28,78.29
1970-06-02,78.3,79.19,76.96,78.3
1970-06-03,78.31,79.69,77.43,78.99
1970-06-04,79,79.91,77.46,77.83
1970-06-05,77.84,77.96,75.72,76.65
1970-06-08,76.66,77.86,75.78,76.78
1970-06-09,76.79,80.48,76.07,76.75
1970-06-10,76.75,77.13,75.42,75.98
1970-06-11,75.99,76.03,74.46,74.95
1970-06-12,74.96,75.35,73.75,74.39
1970-06-15,74.4,75.8,74.19,75.1
1970-06-16,75.11,77.31,74.74,76.69
1970-06-17,76.7,78.61,76.18,76.55
1970-06-18,76.56,77.74,75.54,77.08
1970-06-19,77.08,78.64,76.88,77.63
1970-06-22,77.64,78.02,76.19,77.22
1970-06-23,77.23,77.43,75.1,75.34
1970-06-24,75.35,76.02,73.98,74.55
1970-06-25,74.56,75.53,73.89,74.61
1970-06-26,74.62,75.29,73.69,74.07
1970-06-29,74.08,74.47,72.94,73.49
1970-06-30,73.5,74.51,72.86,73.33
1970-07-01,73.34,74.29,72.72,73.56
1970-07-02,73.57,74.56,73.06,73.55
1970-07-06,73.56,73.76,72.01,72.41
1970-07-07,72.42,72.96,71.32,71.86
1970-07-08,71.87,73.96,71.63,73.66
1970-07-09,73.67,75.45,73.55,74.74
1970-07-10,74.75,75.91,74.17,75.14
1970-07-13,75.15,76.08,74.52,75.25
1970-07-14,75.26,75.75,74.48,75.13
1970-07-15,75.14,76.41,74.78,75.96
1970-07-16,75.97,77.84,75.86,77.09
1970-07-17,77.13,79,77.13,78.46
1970-07-20,78.47,79.51,77.81,78.57
1970-07-21,78.58,78.73,77.17,77.76
1970-07-22,77.77,79,77,77.82
1970-07-23,77.83,79.33,77.26,78.81
1970-07-24,78.82,79.31,77.77,78.64
1970-07-27,78.65,79.11,77.89,78.48
1970-07-28,78.49,79.2,77.79,78.61
1970-07-29,78.62,79.67,78.12,78.89
1970-07-30,78.9,79.53,78.22,78.93
1970-07-31,78.94,79.91,78.31,78.92
1970-08-03,78.93,79.12,77.43,77.89
1970-08-04,77.9,78.45,76.99,78.07
1970-08-05,78.08,78.76,77.48,78.07
1970-08-06,78.08,78.59,77.28,77.98
1970-08-07,77.99,79.01,77.36,78.19
1970-08-10,78.2,78.33,76.62,77.11
1970-08-11,77.12,77.25,76.07,76.73
1970-08-12,76.75,77.17,75.96,76.34
1970-08-13,76.35,76.62,75.04,75.68
1970-08-14,75.69,76.68,75.32,76.12
1970-08-17,76.13,76.74,75.46,76.28
1970-08-18,76.29,77.77,76.26,77.17
1970-08-19,77.18,78.58,76.99,77.95
1970-08-20,77.96,79,77.29,78.85
1970-08-21,78.86,80.64,78.47,80.28
1970-08-24,80.46,82.7,80.46,82.06
1970-08-25,82.07,82.9,80.75,82.2
1970-08-26,82.21,83.37,81.69,82.31
1970-08-27,82.31,83.02,81.22,82.18
1970-08-28,82.19,83.6,81.8,82.98
1970-08-31,83,83.47,82.07,82.65
1970-09-01,82.66,82.94,81.56,82.08
1970-09-02,82.09,82.5,81.08,82.1
1970-09-03,82.11,83.81,82.03,83.26
1970-09-04,83.27,84.62,82.97,84.02
1970-09-08,84.03,84.9,82.66,84.24
1970-09-09,84.25,85.01,83.1,84
1970-09-10,84.01,84.2,82.83,83.52
1970-09-11,83.53,84.43,83.03,83.75
1970-09-14,83.76,84.38,82.65,83.3
1970-09-15,83.31,83.35,81.97,82.59
1970-09-16,82.6,83.83,81.84,83.04
1970-09-17,83.05,84.37,82.77,83.56
1970-09-18,83.57,84.8,83.04,83.9
1970-09-21,83.91,84.45,82.8,83.19
1970-09-22,83.2,83.54,82.1,83.15
1970-09-23,83.16,84.47,82.82,83.21
1970-09-24,83.22,83.56,82.12,82.97
1970-09-25,82.98,84.95,82.73,84.17
1970-09-28,84.18,85.94,83.96,85.28
1970-09-29,85.29,85.96,84.47,85.24
1970-09-30,85.25,86.4,84.15,85.7
1970-10-01,85.71,86.11,84.85,85.73
1970-10-02,85.74,87,85.47,86.59
1970-10-05,86.6,88.46,86.45,87.94
1970-10-06,87.95,89.25,87.51,88.33
1970-10-07,88.34,88.97,87.02,88.38
1970-10-08,88.4,88.88,87.03,87.44
1970-10-09,87.45,87.76,86.02,86.56
1970-10-12,86.55,86.55,85.05,85.65
1970-10-13,85.66,86.2,84.71,85.55
1970-10-14,85.56,86.34,84.91,85.69
1970-10-15,85.7,86.81,85.33,86.17
1970-10-16,86.18,86.75,85.35,85.81
1970-10-19,85.82,85.83,84.32,84.67
1970-10-20,84.68,85.74,84.14,85.18
1970-10-21,85.19,86.29,84.75,85.21
1970-10-22,85.22,85.61,84.31,84.93
1970-10-23,84.94,85.88,84.46,85.34
1970-10-26,85.35,85.85,84.45,84.88
1970-10-27,84.89,85.32,84.09,84.7
1970-10-28,84.71,85.41,83.86,85.03
1970-10-29,85.04,85.72,84.42,84.97
1970-10-30,84.98,85.42,84.12,84.86
1970-11-02,84.88,85.63,84.27,85.14
1970-11-03,85.15,86.44,84.84,85.88
1970-11-04,85.89,86.95,85.48,86.06
1970-11-05,86.07,86.48,85.19,85.77
1970-11-06,85.78,86.43,85.22,85.91
1970-11-09,85.92,86.99,85.51,86.38
1970-11-10,86.39,87.43,85.89,86.51
1970-11-11,86.52,88,86.42,86.77
1970-11-12,86.78,87.3,85.53,85.88
1970-11-13,85.89,86.08,84.64,85.09
1970-11-16,85.11,85.49,84.05,84.97
1970-11-17,84.98,85.93,84.55,85.22
1970-11-18,85.23,85.29,84.15,84.53
1970-11-19,84.55,85.25,83.97,84.67
1970-11-20,84.68,85.85,84.25,85.51
1970-11-23,85.52,86.74,85.26,86.05
1970-11-24,86.06,87.02,85.39,86.61
1970-11-25,86.62,87.56,86.18,86.94
1970-11-27,86.95,88.09,86.52,87.81
1970-11-30,87.82,89.53,87.68,89.12
1970-12-01,89.13,90.57,88.01,89.4
1970-12-02,89.42,90.81,88.65,90.45
1970-12-03,90.46,91.88,90.08,90.89
1970-12-04,90.9,91.91,90.1,91.47
1970-12-07,91.48,92.44,90.77,91.98
1970-12-08,91.99,92.53,90.89,91.51
1970-12-09,91.52,92.09,90.51,91.59
1970-12-10,91.6,92.96,91.06,91.99
1970-12-11,92,93.04,91.51,92.35
1970-12-14,92.36,92.92,91.36,91.89
1970-12-15,91.9,92.44,91.01,91.76
1970-12-16,91.77,92.34,90.86,91.83
1970-12-17,91.84,92.75,91.42,92.17
1970-12-18,92.18,92.93,91.55,92.37
1970-12-21,92.38,92.94,91.5,92.09
1970-12-22,92.11,93.03,91.5,92.21
1970-12-23,92.22,93.06,91.51,92.28
1970-12-24,92.29,93.3,92,92.81
1970-12-28,92.83,93.73,92.49,93.32
1970-12-29,93.33,94.65,92.96,94.34
1970-12-30,94.36,95.29,93.86,94.55
1970-12-31,94.56,95.1,93.63,94.44
1971-01-04,94.44,94.49,92.9,93.42
1971-01-05,93.43,94.58,92.95,94.09
1971-01-06,94.1,95.33,93.79,94.66
1971-01-07,94.67,95.6,94.05,94.7
1971-01-08,94.7,95.36,93.9,94.51
1971-01-11,94.51,95,93.28,94.3
1971-01-12,94.3,95.64,93.94,95.06
1971-01-13,95.07,96.03,94.2,94.9
1971-01-14,94.91,95.73,94,95.15
1971-01-15,95.16,96.33,94.59,95.39
1971-01-18,95.4,96.51,94.99,95.79
1971-01-19,95.8,96.69,95.22,96.15
1971-01-20,96.16,96.95,95.45,96.18
1971-01-21,96.19,97.12,95.54,96.61
1971-01-22,96.61,97.98,96.38,97.32
1971-01-25,97.32,98.4,96.58,97.73
1971-01-26,97.74,98.85,97.13,98.06
1971-01-27,98.06,98.26,96.39,97.34
1971-01-28,97.35,98.26,96.56,97.68
1971-01-29,97.68,99,97.25,98.37
1971-02-01,98.38,99.58,97.86,98.93
1971-02-02,98.94,99.73,98.09,98.95
1971-02-03,98.95,99.73,98.08,99.16
1971-02-04,99.16,99.81,98.2,99.15
1971-02-05,100,100,100,100
1971-02-08,100.8,100.8,100.8,100.8
1971-02-09,100.8,100.8,100.8,100.8
1971-02-10,100.7,100.7,100.7,100.7
1971-02-11,101.5,101.5,101.5,101.5
1971-02-12,102.1,102.1,102.1,102.1
1971-02-16,102.2,102.2,102.2,102.2
1971-02-17,101.7,101.7,101.7,101.7
1971-02-18,101.4,101.4,101.4,101.4
1971-02-19,100.7,100.7,100.7,100.7
1971-02-22,99.7,99.7,99.7,99.7
1971-02-23,99.7,99.7,99.7,99.7
1971-02-24,100.6,100.6,100.6,100.6
1971-02-25,101.2,101.2,101.2,101.2
1971-02-26,101.3,101.3,101.3,101.3
1971-03-01,101.8,101.8,101.8,101.8
1971-03-02,101.8,101.8,101.8,101.8
1971-03-03,102.1,102.1,102.1,102.1
1971-03-04,102.8,102.8,102.8,102.8
1971-03-05,103,103,103,103
1971-03-08,104.2,104.2,104.2,104.2
1971-03-09,104.4,104.4,104.4,104.4
1971-03-10,104.1,104.1,104.1,104.1
1971-03-11,104.3,104.3,104.3,104.3
1971-03-12,104.5,104.5,104.5,104.5
1971-03-15,105.1,105.1,105.1,105.1
1971-03-16,105.6,105.6,105.6,105.6
1971-03-17,105.5,105.5,105.5,105.5
1971-03-18,105.9,105.9,105.9,105.9
1971-03-19,105.8,105.8,105.8,105.8
1971-03-22,105.4,105.4,105.4,105.4
1971-03-23,105.1,105.1,105.1,105.1
1971-03-24,104.7,104.7,104.7,104.7
1971-03-25,104.6,104.6,104.6,104.6
1971-03-26,105.1,105.1,105.1,105.1
1971-03-29,105.2,105.2,105.2,105.2
1971-03-30,105.4,105.4,105.4,105.4
1971-03-31,106,106,106,106
1971-04-01,106.3,106.3,106.3,106.3
1971-04-02,106.9,106.9,106.9,106.9
1971-04-05,107.2,107.2,107.2,107.2
1971-04-06,107.6,107.6,107.6,107.6
1971-04-07,108.1,108.1,108.1,108.1
1971-04-08,108.4,108.4,108.4,108.4
1971-04-12,108.9,108.9,108.9,108.9
1971-04-13,108.9,108.9,108.9,108.9
1971-04-14,109.1,109.1,109.1,109.1
1971-04-15,109.7,109.7,109.7,109.7
1971-04-16,110,110,110,110
1971-04-19,110.2,110.2,110.2,110.2
1971-04-20,109.5,109.5,109.5,109.5
1971-04-21,109.5,109.5,109.5,109.5
1971-04-22,110,110,110,110
1971-04-23,110.7,110.7,110.7,110.7
1971-04-26,111.1,111.1,111.1,111.1
1971-04-27,111.7,111.7,111.7,111.7
1971-04-28,112.4,112.4,112.4,112.4
1971-04-29,112.5,112.5,112.5,112.5
1971-04-30,112.3,112.3,112.3,112.3
1971-05-03,111.3,111.3,111.3,111.3
1971-05-04,111.8,111.8,111.8,111.8
1971-05-05,111.7,111.7,111.7,111.7
1971-05-06,111.1,111.1,111.1,111.1
1971-05-07,110.7,110.7,110.7,110.7
1971-05-10,110.1,110.1,110.1,110.1
1971-05-11,110.3,110.3,110.3,110.3
1971-05-12,110.4,110.4,110.4,110.4
1971-05-13,110.6,110.6,110.6,110.6
1971-05-14,110.7,110.7,110.7,110.7
1971-05-17,109.1,109.1,109.1,109.1
1971-05-18,108.4,108.4,108.4,108.4
1971-05-19,108.3,108.3,108.3,108.3
1971-05-20,108.7,108.7,108.7,108.7
1971-05-21,108.8,108.8,108.8,108.8
1971-05-24,108.4,108.4,108.4,108.4
1971-05-25,107.5,107.5,107.5,107.5
1971-05-26,107.5,107.5,107.5,107.5
1971-05-27,107.6,107.6,107.6,107.6
1971-05-28,108.3,108.3,108.3,108.3
1971-06-01,108.9,108.9,108.9,108.9
1971-06-02,109.6,109.6,109.6,109.6
1971-06-03,110.2,110.2,110.2,110.2
1971-06-04,110.7,110.7,110.7,110.7
1971-06-07,110.8,110.8,110.8,110.8
1971-06-08,110,110,110,110
1971-06-09,109.8,109.8,109.8,109.8
1971-06-10,110.1,110.1,110.1,110.1
1971-06-11,110.2,110.2,110.2,110.2
1971-06-14,109.6,109.6,109.6,109.6
1971-06-15,109.4,109.4,109.4,109.4
1971-06-16,109.4,109.4,109.4,109.4
1971-06-17,109.4,109.4,109.4,109.4
1971-06-18,108.2,108.2,108.2,108.2
1971-06-21,106.5,106.5,106.5,106.5
1971-06-22,105.5,105.5,105.5,105.5
1971-06-23,106,106,106,106
1971-06-24,106.4,106.4,106.4,106.4
1971-06-25,106.6,106.6,106.6,106.6
1971-06-28,106.4,106.4,106.4,106.4
1971-06-29,107.2,107.2,107.2,107.2
1971-06-30,107.8,107.8,107.8,107.8
1971-07-01,108.5,108.5,108.5,108.5
1971-07-02,108.8,108.8,108.8,108.8
1971-07-06,109.2,109.2,109.2,109.2
1971-07-07,110,110,110,110
1971-07-08,110.4,110.4,110.4,110.4
1971-07-09,110.9,110.9,110.9,110.9
1971-07-12,111.2,111.2,111.2,111.2
1971-07-13,110.8,110.8,110.8,110.8
1971-07-14,110.3,110.3,110.3,110.3
1971-07-15,110.3,110.3,110.3,110.3
1971-07-16,110,110,110,110
1971-07-19,109.4,109.4,109.4,109.4
1971-07-20,109.8,109.8,109.8,109.8
1971-07-21,109.7,109.7,109.7,109.7
1971-07-22,109.5,109.5,109.5,109.5
1971-07-23,109.6,109.6,109.6,109.6
1971-07-26,109.3,109.3,109.3,109.3
1971-07-27,108.6,108.6,108.6,108.6
1971-07-28,107.4,107.4,107.4,107.4
1971-07-29,105.8,105.8,105.8,105.8
1971-07-30,105.3,105.3,105.3,105.3
1971-08-02,105.6,105.6,105.6,105.6
1971-08-03,104.4,104.4,104.4,104.4
1971-08-04,103.3,103.3,103.3,103.3
1971-08-05,103.1,103.1,103.1,103.1
1971-08-06,103.8,103.8,103.8,103.8
1971-08-09,103.2,103.2,103.2,103.2
1971-08-10,103,103,103,103
1971-08-11,104.1,104.1,104.1,104.1
1971-08-12,105.2,105.2,105.2,105.2
1971-08-13,105.4,105.4,105.4,105.4
1971-08-16,107.9,107.9,107.9,107.9
1971-08-17,108.9,108.9,108.9,108.9
1971-08-18,108.4,108.4,108.4,108.4
1971-08-19,108,108,108,108
1971-08-20,107.9,107.9,107.9,107.9
1971-08-23,108.3,108.3,108.3,108.3
1971-08-24,108.6,108.6,108.6,108.6
1971-08-25,108.8,108.8,108.8,108.8
1971-08-26,109,109,109,109
1971-08-27,109.3,109.3,109.3,109.3
1971-08-30,108.7,108.7,108.7,108.7
1971-08-31,108.4,108.4,108.4,108.4
1971-09-01,108.6,108.6,108.6,108.6
1971-09-02,109,109,109,109
1971-09-03,110,110,110,110
1971-09-07,110.5,110.5,110.5,110.5
1971-09-08,110.6,110.6,110.6,110.6
1971-09-09,110.6,110.6,110.6,110.6
1971-09-10,110.4,110.4,110.4,110.4
1971-09-13,110.2,110.2,110.2,110.2
1971-09-14,109.8,109.8,109.8,109.8
1971-09-15,109.8,109.8,109.8,109.8
1971-09-16,109.8,109.8,109.8,109.8
1971-09-17,110.1,110.1,110.1,110.1
1971-09-20,110,110,110,110
1971-09-21,109.8,109.8,109.8,109.8
1971-09-22,109,109,109,109
1971-09-23,108.8,108.8,108.8,108.8
1971-09-24,108.9,108.9,108.9,108.9
1971-09-27,108.2,108.2,108.2,108.2
1971-09-28,108.4,108.4,108.4,108.4
1971-09-29,108.6,108.6,108.6,108.6
1971-09-30,109,109,109,109
1971-10-01,109.6,109.6,109.6,109.6
1971-10-04,110,110,110,110
1971-10-05,110,110,110,110
1971-10-06,110.7,110.7,110.7,110.7
1971-10-07,111,111,111,111
1971-10-08,110.7,110.7,110.7,110.7
1971-10-11,110.7,110.7,110.7,110.7
1971-10-12,110.9,110.9,110.9,110.9
1971-10-13,110.7,110.7,110.7,110.7
1971-10-14,109.9,109.9,109.9,109.9
1971-10-15,109.6,109.6,109.6,109.6
1971-10-18,109.1,109.1,109.1,109.1
1971-10-19,108,108,108,108
1971-10-20,106.6,106.6,106.6,106.6
1971-10-21,106.6,106.6,106.6,106.6
1971-10-22,106.8,106.8,106.8,106.8
1971-10-25,106.3,106.3,106.3,106.3
1971-10-26,105.7,105.7,105.7,105.7
1971-10-27,104.3,104.3,104.3,104.3
1971-10-28,104.5,104.5,104.5,104.5
1971-10-29,105.1,105.1,105.1,105.1
1971-11-01,103.7,103.7,103.7,103.7
1971-11-02,103.5,103.5,103.5,103.5
1971-11-03,105,105,105,105
1971-11-04,105.6,105.6,105.6,105.6
1971-11-05,105.5,105.5,105.5,105.5
1971-11-08,105.4,105.4,105.4,105.4
1971-11-09,105.7,105.7,105.7,105.7
1971-11-10,104.9,104.9,104.9,104.9
1971-11-11,103.7,103.7,103.7,103.7
1971-11-12,103.9,103.9,103.9,103.9
1971-11-15,103.4,103.4,103.4,103.4
1971-11-16,103.7,103.7,103.7,103.7
1971-11-17,103.6,103.6,103.6,103.6
1971-11-18,103.4,103.4,103.4,103.4
1971-11-19,102.9,102.9,102.9,102.9
1971-11-22,101.8,101.8,101.8,101.8
1971-11-23,100.3,100.3,100.3,100.3
1971-11-24,100.4,100.4,100.4,100.4
1971-11-26,101.6,101.6,101.6,101.6
1971-11-29,103.8,103.8,103.8,103.8
1971-11-30,104,104,104,104
1971-12-01,105.8,105.8,105.8,105.8
1971-12-02,106.1,106.1,106.1,106.1
1971-12-03,107.3,107.3,107.3,107.3
1971-12-06,106.9,106.9,106.9,106.9
1971-12-07,107.3,107.3,107.3,107.3
1971-12-08,107.7,107.7,107.7,107.7
1971-12-09,108,108,108,108
1971-12-10,108.8,108.8,108.8,108.8
1971-12-13,109.2,109.2,109.2,109.2
1971-12-14,109.1,109.1,109.1,109.1
1971-12-15,109.4,109.4,109.4,109.4
1971-12-16,110,110,110,110
1971-12-17,110.5,110.5,110.5,110.5
1971-12-20,111.5,111.5,111.5,111.5
1971-12-21,111.7,111.7,111.7,111.7
1971-12-22,112,112,112,112
1971-12-23,111.9,111.9,111.9,111.9
1971-12-27,111.7,111.7,111.7,111.7
1971-12-28,111.9,111.9,111.9,111.9
1971-12-29,112.6,112.6,112.6,112.6
1971-12-30,113,113,113,113
1971-12-31,114.1,114.1,114.1,114.1
1972-01-03,113.6,113.6,113.6,113.6
1972-01-04,113.9,113.9,113.9,113.9
1972-01-05,114.8,114.8,114.8,114.8
1972-01-06,115.7,115.7,115.7,115.7
1972-01-07,116.1,116.1,116.1,116.1
1972-01-10,116.1,116.1,116.1,116.1
1972-01-11,116.6,116.6,116.6,116.6
1972-01-12,116.9,116.9,116.9,116.9
1972-01-13,116.4,116.4,116.4,116.4
1972-01-14,116.7,116.7,116.7,116.7
1972-01-17,116.9,116.9,116.9,116.9
1972-01-18,117.7,117.7,117.7,117.7
1972-01-19,117.4,117.4,117.4,117.4
1972-01-20,117.3,117.3,117.3,117.3
1972-01-21,117.2,117.2,117.2,117.2
1972-01-24,116.5,116.5,116.5,116.5
1972-01-25,116.3,116.3,116.3,116.3
1972-01-26,116.4,116.4,116.4,116.4
1972-01-27,117.4,117.4,117.4,117.4
1972-01-28,118.4,118.4,118.4,118.4
1972-01-31,118.9,118.9,118.9,118.9
1972-02-01,119.6,119.6,119.6,119.6
1972-02-02,120.5,120.5,120.5,120.5
1972-02-03,120.7,120.7,120.7,120.7
1972-02-04,121.2,121.2,121.2,121.2
1972-02-07,121.1,121.1,121.1,121.1
1972-02-08,121.3,121.3,121.3,121.3
1972-02-09,122.2,122.2,122.2,122.2
1972-02-10,122.7,122.7,122.7,122.7
1972-02-11,122.9,122.9,122.9,122.9
1972-02-14,122.3,122.3,122.3,122.3
1972-02-15,122.6,122.6,122.6,122.6
1972-02-16,123.3,123.3,123.3,123.3
1972-02-17,123.4,123.4,123.4,123.4
1972-02-18,123.4,123.4,123.4,123.4
1972-02-22,123.3,123.3,123.3,123.3
1972-02-23,123.6,123.6,123.6,123.6
1972-02-24,124,124,124,124
1972-02-25,124.8,124.8,124.8,124.8
1972-02-28,124.9,124.9,124.9,124.9
1972-02-29,125.4,125.4,125.4,125.4
1972-03-01,126.3,126.3,126.3,126.3
1972-03-02,126.6,126.6,126.6,126.6
1972-03-03,127.2,127.2,127.2,127.2
1972-03-06,127.9,127.9,127.9,127.9
1972-03-07,127.8,127.8,127.8,127.8
1972-03-08,128.4,128.4,128.4,128.4
1972-03-09,128.9,128.9,128.9,128.9
1972-03-10,128.6,128.6,128.6,128.6
1972-03-13,127.3,127.3,127.3,127.3
1972-03-14,127.7,127.7,127.7,127.7
1972-03-15,128.1,128.1,128.1,128.1
1972-03-16,127.8,127.8,127.8,127.8
1972-03-17,128,128,128,128
1972-03-20,127.5,127.5,127.5,127.5
1972-03-21,125.7,125.7,125.7,125.7
1972-03-22,126.4,126.4,126.4,126.4
1972-03-23,127.4,127.4,127.4,127.4
1972-03-24,127.6,127.6,127.6,127.6
1972-03-27,127.6,127.6,127.6,127.6
1972-03-28,127.7,127.7,127.7,127.7
1972-03-29,127.5,127.5,127.5,127.5
1972-03-30,128.1,128.1,128.1,128.1
1972-04-03,128.1,128.1,128.1,128.1
1972-04-04,128.8,128.8,128.8,128.8
1972-04-05,130,130,130,130
1972-04-06,130.9,130.9,130.9,130.9
1972-04-07,131.8,131.8,131.8,131.8
1972-04-10,131.8,131.8,131.8,131.8
1972-04-11,132.5,132.5,132.5,132.5
1972-04-12,133.2,133.2,133.2,133.2
1972-04-13,115.2,115.2,115.2,115.2
1972-04-14,133.9,133.9,133.9,133.9
1972-04-17,133.7,133.7,133.7,133.7
1972-04-18,134.1,134.1,134.1,134.1
1972-04-19,132.7,132.7,132.7,132.7
1972-04-20,132.9,132.9,132.9,132.9
1972-04-21,133,133,133,133
1972-04-24,131.9,131.9,131.9,131.9
1972-04-25,130.8,130.8,130.8,130.8
1972-04-26,130.9,130.9,130.9,130.9
1972-04-27,131,131,131,131
1972-04-28,131.3,131.3,131.3,131.3
1972-05-01,130.2,130.2,130.2,130.2
1972-05-02,129.3,129.3,129.3,129.3
1972-05-03,128.8,128.8,128.8,128.8
1972-05-04,128.9,128.9,128.9,128.9
1972-05-05,129.4,129.4,129.4,129.4
1972-05-08,128.6,128.6,128.6,128.6
1972-05-09,125.8,125.8,125.8,125.8
1972-05-10,126.8,126.8,126.8,126.8
1972-05-11,127.9,127.9,127.9,127.9
1972-05-12,129.4,129.4,129.4,129.4
1972-05-15,130.3,130.3,130.3,130.3
1972-05-16,130.4,130.4,130.4,130.4
1972-05-17,129.8,129.8,129.8,129.8
1972-05-18,130.8,130.8,130.8,130.8
1972-05-19,132.2,132.2,132.2,132.2
1972-05-22,132.4,132.4,132.4,132.4
1972-05-23,132.5,132.5,132.5,132.5
1972-05-24,133.5,133.5,133.5,133.5
1972-05-25,133.8,133.8,133.8,133.8
1972-05-26,133.9,133.9,133.9,133.9
1972-05-30,133.4,133.4,133.4,133.4
1972-05-31,132.5,132.5,132.5,132.5
1972-06-01,133.1,133.1,133.1,133.1
1972-06-02,133.5,133.5,133.5,133.5
1972-06-05,132.7,132.7,132.7,132.7
1972-06-06,132,132,132,132
1972-06-07,131,131,131,131
1972-06-08,131.1,131.1,131.1,131.1
1972-06-09,130.6,130.6,130.6,130.6
1972-06-12,130.4,130.4,130.4,130.4
1972-06-13,130.8,130.8,130.8,130.8
1972-06-14,131.4,131.4,131.4,131.4
1972-06-15,131.3,131.3,131.3,131.3
1972-06-16,131.3,131.3,131.3,131.3
1972-06-19,130.8,130.8,130.8,130.8
1972-06-20,131.1,131.1,131.1,131.1
1972-06-21,131.4,131.4,131.4,131.4
1972-06-22,130.8,130.8,130.8,130.8
1972-06-23,130.2,130.2,130.2,130.2
1972-06-26,129.3,129.3,129.3,129.3
1972-06-27,129.8,129.8,129.8,129.8
1972-06-28,129.6,129.6,129.6,129.6
1972-06-29,129.4,129.4,129.4,129.4
1972-06-30,130.1,130.1,130.1,130.1
1972-07-03,130.6,130.6,130.6,130.6
1972-07-05,131.3,131.3,131.3,131.3
1972-07-06,131.9,131.9,131.9,131.9
1972-07-07,131.5,131.5,131.5,131.5
1972-07-10,130.9,130.9,130.9,130.9
1972-07-11,130.5,130.5,130.5,130.5
1972-07-12,130.1,130.1,130.1,130.1
1972-07-13,129,129,129,129
1972-07-14,129.4,129.4,129.4,129.4
1972-07-17,128.4,128.4,128.4,128.4
1972-07-18,127.5,127.5,127.5,127.5
1972-07-19,127.8,127.8,127.8,127.8
1972-07-20,127.1,127.1,127.1,127.1
1972-07-21,127.6,127.6,127.6,127.6
1972-07-24,128.8,128.8,128.8,128.8
1972-07-25,128.5,128.5,128.5,128.5
1972-07-26,128.6,128.6,128.6,128.6
1972-07-27,128.4,128.4,128.4,128.4
1972-07-28,128.1,128.1,128.1,128.1
1972-07-31,127.8,127.8,127.8,127.8
1972-08-01,128.4,128.4,128.4,128.4
1972-08-02,129.4,129.4,129.4,129.4
1972-08-03,130.3,130.3,130.3,130.3
1972-08-04,130.9,130.9,130.9,130.9
1972-08-07,131,131,131,131
1972-08-08,130.6,130.6,130.6,130.6
1972-08-09,130.8,130.8,130.8,130.8
1972-08-10,130.8,130.8,130.8,130.8
1972-08-11,131.7,131.7,131.7,131.7
1972-08-14,131.7,131.7,131.7,131.7
1972-08-15,131.5,131.5,131.5,131.5
1972-08-16,131.5,131.5,131.5,131.5
1972-08-17,130.8,130.8,130.8,130.8
1972-08-18,131.4,131.4,131.4,131.4
1972-08-21,131.3,131.3,131.3,131.3
1972-08-22,131.3,131.3,131.3,131.3
1972-08-23,131.1,131.1,131.1,131.1
1972-08-24,130.4,130.4,130.4,130.4
1972-08-25,130.3,130.3,130.3,130.3
1972-08-28,129.8,129.8,129.8,129.8
1972-08-29,129.4,129.4,129.4,129.4
1972-08-30,129.8,129.8,129.8,129.8
1972-08-31,129.9,129.9,129.9,129.9
1972-09-01,130.7,130.7,130.7,130.7
1972-09-05,130.3,130.3,130.3,130.3
1972-09-06,129.6,129.6,129.6,129.6
1972-09-07,129.2,129.2,129.2,129.2
1972-09-08,129.1,129.1,129.1,129.1
1972-09-11,128.3,128.3,128.3,128.3
1972-09-12,127.2,127.2,127.2,127.2
1972-09-13,127.5,127.5,127.5,127.5
1972-09-14,127.6,127.6,127.6,127.6
1972-09-15,127.7,127.7,127.7,127.7
1972-09-18,127.6,127.6,127.6,127.6
1972-09-19,127.4,127.4,127.4,127.4
1972-09-20,127.5,127.5,127.5,127.5
1972-09-21,127.3,127.3,127.3,127.3
1972-09-22,127.5,127.5,127.5,127.5
1972-09-25,126.8,126.8,126.8,126.8
1972-09-26,127.1,127.1,127.1,127.1
1972-09-27,128.6,128.6,128.6,128.6
1972-09-28,129.1,129.1,129.1,129.1
1972-09-29,129.6,129.6,129.6,129.6
1972-10-02,129.3,129.3,129.3,129.3
1972-10-03,129.5,129.5,129.5,129.5
1972-10-04,129.3,129.3,129.3,129.3
1972-10-05,128,128,128,128
1972-10-06,128.1,128.1,128.1,128.1
1972-10-09,128.5,128.5,128.5,128.5
1972-10-10,129,129,129,129
1972-10-11,128.6,128.6,128.6,128.6
1972-10-12,127.9,127.9,127.9,127.9
1972-10-13,127.2,127.2,127.2,127.2
1972-10-16,125.9,125.9,125.9,125.9
1972-10-17,126.4,126.4,126.4,126.4
1972-10-18,127.1,127.1,127.1,127.1
1972-10-19,126.9,126.9,126.9,126.9
1972-10-20,128,128,128,128
1972-10-23,128.7,128.7,128.7,128.7
1972-10-24,128.9,128.9,128.9,128.9
1972-10-25,128.9,128.9,128.9,128.9
1972-10-26,129.4,129.4,129.4,129.4
1972-10-27,129.5,129.5,129.5,129.5
1972-10-30,129.5,129.5,129.5,129.5
1972-10-31,130.2,130.2,130.2,130.2
1972-11-01,131.6,131.6,131.6,131.6
1972-11-02,132.1,132.1,132.1,132.1
1972-11-03,133.3,133.3,133.3,133.3
1972-11-06,133.6,133.6,133.6,133.6
1972-11-08,133.1,133.1,133.1,133.1
1972-11-09,132.8,132.8,132.8,132.8
1972-11-10,133.1,133.1,133.1,133.1
1972-11-13,132.8,132.8,132.8,132.8
1972-11-14,132.9,132.9,132.9,132.9
1972-11-15,132.4,132.4,132.4,132.4
1972-11-16,132.3,132.3,132.3,132.3
1972-11-17,132.3,132.3,132.3,132.3
1972-11-20,132.1,132.1,132.1,132.1
1972-11-21,132.2,132.2,132.2,132.2
1972-11-22,132.5,132.5,132.5,132.5
1972-11-24,133,133,133,133
1972-11-27,132.6,132.6,132.6,132.6
1972-11-28,132.7,132.7,132.7,132.7
1972-11-29,132.7,132.7,132.7,132.7
1972-11-30,133,133,133,133
1972-12-01,133.9,133.9,133.9,133.9
1972-12-04,134.1,134.1,134.1,134.1
1972-12-05,134.3,134.3,134.3,134.3
1972-12-06,134.7,134.7,134.7,134.7
1972-12-07,135.1,135.1,135.1,135.1
1972-12-08,135.1,135.1,135.1,135.1
1972-12-11,134.8,134.8,134.8,134.8
1972-12-12,134.3,134.3,134.3,134.3
1972-12-13,133.7,133.7,133.7,133.7
1972-12-14,133.3,133.3,133.3,133.3
1972-12-15,133.5,133.5,133.5,133.5
1972-12-18,132.5,132.5,132.5,132.5
1972-12-19,132.4,132.4,132.4,132.4
1972-12-20,131.9,131.9,131.9,131.9
1972-12-21,131.1,131.1,131.1,131.1
1972-12-22,131.3,131.3,131.3,131.3
1972-12-26,131.2,131.2,131.2,131.2
1972-12-27,131.9,131.9,131.9,131.9
1972-12-29,133.7,133.7,133.7,133.7
1973-01-02,134.6,134.6,134.6,134.6
1973-01-03,135.4,135.4,135.4,135.4
1973-01-04,135.4,135.4,135.4,135.4
1973-01-05,135.9,135.9,135.9,135.9
1973-01-08,136,136,136,136
1973-01-09,136,136,136,136
1973-01-10,136.1,136.1,136.1,136.1
1973-01-11,136.8,136.8,136.8,136.8
1973-01-12,136,136,136,136
1973-01-15,134.6,134.6,134.6,134.6
1973-01-16,134,134,134,134
1973-01-17,134.1,134.1,134.1,134.1
1973-01-18,134.3,134.3,134.3,134.3
1973-01-19,133.9,133.9,133.9,133.9
1973-01-22,133.1,133.1,133.1,133.1
1973-01-23,132.4,132.4,132.4,132.4
1973-01-24,130.5,130.5,130.5,130.5
1973-01-26,129.8,129.8,129.8,129.8
1973-01-29,128.5,128.5,128.5,128.5
1973-01-30,128.2,128.2,128.2,128.2
1973-01-31,128.4,128.4,128.4,128.4
1973-02-01,126.9,126.9,126.9,126.9
1973-02-02,126.5,126.5,126.5,126.5
1973-02-05,126,126,126,126
1973-02-06,126.3,126.3,126.3,126.3
1973-02-07,125,125,125,125
1973-02-08,124,124,124,124
1973-02-09,125.9,125.9,125.9,125.9
1973-02-12,126.9,126.9,126.9,126.9
1973-02-13,127.2,127.2,127.2,127.2
1973-02-14,125.4,125.4,125.4,125.4
1973-02-15,124.4,124.4,124.4,124.4
1973-02-16,124.6,124.6,124.6,124.6
1973-02-20,125,125,125,125
1973-02-21,123.9,123.9,123.9,123.9
1973-02-22,123.7,123.7,123.7,123.7
1973-02-23,122.3,122.3,122.3,122.3
1973-02-26,121.3,121.3,121.3,121.3
1973-02-27,119.8,119.8,119.8,119.8
1973-02-28,120.4,120.4,120.4,120.4
1973-03-01,119.5,119.5,119.5,119.5
1973-03-02,120.1,120.1,120.1,120.1
1973-03-05,120.6,120.6,120.6,120.6
1973-03-06,122,122,122,122
1973-03-07,122.3,122.3,122.3,122.3
1973-03-08,122.1,122.1,122.1,122.1
1973-03-09,122,122,122,122
1973-03-12,121.9,121.9,121.9,121.9
1973-03-13,122.1,122.1,122.1,122.1
1973-03-14,122.1,122.1,122.1,122.1
1973-03-15,121.6,121.6,121.6,121.6
1973-03-16,121.2,121.2,121.2,121.2
1973-03-19,119.9,119.9,119.9,119.9
1973-03-20,119.3,119.3,119.3,119.3
1973-03-21,117.9,117.9,117.9,117.9
1973-03-22,115.7,115.7,115.7,115.7
1973-03-23,115.5,115.5,115.5,115.5
1973-03-26,115.5,115.5,115.5,115.5
1973-03-27,116.9,116.9,116.9,116.9
1973-03-28,117.1,117.1,117.1,117.1
1973-03-29,118.2,118.2,118.2,118.2
1973-03-30,117.5,117.5,117.5,117.5
1973-04-02,115.8,115.8,115.8,115.8
1973-04-03,114.5,114.5,114.5,114.5
1973-04-04,112.9,112.9,112.9,112.9
1973-04-05,112,112,112,112
1973-04-06,113.3,113.3,113.3,113.3
1973-04-09,114,114,114,114
1973-04-10,114.8,114.8,114.8,114.8
1973-04-11,115.3,115.3,115.3,115.3
1973-04-12,115.6,115.6,115.6,115.6
1973-04-13,115.2,115.2,115.2,115.2
1973-04-16,114.6,114.6,114.6,114.6
1973-04-17,113.6,113.6,113.6,113.6
1973-04-18,113.7,113.7,113.7,113.7
1973-04-19,114.1,114.1,114.1,114.1
1973-04-23,113,113,113,113
1973-04-24,111.2,111.2,111.2,111.2
1973-04-25,109.4,109.4,109.4,109.4
1973-04-26,109.7,109.7,109.7,109.7
1973-04-27,108.4,108.4,108.4,108.4
1973-04-30,107.8,107.8,107.8,107.8
1973-05-01,108,108,108,108
1973-05-02,109.1,109.1,109.1,109.1
1973-05-03,109.8,109.8,109.8,109.8
1973-05-04,110.9,110.9,110.9,110.9
1973-05-07,110.5,110.5,110.5,110.5
1973-05-08,110.7,110.7,110.7,110.7
1973-05-09,110.5,110.5,110.5,110.5
1973-05-10,110.3,110.3,110.3,110.3
1973-05-11,109.1,109.1,109.1,109.1
1973-05-14,106.5,106.5,106.5,106.5
1973-05-15,106.1,106.1,106.1,106.1
1973-05-16,106.1,106.1,106.1,106.1
1973-05-17,105.2,105.2,105.2,105.2
1973-05-18,102.9,102.9,102.9,102.9
1973-05-21,100.8,100.8,100.8,100.8
1973-05-22,101.6,101.6,101.6,101.6
1973-05-23,102.1,102.1,102.1,102.1
1973-05-24,104.3,104.3,104.3,104.3
1973-05-25,105.2,105.2,105.2,105.2
1973-05-29,104.8,104.8,104.8,104.8
1973-05-30,103.2,103.2,103.2,103.2
1973-05-31,102.6,102.6,102.6,102.6
1973-06-01,102.3,102.3,102.3,102.3
1973-06-04,100.8,100.8,100.8,100.8
1973-06-05,101.7,101.7,101.7,101.7
1973-06-06,101.7,101.7,101.7,101.7
1973-06-07,102.6,102.6,102.6,102.6
1973-06-08,103.7,103.7,103.7,103.7
1973-06-11,103,103,103,103
1973-06-12,104.8,104.8,104.8,104.8
1973-06-13,104.3,104.3,104.3,104.3
1973-06-14,103.6,103.6,103.6,103.6
1973-06-15,102.3,102.3,102.3,102.3
1973-06-18,100.8,100.8,100.8,100.8
1973-06-19,101,101,101,101
1973-06-20,101.2,101.2,101.2,101.2
1973-06-21,100.4,100.4,100.4,100.4
1973-06-22,101,101,101,101
1973-06-25,99.4,99.4,99.4,99.4
1973-06-26,100,100,100,100
1973-06-27,100.2,100.2,100.2,100.2
1973-06-28,101.2,101.2,101.2,101.2
1973-06-29,101,101,101,101
1973-07-02,100.1,100.1,100.1,100.1
1973-07-03,99.4,99.4,99.4,99.4
1973-07-05,99.4,99.4,99.4,99.4
1973-07-06,99.5,99.5,99.5,99.5
1973-07-09,100,100,100,100
1973-07-10,101.2,101.2,101.2,101.2
1973-07-11,102.7,102.7,102.7,102.7
1973-07-12,103.2,103.2,103.2,103.2
1973-07-13,103,103,103,103
1973-07-16,104,104,104,104
1973-07-17,104.6,104.6,104.6,104.6
1973-07-18,105.8,105.8,105.8,105.8
1973-07-19,106.5,106.5,106.5,106.5
1973-07-20,107.7,107.7,107.7,107.7
1973-07-23,107.8,107.8,107.8,107.8
1973-07-24,108.3,108.3,108.3,108.3
1973-07-25,109.2,109.2,109.2,109.2
1973-07-26,109.2,109.2,109.2,109.2
1973-07-27,109.4,109.4,109.4,109.4
1973-07-30,108.9,108.9,108.9,108.9
1973-07-31,108.6,108.6,108.6,108.6
1973-08-01,107.1,107.1,107.1,107.1
1973-08-02,107,107,107,107
1973-08-03,106.8,106.8,106.8,106.8
1973-08-06,107.2,107.2,107.2,107.2
1973-08-07,107.3,107.3,107.3,107.3
1973-08-08,106.1,106.1,106.1,106.1
1973-08-09,106.1,106.1,106.1,106.1
1973-08-10,105.3,105.3,105.3,105.3
1973-08-13,104.3,104.3,104.3,104.3
1973-08-14,103.6,103.6,103.6,103.6
1973-08-15,103.3,103.3,103.3,103.3
1973-08-16,103.3,103.3,103.3,103.3
1973-08-17,103.7,103.7,103.7,103.7
1973-08-20,102.7,102.7,102.7,102.7
1973-08-21,102.1,102.1,102.1,102.1
1973-08-22,101.3,101.3,101.3,101.3
1973-08-23,102.5,102.5,102.5,102.5
1973-08-24,102.4,102.4,102.4,102.4
1973-08-27,102.9,102.9,102.9,102.9
1973-08-28,103,103,103,103
1973-08-29,103.8,103.8,103.8,103.8
1973-08-30,104,104,104,104
1973-08-31,104.9,104.9,104.9,104.9
1973-09-04,105.5,105.5,105.5,105.5
1973-09-05,106,106,106,106
1973-09-06,106.4,106.4,106.4,106.4
1973-09-07,107,107,107,107
1973-09-10,106.3,106.3,106.3,106.3
1973-09-11,105.8,105.8,105.8,105.8
1973-09-12,105.3,105.3,105.3,105.3
1973-09-13,105.6,105.6,105.6,105.6
1973-09-14,106.1,106.1,106.1,106.1
1973-09-17,106.3,106.3,106.3,106.3
1973-09-18,106.3,106.3,106.3,106.3
1973-09-19,107.9,107.9,107.9,107.9
1973-09-20,108.8,108.8,108.8,108.8
1973-09-21,109.5,109.5,109.5,109.5
1973-09-24,109.7,109.7,109.7,109.7
1973-09-25,109.8,109.8,109.8,109.8
1973-09-26,110.6,110.6,110.6,110.6
1973-09-27,111.3,111.3,111.3,111.3
1973-09-28,111.2,111.2,111.2,111.2
1973-10-01,111,111,111,111
1973-10-02,111.8,111.8,111.8,111.8
1973-10-03,112.1,112.1,112.1,112.1
1973-10-04,111.5,111.5,111.5,111.5
1973-10-05,112.6,112.6,112.6,112.6
1973-10-08,113.2,113.2,113.2,113.2
1973-10-09,113.1,113.1,113.1,113.1
1973-10-10,112.2,112.2,112.2,112.2
1973-10-11,113.6,113.6,113.6,113.6
1973-10-12,114.1,114.1,114.1,114.1
1973-10-15,113.1,113.1,113.1,113.1
1973-10-16,113.1,113.1,113.1,113.1
1973-10-17,112.7,112.7,112.7,112.7
1973-10-18,112.8,112.8,112.8,112.8
1973-10-19,113.3,113.3,113.3,113.3
1973-10-22,112.3,112.3,112.3,112.3
1973-10-23,111.8,111.8,111.8,111.8
1973-10-24,112.1,112.1,112.1,112.1
1973-10-25,112.3,112.3,112.3,112.3
1973-10-26,112.8,112.8,112.8,112.8
1973-10-29,112.1,112.1,112.1,112.1
1973-10-30,110.6,110.6,110.6,110.6
1973-10-31,110.2,110.2,110.2,110.2
1973-11-01,109.6,109.6,109.6,109.6
1973-11-02,108.9,108.9,108.9,108.9
1973-11-05,107.1,107.1,107.1,107.1
1973-11-06,106.3,106.3,106.3,106.3
1973-11-07,106.7,106.7,106.7,106.7
1973-11-08,107.3,107.3,107.3,107.3
1973-11-09,105.8,105.8,105.8,105.8
1973-11-12,105.1,105.1,105.1,105.1
1973-11-13,104.7,104.7,104.7,104.7
1973-11-14,102,102,102,102
1973-11-15,101.6,101.6,101.6,101.6
1973-11-16,101.4,101.4,101.4,101.4
1973-11-19,99,99,99,99
1973-11-20,96.6,96.6,96.6,96.6
1973-11-21,97.3,97.3,97.3,97.3
1973-11-23,97.3,97.3,97.3,97.3
1973-11-26,94.1,94.1,94.1,94.1
1973-11-27,93.1,93.1,93.1,93.1
1973-11-28,94.9,94.9,94.9,94.9
1973-11-29,94.6,94.6,94.6,94.6
1973-11-30,93.5,93.5,93.5,93.5
1973-12-03,92,92,92,92
1973-12-04,91.6,91.6,91.6,91.6
1973-12-05,89.7,89.7,89.7,89.7
1973-12-06,91.3,91.3,91.3,91.3
1973-12-07,92.3,92.3,92.3,92.3
1973-12-10,93.5,93.5,93.5,93.5
1973-12-11,92.2,92.2,92.2,92.2
1973-12-12,90.8,90.8,90.8,90.8
1973-12-13,89.1,89.1,89.1,89.1
1973-12-14,89.6,89.6,89.6,89.6
1973-12-17,89.1,89.1,89.1,89.1
1973-12-18,90.6,90.6,90.6,90.6
1973-12-19,90.2,90.2,90.2,90.2
1973-12-20,90.3,90.3,90.3,90.3
1973-12-21,89.5,89.5,89.5,89.5
1973-12-24,88.7,88.7,88.7,88.7
1973-12-26,90.2,90.2,90.2,90.2
1973-12-27,91.3,91.3,91.3,91.3
1973-12-28,91.7,91.7,91.7,91.7
1973-12-31,92.2,92.2,92.2,92.2
1974-01-02,92.5,92.5,92.5,92.5
1974-01-03,94.2,94.2,94.2,94.2
1974-01-04,94.1,94.1,94.1,94.1
1974-01-07,94.5,94.5,94.5,94.5
1974-01-08,94,94,94,94
1974-01-09,92.2,92.2,92.2,92.2
1974-01-10,91.4,91.4,91.4,91.4
1974-01-11,92.2,92.2,92.2,92.2
1974-01-14,92.4,92.4,92.4,92.4
1974-01-15,93.1,93.1,93.1,93.1
1974-01-16,94.5,94.5,94.5,94.5
1974-01-17,95.9,95.9,95.9,95.9
1974-01-18,95.3,95.3,95.3,95.3
1974-01-21,94.5,94.5,94.5,94.5
1974-01-22,95.3,95.3,95.3,95.3
1974-01-23,95.8,95.8,95.8,95.8
1974-01-24,95.6,95.6,95.6,95.6
1974-01-25,95.4,95.4,95.4,95.4
1974-01-28,95,95,95,95
1974-01-29,94.6,94.6,94.6,94.6
1974-01-30,95.2,95.2,95.2,95.2
1974-01-31,94.9,94.9,94.9,94.9
1974-02-01,94.1,94.1,94.1,94.1
1974-02-04,92.9,92.9,92.9,92.9
1974-02-05,92.5,92.5,92.5,92.5
1974-02-06,92.7,92.7,92.7,92.7
1974-02-07,92.8,92.8,92.8,92.8
1974-02-08,92.2,92.2,92.2,92.2
1974-02-11,91.1,91.1,91.1,91.1
1974-02-12,90.5,90.5,90.5,90.5
1974-02-13,90.1,90.1,90.1,90.1
1974-02-14,90.2,90.2,90.2,90.2
1974-02-15,91,91,91,91
1974-02-19,90.8,90.8,90.8,90.8
1974-02-20,91.6,91.6,91.6,91.6
1974-02-21,92.2,92.2,92.2,92.2
1974-02-22,92.9,92.9,92.9,92.9
1974-02-25,92.7,92.7,92.7,92.7
1974-02-26,93.1,93.1,93.1,93.1
1974-02-27,94.1,94.1,94.1,94.1
1974-02-28,94.3,94.3,94.3,94.3
1974-03-01,94.1,94.1,94.1,94.1
1974-03-04,93.8,93.8,93.8,93.8
1974-03-05,94.7,94.7,94.7,94.7
1974-03-06,95.1,95.1,95.1,95.1
1974-03-07,94.5,94.5,94.5,94.5
1974-03-08,95.2,95.2,95.2,95.2
1974-03-11,95.9,95.9,95.9,95.9
1974-03-12,95.8,95.8,95.8,95.8
1974-03-13,96.3,96.3,96.3,96.3
1974-03-14,96.1,96.1,96.1,96.1
1974-03-15,96.5,96.5,96.5,96.5
1974-03-18,95.4,95.4,95.4,95.4
1974-03-19,94.8,94.8,94.8,94.8
1974-03-20,94.9,94.9,94.9,94.9
1974-03-21,95.4,95.4,95.4,95.4
1974-03-22,95.4,95.4,95.4,95.4
1974-03-25,95.3,95.3,95.3,95.3
1974-03-26,95.3,95.3,95.3,95.3
1974-03-27,94.2,94.2,94.2,94.2
1974-03-28,92.9,92.9,92.9,92.9
1974-03-29,92.3,92.3,92.3,92.3
1974-04-01,91.9,91.9,91.9,91.9
1974-04-02,92,92,92,92
1974-04-03,92.1,92.1,92.1,92.1
1974-04-04,91.9,91.9,91.9,91.9
1974-04-05,90.7,90.7,90.7,90.7
1974-04-08,89.9,89.9,89.9,89.9
1974-04-09,90.2,90.2,90.2,90.2
1974-04-10,89.9,89.9,89.9,89.9
1974-04-11,89.8,89.8,89.8,89.8
1974-04-15,89.4,89.4,89.4,89.4
1974-04-16,90.3,90.3,90.3,90.3
1974-04-17,90.7,90.7,90.7,90.7
1974-04-18,90.9,90.9,90.9,90.9
1974-04-19,90.3,90.3,90.3,90.3
1974-04-22,90.3,90.3,90.3,90.3
1974-04-23,88.5,88.5,88.5,88.5
1974-04-24,86.9,86.9,86.9,86.9
1974-04-25,86,86,86,86
1974-04-26,86.2,86.2,86.2,86.2
1974-04-29,86.5,86.5,86.5,86.5
1974-04-30,86.9,86.9,86.9,86.9
1974-05-01,87.6,87.6,87.6,87.6
1974-05-02,88,88,88,88
1974-05-03,87.5,87.5,87.5,87.5
1974-05-06,87.3,87.3,87.3,87.3
1974-05-07,86.7,86.7,86.7,86.7
1974-05-08,85.7,85.7,85.7,85.7
1974-05-09,85.8,85.8,85.8,85.8
1974-05-10,84.3,84.3,84.3,84.3
1974-05-13,83.2,83.2,83.2,83.2
1974-05-14,83.2,83.2,83.2,83.2
1974-05-15,83.5,83.5,83.5,83.5
1974-05-16,83.5,83.5,83.5,83.5
1974-05-17,81.9,81.9,81.9,81.9
1974-05-20,81.4,81.4,81.4,81.4
1974-05-21,81.3,81.3,81.3,81.3
1974-05-22,80.7,80.7,80.7,80.7
1974-05-23,80.6,80.6,80.6,80.6
1974-05-24,81.4,81.4,81.4,81.4
1974-05-28,81.1,81.1,81.1,81.1
1974-05-29,79.8,79.8,79.8,79.8
1974-05-30,80.1,80.1,80.1,80.1
1974-05-31,80.2,80.2,80.2,80.2
1974-06-03,81.1,81.1,81.1,81.1
1974-06-04,81.8,81.8,81.8,81.8
1974-06-05,82.2,82.2,82.2,82.2
1974-06-06,83.2,83.2,83.2,83.2
1974-06-07,83.7,83.7,83.7,83.7
1974-06-10,83.9,83.9,83.9,83.9
1974-06-11,83.3,83.3,83.3,83.3
1974-06-12,83.1,83.1,83.1,83.1
1974-06-13,83.2,83.2,83.2,83.2
1974-06-14,82.8,82.8,82.8,82.8
1974-06-17,81.5,81.5,81.5,81.5
1974-06-18,81.3,81.3,81.3,81.3
1974-06-19,80.7,80.7,80.7,80.7
1974-06-20,79.8,79.8,79.8,79.8
1974-06-21,79.1,79.1,79.1,79.1
1974-06-24,78.9,78.9,78.9,78.9
1974-06-25,79.3,79.3,79.3,79.3
1974-06-26,78.3,78.3,78.3,78.3
1974-06-27,76.8,76.8,76.8,76.8
1974-06-28,76,76,76,76
1974-07-01,75.4,75.4,75.4,75.4
1974-07-02,73.8,73.8,73.8,73.8
1974-07-03,73.7,73.7,73.7,73.7
1974-07-05,73.6,73.6,73.6,73.6
1974-07-08,71,71,71,71
1974-07-09,70.6,70.6,70.6,70.6
1974-07-10,69.8,69.8,69.8,69.8
1974-07-11,69.6,69.6,69.6,69.6
1974-07-12,71.7,71.7,71.7,71.7
1974-07-15,72,72,72,72
1974-07-16,71.6,71.6,71.6,71.6
1974-07-17,72.7,72.7,72.7,72.7
1974-07-18,72.8,72.8,72.8,72.8
1974-07-19,73.4,73.4,73.4,73.4
1974-07-22,73.4,73.4,73.4,73.4
1974-07-23,74.4,74.4,74.4,74.4
1974-07-24,74.6,74.6,74.6,74.6
1974-07-25,73.5,73.5,73.5,73.5
1974-07-26,72.8,72.8,72.8,72.8
1974-07-29,71.5,71.5,71.5,71.5
1974-07-30,71.3,71.3,71.3,71.3
1974-07-31,70,70,70,70
1974-08-01,69.6,69.6,69.6,69.6
1974-08-02,69.4,69.4,69.4,69.4
1974-08-05,69.7,69.7,69.7,69.7
1974-08-06,70.5,70.5,70.5,70.5
1974-08-07,71.7,71.7,71.7,71.7
1974-08-08,70.7,70.7,70.7,70.7
1974-08-09,70.7,70.7,70.7,70.7
1974-08-12,70.4,70.4,70.4,70.4
1974-08-13,68.8,68.8,68.8,68.8
1974-08-14,67.3,67.3,67.3,67.3
1974-08-15,66.9,66.9,66.9,66.9
1974-08-16,65.9,65.9,65.9,65.9
1974-08-19,65.1,65.1,65.1,65.1
1974-08-20,65.7,65.7,65.7,65.7
1974-08-21,64.9,64.9,64.9,64.9
1974-08-22,63.6,63.6,63.6,63.6
1974-08-23,62.6,62.6,62.6,62.6
1974-08-26,62.9,62.9,62.9,62.9
1974-08-27,63.3,63.3,63.3,63.3
1974-08-28,62.4,62.4,62.4,62.4
1974-08-29,61.4,61.4,61.4,61.4
1974-08-30,62.4,62.4,62.4,62.4
1974-09-03,60.9,60.9,60.9,60.9
1974-09-04,58.9,58.9,58.9,58.9
1974-09-05,60.2,60.2,60.2,60.2
1974-09-06,60.7,60.7,60.7,60.7
1974-09-09,59.4,59.4,59.4,59.4
1974-09-10,59,59,59,59
1974-09-11,58.7,58.7,58.7,58.7
1974-09-12,57.7,57.7,57.7,57.7
1974-09-13,56.7,56.7,56.7,56.7
1974-09-16,57.2,57.2,57.2,57.2
1974-09-17,57.7,57.7,57.7,57.7
1974-09-18,58.1,58.1,58.1,58.1
1974-09-19,59.5,59.5,59.5,59.5
1974-09-20,59.9,59.9,59.9,59.9
1974-09-23,59.7,59.7,59.7,59.7
1974-09-24,58.8,58.8,58.8,58.8
1974-09-25,58.8,58.8,58.8,58.8
1974-09-26,57.9,57.9,57.9,57.9
1974-09-27,57.1,57.1,57.1,57.1
1974-09-30,55.7,55.7,55.7,55.7
1974-10-01,55.5,55.5,55.5,55.5
1974-10-02,55.7,55.7,55.7,55.7
1974-10-03,54.9,54.9,54.9,54.9
1974-10-04,55.2,55.2,55.2,55.2
1974-10-07,56.6,56.6,56.6,56.6
1974-10-08,56.1,56.1,56.1,56.1
1974-10-09,57.6,57.6,57.6,57.6
1974-10-10,58.5,58.5,58.5,58.5
1974-10-11,60.4,60.4,60.4,60.4
1974-10-14,61.7,61.7,61.7,61.7
1974-10-15,61.4,61.4,61.4,61.4
1974-10-16,61.2,61.2,61.2,61.2
1974-10-17,62,62,62,62
1974-10-18,62.8,62.8,62.8,62.8
1974-10-21,63.8,63.8,63.8,63.8
1974-10-22,64.1,64.1,64.1,64.1
1974-10-23,63.4,63.4,63.4,63.4
1974-10-24,62.6,62.6,62.6,62.6
1974-10-25,62.9,62.9,62.9,62.9
1974-10-28,62.5,62.5,62.5,62.5
1974-10-29,63.7,63.7,63.7,63.7
1974-10-30,64.9,64.9,64.9,64.9
1974-10-31,65.2,65.2,65.2,65.2
1974-11-01,65.1,65.1,65.1,65.1
1974-11-04,64.6,64.6,64.6,64.6
1974-11-05,66,66,66,66
1974-11-06,66.1,66.1,66.1,66.1
1974-11-07,66.6,66.6,66.6,66.6
1974-11-08,66.5,66.5,66.5,66.5
1974-11-11,66.7,66.7,66.7,66.7
1974-11-12,65.4,65.4,65.4,65.4
1974-11-13,65,65,65,65
1974-11-14,65,65,65,65
1974-11-15,64.4,64.4,64.4,64.4
1974-11-18,62.1,62.1,62.1,62.1
1974-11-19,60.9,60.9,60.9,60.9
1974-11-20,60.8,60.8,60.8,60.8
1974-11-21,61.5,61.5,61.5,61.5
1974-11-22,62.1,62.1,62.1,62.1
1974-11-25,61.7,61.7,61.7,61.7
1974-11-26,62.6,62.6,62.6,62.6
1974-11-27,62.8,62.8,62.8,62.8
1974-11-29,62.9,62.9,62.9,62.9
1974-12-02,61.7,61.7,61.7,61.7
1974-12-03,60.5,60.5,60.5,60.5
1974-12-04,60.4,60.4,60.4,60.4
1974-12-05,58.9,58.9,58.9,58.9
1974-12-06,58.2,58.2,58.2,58.2
1974-12-09,57.9,57.9,57.9,57.9
1974-12-10,58.8,58.8,58.8,58.8
1974-12-11,59.3,59.3,59.3,59.3
1974-12-12,59.4,59.4,59.4,59.4
1974-12-13,59.2,59.2,59.2,59.2
1974-12-16,58.8,58.8,58.8,58.8
1974-12-17,59.2,59.2,59.2,59.2
1974-12-18,59.6,59.6,59.6,59.6
1974-12-19,59.5,59.5,59.5,59.5
1974-12-20,58.7,58.7,58.7,58.7
1974-12-23,57.9,57.9,57.9,57.9
1974-12-24,58.3,58.3,58.3,58.3
1974-12-26,58.9,58.9,58.9,58.9
1974-12-27,58.7,58.7,58.7,58.7
1974-12-30,58.8,58.8,58.8,58.8
1974-12-31,59.8,59.8,59.8,59.8
1975-01-02,60.7,60.7,60.7,60.7
1975-01-03,61.2,61.2,61.2,61.2
1975-01-06,61.7,61.7,61.7,61.7
1975-01-07,61.9,61.9,61.9,61.9
1975-01-08,61.5,61.5,61.5,61.5
1975-01-09,62.4,62.4,62.4,62.4
1975-01-10,63.7,63.7,63.7,63.7
1975-01-13,63.3,63.3,63.3,63.3
1975-01-14,63.1,63.1,63.1,63.1
1975-01-15,63.9,63.9,63.9,63.9
1975-01-16,64.8,64.8,64.8,64.8
1975-01-17,64.4,64.4,64.4,64.4
1975-01-20,64.4,64.4,64.4,64.4
1975-01-21,64.2,64.2,64.2,64.2
1975-01-22,64.1,64.1,64.1,64.1
1975-01-23,64.5,64.5,64.5,64.5
1975-01-24,65.4,65.4,65.4,65.4
1975-01-27,67,67,67,67
1975-01-28,67.9,67.9,67.9,67.9
1975-01-29,69.1,69.1,69.1,69.1
1975-01-30,69,69,69,69
1975-01-31,69.8,69.8,69.8,69.8
1975-02-03,70.7,70.7,70.7,70.7
1975-02-04,70.1,70.1,70.1,70.1
1975-02-05,71.1,71.1,71.1,71.1
1975-02-06,71.5,71.5,71.5,71.5
1975-02-07,71.1,71.1,71.1,71.1
1975-02-10,70.8,70.8,70.8,70.8
1975-02-11,70.8,70.8,70.8,70.8
1975-02-12,71.6,71.6,71.6,71.6
1975-02-13,72.9,72.9,72.9,72.9
1975-02-14,73.3,73.3,73.3,73.3
1975-02-18,72.5,72.5,72.5,72.5
1975-02-19,72.9,72.9,72.9,72.9
1975-02-20,73.6,73.6,73.6,73.6
1975-02-21,73.8,73.8,73.8,73.8
1975-02-24,73.1,73.1,73.1,73.1
1975-02-25,72.1,72.1,72.1,72.1
1975-02-26,72.2,72.2,72.2,72.2
1975-02-27,72.5,72.5,72.5,72.5
1975-03-03,73.8,73.8,73.8,73.8
1975-03-04,74.2,74.2,74.2,74.2
1975-03-05,73.9,73.9,73.9,73.9
1975-03-06,74,74,74,74
1975-03-07,74.4,74.4,74.4,74.4
1975-03-10,74.9,74.9,74.9,74.9
1975-03-11,75,75,75,75
1975-03-12,74.1,74.1,74.1,74.1
1975-03-13,74.7,74.7,74.7,74.7
1975-03-14,76.1,76.1,76.1,76.1
1975-03-17,76.3,76.3,76.3,76.3
1975-03-18,76.2,76.2,76.2,76.2
1975-03-19,75.7,75.7,75.7,75.7
1975-03-20,75.8,75.8,75.8,75.8
1975-03-21,75.9,75.9,75.9,75.9
1975-03-24,74.4,74.4,74.4,74.4
1975-03-25,74.3,74.3,74.3,74.3
1975-03-26,75.6,75.6,75.6,75.6
1975-03-27,76.2,76.2,76.2,76.2
1975-03-31,75.7,75.7,75.7,75.7
1975-04-01,75.4,75.4,75.4,75.4
1975-04-02,75.6,75.6,75.6,75.6
1975-04-03,74.9,74.9,74.9,74.9
1975-04-04,74.7,74.7,74.7,74.7
1975-04-07,74.3,74.3,74.3,74.3
1975-04-08,74.5,74.5,74.5,74.5
1975-04-09,75.4,75.4,75.4,75.4
1975-04-10,75.8,75.8,75.8,75.8
1975-04-11,76.3,76.3,76.3,76.3
1975-04-14,77.3,77.3,77.3,77.3
1975-04-15,77.5,77.5,77.5,77.5
1975-04-16,78,78,78,78
1975-04-17,78.3,78.3,78.3,78.3
1975-04-18,78.1,78.1,78.1,78.1
1975-04-21,79.1,79.1,79.1,79.1
1975-04-22,78.5,78.5,78.5,78.5
1975-04-23,78.2,78.2,78.2,78.2
1975-04-24,78.1,78.1,78.1,78.1
1975-04-25,78.6,78.6,78.6,78.6
1975-04-28,78.3,78.3,78.3,78.3
1975-04-29,77.8,77.8,77.8,77.8
1975-04-30,78.5,78.5,78.5,78.5
1975-05-01,79.3,79.3,79.3,79.3
1975-05-02,80.3,80.3,80.3,80.3
1975-05-05,81.1,81.1,81.1,81.1
1975-05-06,80.8,80.8,80.8,80.8
1975-05-07,81.3,81.3,81.3,81.3
1975-05-08,82.1,82.1,82.1,82.1
1975-05-09,82.8,82.8,82.8,82.8
1975-05-12,82.3,82.3,82.3,82.3
1975-05-13,82.3,82.3,82.3,82.3
1975-05-14,82.9,82.9,82.9,82.9
1975-05-15,82.8,82.8,82.8,82.8
1975-05-16,82.4,82.4,82.4,82.4
1975-05-19,82,82,82,82
1975-05-20,81.8,81.8,81.8,81.8
1975-05-21,80.9,80.9,80.9,80.9
1975-05-22,81.6,81.6,81.6,81.6
1975-05-23,82.6,82.6,82.6,82.6
1975-05-27,82.5,82.5,82.5,82.5
1975-05-28,82,82,82,82
1975-05-29,81.8,81.8,81.8,81.8
1975-05-30,80.1,80.1,80.1,80.1
1975-06-02,83.9,83.9,83.9,83.9
1975-06-03,84.1,84.1,84.1,84.1
1975-06-04,84.1,84.1,84.1,84.1
1975-06-05,84.2,84.2,84.2,84.2
1975-06-06,84.8,84.8,84.8,84.8
1975-06-09,84,84,84,84
1975-06-10,83.4,83.4,83.4,83.4
1975-06-11,83.6,83.6,83.6,83.6
1975-06-12,82.9,82.9,82.9,82.9
1975-06-13,83.4,83.4,83.4,83.4
1975-06-16,84,84,84,84
1975-06-17,83.4,83.4,83.4,83.4
1975-06-18,83.5,83.5,83.5,83.5
1975-06-19,84.6,84.6,84.6,84.6
1975-06-20,85.2,85.2,85.2,85.2
1975-06-23,85.8,85.8,85.8,85.8
1975-06-24,86.2,86.2,86.2,86.2
1975-06-25,86.3,86.3,86.3,86.3
1975-06-26,86.4,86.4,86.4,86.4
1975-06-27,86.5,86.5,86.5,86.5
1975-06-30,87,87,87,87
1975-07-01,86.3,86.3,86.3,86.3
1975-07-02,85.6,85.6,85.6,85.6
1975-07-03,86.2,86.2,86.2,86.2
1975-07-07,85.6,85.6,85.6,85.6
1975-07-08,85.4,85.4,85.4,85.4
1975-07-09,86.5,86.5,86.5,86.5
1975-07-10,86.8,86.8,86.8,86.8
1975-07-11,87.2,87.2,87.2,87.2
1975-07-14,87.6,87.6,87.6,87.6
1975-07-15,88,88,88,88
1975-07-16,87.4,87.4,87.4,87.4
1975-07-17,87.1,87.1,87.1,87.1
1975-07-18,87,87,87,87
1975-07-21,86.8,86.8,86.8,86.8
1975-07-22,85.7,85.7,85.7,85.7
1975-07-23,84.6,84.6,84.6,84.6
1975-07-24,84.1,84.1,84.1,84.1
1975-07-25,83.6,83.6,83.6,83.6
1975-07-28,83.1,83.1,83.1,83.1
1975-07-29,82.7,82.7,82.7,82.7
1975-07-30,83,83,83,83
1975-07-31,83.2,83.2,83.2,83.2
1975-08-01,81.8,81.8,81.8,81.8
1975-08-04,81,81,81,81
1975-08-05,80.2,80.2,80.2,80.2
1975-08-06,80.2,80.2,80.2,80.2
1975-08-07,79.6,79.6,79.6,79.6
1975-08-08,79.6,79.6,79.6,79.6
1975-08-11,79.4,79.4,79.4,79.4
1975-08-12,79.6,79.6,79.6,79.6
1975-08-13,79.1,79.1,79.1,79.1
1975-08-14,78.4,78.4,78.4,78.4
1975-08-15,78.6,78.6,78.6,78.6
1975-08-18,78,78,78,78
1975-08-19,76.6,76.6,76.6,76.6
1975-08-20,75.5,75.5,75.5,75.5
1975-08-21,75.9,75.9,75.9,75.9
1975-08-22,76.4,76.4,76.4,76.4
1975-08-25,76.8,76.8,76.8,76.8
1975-08-26,76.2,76.2,76.2,76.2
1975-08-27,76.6,76.6,76.6,76.6
1975-08-28,78.1,78.1,78.1,78.1
1975-08-29,79,79,79,79
1975-09-02,77.9,77.9,77.9,77.9
1975-09-03,78.1,78.1,78.1,78.1
1975-09-04,78.1,78.1,78.1,78.1
1975-09-05,77.8,77.8,77.8,77.8
1975-09-08,77.5,77.5,77.5,77.5
1975-09-09,76.6,76.6,76.6,76.6
1975-09-10,75.2,75.2,75.2,75.2
1975-09-11,74.8,74.8,74.8,74.8
1975-09-12,74.7,74.7,74.7,74.7
1975-09-15,74.5,74.5,74.5,74.5
1975-09-16,73.8,73.8,73.8,73.8
1975-09-17,73.9,73.9,73.9,73.9
1975-09-18,74.8,74.8,74.8,74.8
1975-09-19,76.4,76.4,76.4,76.4
1975-09-22,75.9,75.9,75.9,75.9
1975-09-23,75.9,75.9,75.9,75.9
1975-09-24,76.4,76.4,76.4,76.4
1975-09-25,76.1,76.1,76.1,76.1
1975-09-26,76.1,76.1,76.1,76.1
1975-09-29,75.4,75.4,75.4,75.4
1975-09-30,74.3,74.3,74.3,74.3
1975-10-01,73.8,73.8,73.8,73.8
1975-10-02,74.2,74.2,74.2,74.2
1975-10-03,75.5,75.5,75.5,75.5
1975-10-06,76,76,76,76
1975-10-07,75.9,75.9,75.9,75.9
1975-10-08,76.6,76.6,76.6,76.6
1975-10-09,76.9,76.9,76.9,76.9
1975-10-10,77,77,77,77
1975-10-13,77.7,77.7,77.7,77.7
1975-10-14,78.2,78.2,78.2,78.2
1975-10-15,78.2,78.2,78.2,78.2
1975-10-16,78.2,78.2,78.2,78.2
1975-10-17,77.6,77.6,77.6,77.6
1975-10-20,78.1,78.1,78.1,78.1
1975-10-21,78.4,78.4,78.4,78.4
1975-10-22,78.9,78.9,78.9,78.9
1975-10-23,79.1,79.1,79.1,79.1
1975-10-24,78.6,78.6,78.6,78.6
1975-10-27,78.3,78.3,78.3,78.3
1975-10-28,78.7,78.7,78.7,78.7
1975-10-29,77.6,77.6,77.6,77.6
1975-10-30,77.4,77.4,77.4,77.4
1975-10-31,77,77,77,77
1975-11-03,76.6,76.6,76.6,76.6
1975-11-04,76.9,76.9,76.9,76.9
1975-11-05,77.3,77.3,77.3,77.3
1975-11-06,77.4,77.4,77.4,77.4
1975-11-07,77.2,77.2,77.2,77.2
1975-11-10,77.5,77.5,77.5,77.5
1975-11-11,78,78,78,78
1975-11-12,79.3,79.3,79.3,79.3
1975-11-13,79.2,79.2,79.2,79.2
1975-11-14,79,79,79,79
1975-11-17,79.1,79.1,79.1,79.1
1975-11-18,78.6,78.6,78.6,78.6
1975-11-19,77.9,77.9,77.9,77.9
1975-11-20,77.7,77.7,77.7,77.7
1975-11-21,77.7,77.7,77.7,77.7
1975-11-24,77.9,77.9,77.9,77.9
1975-11-25,78.2,78.2,78.2,78.2
1975-11-26,78.6,78.6,78.6,78.6
1975-11-28,78.8,78.8,78.8,78.8
1975-12-01,78.7,78.7,78.7,78.7
1975-12-02,77.3,77.3,77.3,77.3
1975-12-03,75.7,75.7,75.7,75.7
1975-12-04,75.2,75.2,75.2,75.2
1975-12-05,74.7,74.7,74.7,74.7
1975-12-08,74.9,74.9,74.9,74.9
1975-12-09,74.5,74.5,74.5,74.5
1975-12-10,75.3,75.3,75.3,75.3
1975-12-11,75.1,75.1,75.1,75.1
1975-12-12,74.9,74.9,74.9,74.9
1975-12-15,74.5,74.5,74.5,74.5
1975-12-16,75.2,75.2,75.2,75.2
1975-12-17,75.8,75.8,75.8,75.8
1975-12-18,76.1,76.1,76.1,76.1
1975-12-19,75.9,75.9,75.9,75.9
1975-12-22,75.6,75.6,75.6,75.6
1975-12-23,75.9,75.9,75.9,75.9
1975-12-24,71.2,71.2,71.2,71.2
1975-12-26,77.1,77.1,77.1,77.1
1975-12-29,76.9,76.9,76.9,76.9
1975-12-30,76.7,76.7,76.7,76.7
1975-12-31,77.6,77.6,77.6,77.6
1976-01-02,78.1,78.1,78.1,78.1
1976-01-05,78.8,78.8,78.8,78.8
1976-01-06,80.3,80.3,80.3,80.3
1976-01-07,81,81,81,81
1976-01-08,81.6,81.6,81.6,81.6
1976-01-09,82.3,82.3,82.3,82.3
1976-01-12,82.7,82.7,82.7,82.7
1976-01-13,82.4,82.4,82.4,82.4
1976-01-14,83.6,83.6,83.6,83.6
1976-01-15,83.7,83.7,83.7,83.7
1976-01-16,84.3,84.3,84.3,84.3
1976-01-19,84.7,84.7,84.7,84.7
1976-01-20,84.9,84.9,84.9,84.9
1976-01-21,84.9,84.9,84.9,84.9
1976-01-22,84.6,84.6,84.6,84.6
1976-01-23,85.3,85.3,85.3,85.3
1976-01-26,85.1,85.1,85.1,85.1
1976-01-27,84.8,84.8,84.8,84.8
1976-01-28,84.6,84.6,84.6,84.6
1976-01-29,86.1,86.1,86.1,86.1
1976-01-30,87.1,87.1,87.1,87.1
1976-02-02,87.3,87.3,87.3,87.3
1976-02-03,87.4,87.4,87.4,87.4
1976-02-04,88.4,88.4,88.4,88.4
1976-02-05,88,88,88,88
1976-02-06,87.3,87.3,87.3,87.3
1976-02-09,87.8,87.8,87.8,87.8
1976-02-10,87.9,87.9,87.9,87.9
1976-02-11,88.7,88.7,88.7,88.7
1976-02-12,88.9,88.9,88.9,88.9
1976-02-13,89,89,89,89
1976-02-17,88.8,88.8,88.8,88.8
1976-02-18,89.2,89.2,89.2,89.2
1976-02-19,90.1,90.1,90.1,90.1
1976-02-20,91,91,91,91
1976-02-23,91.3,91.3,91.3,91.3
1976-02-24,91.7,91.7,91.7,91.7
1976-02-25,92.1,92.1,92.1,92.1
1976-02-26,91.4,91.4,91.4,91.4
1976-02-27,90.3,90.3,90.3,90.3
1976-03-01,90.3,90.3,90.3,90.3
1976-03-02,90.5,90.5,90.5,90.5
1976-03-03,90.2,90.2,90.2,90.2
1976-03-04,89.6,89.6,89.6,89.6
1976-03-05,89.5,89.5,89.5,89.5
1976-03-08,90,90,90,90
1976-03-09,90,90,90,90
1976-03-10,90.2,90.2,90.2,90.2
1976-03-11,91.2,91.2,91.2,91.2
1976-03-12,91,91,91,91
1976-03-15,89.7,89.7,89.7,89.7
1976-03-16,89.9,89.9,89.9,89.9
1976-03-17,90.1,90.1,90.1,90.1
1976-03-18,89.6,89.6,89.6,89.6
1976-03-19,89.5,89.5,89.5,89.5
1976-03-22,89.7,89.7,89.7,89.7
1976-03-23,90.4,90.4,90.4,90.4
1976-03-24,90.9,90.9,90.9,90.9
1976-03-25,90.7,90.7,90.7,90.7
1976-03-26,90.9,90.9,90.9,90.9
1976-03-29,90.7,90.7,90.7,90.7
1976-03-30,90.5,90.5,90.5,90.5
1976-03-31,90.6,90.6,90.6,90.6
1976-04-01,90.4,90.4,90.4,90.4
1976-04-02,90.6,90.6,90.6,90.6
1976-04-05,91.4,91.4,91.4,91.4
1976-04-06,91.6,91.6,91.6,91.6
1976-04-07,90.8,90.8,90.8,90.8
1976-04-08,90,90,90,90
1976-04-09,88.9,88.9,88.9,88.9
1976-04-12,88.6,88.6,88.6,88.6
1976-04-13,88.7,88.7,88.7,88.7
1976-04-14,88.8,88.8,88.8,88.8
1976-04-15,89.2,89.2,89.2,89.2
1976-04-19,89.6,89.6,89.6,89.6
1976-04-20,90.6,90.6,90.6,90.6
1976-04-21,90.8,90.8,90.8,90.8
1976-04-22,91,91,91,91
1976-04-23,90.6,90.6,90.6,90.6
1976-04-26,90.6,90.6,90.6,90.6
1976-04-27,90,90,90,90
1976-04-28,90.3,90.3,90.3,90.3
1976-04-29,90.6,90.6,90.6,90.6
1976-04-30,90.1,90.1,90.1,90.1
1976-05-03,89.1,89.1,89.1,89.1
1976-05-04,89.2,89.2,89.2,89.2
1976-05-05,89.2,89.2,89.2,89.2
1976-05-06,89.4,89.4,89.4,89.4
1976-05-07,90,90,90,90
1976-05-10,90.6,90.6,90.6,90.6
1976-05-11,90.6,90.6,90.6,90.6
1976-05-12,90.6,90.6,90.6,90.6
1976-05-13,90.2,90.2,90.2,90.2
1976-05-14,89.8,89.8,89.8,89.8
1976-05-17,89.5,89.5,89.5,89.5
1976-05-18,89.5,89.5,89.5,89.5
1976-05-19,89.3,89.3,89.3,89.3
1976-05-20,89.5,89.5,89.5,89.5
1976-05-21,89.4,89.4,89.4,89.4
1976-05-24,88.1,88.1,88.1,88.1
1976-05-25,87.8,87.8,87.8,87.8
1976-05-26,88.1,88.1,88.1,88.1
1976-05-27,87.8,87.8,87.8,87.8
1976-05-28,88,88,88,88
1976-06-01,87.8,87.8,87.8,87.8
1976-06-02,88.2,88.2,88.2,88.2
1976-06-03,88.3,88.3,88.3,88.3
1976-06-04,87.8,87.8,87.8,87.8
1976-06-07,87.2,87.2,87.2,87.2
1976-06-08,87.1,87.1,87.1,87.1
1976-06-09,86.9,86.9,86.9,86.9
1976-06-10,87.3,87.3,87.3,87.3
1976-06-11,87.7,87.7,87.7,87.7
1976-06-14,88.4,88.4,88.4,88.4
1976-06-15,88.4,88.4,88.4,88.4
1976-06-16,88.9,88.9,88.9,88.9
1976-06-17,89.7,89.7,89.7,89.7
1976-06-18,90.1,90.1,90.1,90.1
1976-06-21,90.1,90.1,90.1,90.1
1976-06-22,89.5,89.5,89.5,89.5
1976-06-23,89.2,89.2,89.2,89.2
1976-06-24,89.8,89.8,89.8,89.8
1976-06-25,90.1,90.1,90.1,90.1
1976-06-28,89.9,89.9,89.9,89.9
1976-06-29,90.1,90.1,90.1,90.1
1976-06-30,90.3,90.3,90.3,90.3
1976-07-01,90.3,90.3,90.3,90.3
1976-07-02,90.9,90.9,90.9,90.9
1976-07-06,90.6,90.6,90.6,90.6
1976-07-07,90.6,90.6,90.6,90.6
1976-07-08,90.8,90.8,90.8,90.8
1976-07-09,91.5,91.5,91.5,91.5
1976-07-12,91.9,91.9,91.9,91.9
1976-07-13,92,92,92,92
1976-07-14,92.4,92.4,92.4,92.4
1976-07-15,92.5,92.5,92.5,92.5
1976-07-16,92.4,92.4,92.4,92.4
1976-07-19,92.1,92.1,92.1,92.1
1976-07-20,91.7,91.7,91.7,91.7
1976-07-21,91.5,91.5,91.5,91.5
1976-07-22,91.7,91.7,91.7,91.7
1976-07-23,91.6,91.6,91.6,91.6
1976-07-26,91.5,91.5,91.5,91.5
1976-07-27,91.3,91.3,91.3,91.3
1976-07-28,91,91,91,91
1976-07-29,90.8,90.8,90.8,90.8
1976-07-30,91.3,91.3,91.3,91.3
1976-08-02,91.3,91.3,91.3,91.3
1976-08-03,92,92,92,92
1976-08-04,91.9,91.9,91.9,91.9
1976-08-05,91.5,91.5,91.5,91.5
1976-08-06,91.6,91.6,91.6,91.6
1976-08-09,91.3,91.3,91.3,91.3
1976-08-10,91.9,91.9,91.9,91.9
1976-08-11,91.8,91.8,91.8,91.8
1976-08-12,91.9,91.9,91.9,91.9
1976-08-13,91.8,91.8,91.8,91.8
1976-08-16,91.8,91.8,91.8,91.8
1976-08-17,92,92,92,92
1976-08-18,91.8,91.8,91.8,91.8
1976-08-19,90.7,90.7,90.7,90.7
1976-08-20,90.2,90.2,90.2,90.2
1976-08-23,89.6,89.6,89.6,89.6
1976-08-24,89.1,89.1,89.1,89.1
1976-08-25,89.6,89.6,89.6,89.6
1976-08-26,89.2,89.2,89.2,89.2
1976-08-27,89.1,89.1,89.1,89.1
1976-08-30,89.3,89.3,89.3,89.3
1976-08-31,89.7,89.7,89.7,89.7
1976-09-01,90.6,90.6,90.6,90.6
1976-09-02,90.7,90.7,90.7,90.7
1976-09-03,91,91,91,91
1976-09-07,91.2,91.2,91.2,91.2
1976-09-08,91.3,91.3,91.3,91.3
1976-09-09,90.9,90.9,90.9,90.9
1976-09-10,91.2,91.2,91.2,91.2
1976-09-13,91,91,91,91
1976-09-14,90.5,90.5,90.5,90.5
1976-09-15,90.6,90.6,90.6,90.6
1976-09-16,91,91,91,91
1976-09-17,91.6,91.6,91.6,91.6
1976-09-20,91.9,91.9,91.9,91.9
1976-09-21,92.4,92.4,92.4,92.4
1976-09-22,92.4,92.4,92.4,92.4
1976-09-23,92.3,92.3,92.3,92.3
1976-09-24,92.3,92.3,92.3,92.3
1976-09-27,92.4,92.4,92.4,92.4
1976-09-28,91.6,91.6,91.6,91.6
1976-09-29,91.3,91.3,91.3,91.3
1976-09-30,91.3,91.3,91.3,91.3
1976-10-01,90.4,90.4,90.4,90.4
1976-10-04,90.5,90.5,90.5,90.5
1976-10-05,89.8,89.8,89.8,89.8
1976-10-06,89,89,89,89
1976-10-07,89.6,89.6,89.6,89.6
1976-10-08,89.4,89.4,89.4,89.4
1976-10-11,89,89,89,89
1976-10-12,88.8,88.8,88.8,88.8
1976-10-13,89.3,89.3,89.3,89.3
1976-10-14,88.7,88.7,88.7,88.7
1976-10-15,89.1,89.1,89.1,89.1
1976-10-18,89.5,89.5,89.5,89.5
1976-10-19,89.4,89.4,89.4,89.4
1976-10-20,89.6,89.6,89.6,89.6
1976-10-21,89.5,89.5,89.5,89.5
1976-10-22,89.3,89.3,89.3,89.3
1976-10-25,89.4,89.4,89.4,89.4
1976-10-26,89.4,89.4,89.4,89.4
1976-10-27,89.6,89.6,89.6,89.6
1976-10-28,89.8,89.8,89.8,89.8
1976-10-29,90.3,90.3,90.3,90.3
1976-11-01,90.4,90.4,90.4,90.4
1976-11-03,89.4,89.4,89.4,89.4
1976-11-04,90.1,90.1,90.1,90.1
1976-11-05,89.5,89.5,89.5,89.5
1976-11-08,88.7,88.7,88.7,88.7
1976-11-09,88.1,88.1,88.1,88.1
1976-11-10,87.8,87.8,87.8,87.8
1976-11-11,88.1,88.1,88.1,88.1
1976-11-12,88.1,88.1,88.1,88.1
1976-11-15,88.1,88.1,88.1,88.1
1976-11-16,88.5,88.5,88.5,88.5
1976-11-17,89,89,89,89
1976-11-18,89.8,89.8,89.8,89.8
1976-11-19,90,90,90,90
1976-11-22,90.5,90.5,90.5,90.5
1976-11-23,90.2,90.2,90.2,90.2
1976-11-24,90.7,90.7,90.7,90.7
1976-11-26,91.4,91.4,91.4,91.4
1976-11-29,91.1,91.1,91.1,91.1
1976-11-30,91.1,91.1,91.1,91.1
1976-12-01,91.8,91.8,91.8,91.8
1976-12-02,91.8,91.8,91.8,91.8
1976-12-03,92.3,92.3,92.3,92.3
1976-12-06,92.6,92.6,92.6,92.6
1976-12-07,93,93,93,93
1976-12-08,93.4,93.4,93.4,93.4
1976-12-09,94.1,94.1,94.1,94.1
1976-12-10,94.6,94.6,94.6,94.6
1976-12-13,94.6,94.6,94.6,94.6
1976-12-14,94.6,94.6,94.6,94.6
1976-12-15,94.9,94.9,94.9,94.9
1976-12-16,94.9,94.9,94.9,94.9
1976-12-17,94.6,94.6,94.6,94.6
1976-12-20,94.5,94.5,94.5,94.5
1976-12-21,94.7,94.7,94.7,94.7
1976-12-22,95.2,95.2,95.2,95.2
1976-12-23,95.2,95.2,95.2,95.2
1976-12-27,95.7,95.7,95.7,95.7
1976-12-28,96.2,96.2,96.2,96.2
1976-12-29,96.3,96.3,96.3,96.3
1976-12-30,97.1,97.1,97.1,97.1
1976-12-31,97.9,97.9,97.9,97.9
1977-01-03,97.7,97.7,97.7,97.7
1977-01-04,97.2,97.2,97.2,97.2
1977-01-05,96.9,96.9,96.9,96.9
1977-01-06,97.3,97.3,97.3,97.3
1977-01-07,97.5,97.5,97.5,97.5
1977-01-10,97.3,97.3,97.3,97.3
1977-01-11,96.4,96.4,96.4,96.4
1977-01-12,96,96,96,96
1977-01-13,96.8,96.8,96.8,96.8
1977-01-14,97.2,97.2,97.2,97.2
1977-01-17,97.1,97.1,97.1,97.1
1977-01-18,97.1,97.1,97.1,97.1
1977-01-19,97.6,97.6,97.6,97.6
1977-01-20,97.1,97.1,97.1,97.1
1977-01-21,97.3,97.3,97.3,97.3
1977-01-24,97.4,97.4,97.4,97.4
1977-01-25,97.1,97.1,97.1,97.1
1977-01-26,96.5,96.5,96.5,96.5
1977-01-27,96,96,96,96
1977-01-28,95.7,95.7,95.7,95.7
1977-01-31,95.5,95.5,95.5,95.5
1977-02-01,96.3,96.3,96.3,96.3
1977-02-02,96.5,96.5,96.5,96.5
1977-02-03,96.3,96.3,96.3,96.3
1977-02-04,96.7,96.7,96.7,96.7
1977-02-07,96.6,96.6,96.6,96.6
1977-02-08,96.6,96.6,96.6,96.6
1977-02-09,96,96,96,96
1977-02-10,96.3,96.3,96.3,96.3
1977-02-11,96.1,96.1,96.1,96.1
1977-02-14,96.1,96.1,96.1,96.1
1977-02-15,96.4,96.4,96.4,96.4
1977-02-16,96.6,96.6,96.6,96.6
1977-02-17,96.6,96.6,96.6,96.6
1977-02-18,96.4,96.4,96.4,96.4
1977-02-22,96.1,96.1,96.1,96.1
1977-02-23,95.8,95.8,95.8,95.8
1977-02-24,94.8,94.8,94.8,94.8
1977-02-25,94.9,94.9,94.9,94.9
1977-02-28,94.6,94.6,94.6,94.6
1977-03-01,95.1,95.1,95.1,95.1
1977-03-02,95.2,95.2,95.2,95.2
1977-03-03,95.5,95.5,95.5,95.5
1977-03-04,96.1,96.1,96.1,96.1
1977-03-07,96.2,96.2,96.2,96.2
1977-03-08,96.2,96.2,96.2,96.2
1977-03-09,95.8,95.8,95.8,95.8
1977-03-10,95.8,95.8,95.8,95.8
1977-03-11,96.1,96.1,96.1,96.1
1977-03-14,96.2,96.2,96.2,96.2
1977-03-15,96.4,96.4,96.4,96.4
1977-03-16,96.6,96.6,96.6,96.6
1977-03-17,96.4,96.4,96.4,96.4
1977-03-18,96.4,96.4,96.4,96.4
1977-03-21,96.3,96.3,96.3,96.3
1977-03-22,96.1,96.1,96.1,96.1
1977-03-23,95.8,95.8,95.8,95.8
1977-03-24,95.5,95.5,95.5,95.5
1977-03-25,95.3,95.3,95.3,95.3
1977-03-28,94.8,94.8,94.8,94.8
1977-03-29,94.9,94.9,94.9,94.9
1977-03-30,94.2,94.2,94.2,94.2
1977-03-31,94.1,94.1,94.1,94.1
1977-04-01,94.5,94.5,94.5,94.5
1977-04-04,93.9,93.9,93.9,93.9
1977-04-05,93.7,93.7,93.7,93.7
1977-04-06,93.9,93.9,93.9,93.9
1977-04-07,94,94,94,94
1977-04-11,94.4,94.4,94.4,94.4
1977-04-12,95.1,95.1,95.1,95.1
1977-04-13,95.1,95.1,95.1,95.1
1977-04-14,96,96,96,96
1977-04-15,96.3,96.3,96.3,96.3
1977-04-18,96.2,96.2,96.2,96.2
1977-04-19,96.1,96.1,96.1,96.1
1977-04-20,96.4,96.4,96.4,96.4
1977-04-21,95.9,95.9,95.9,95.9
1977-04-22,95.1,95.1,95.1,95.1
1977-04-25,94.3,94.3,94.3,94.3
1977-04-26,94.1,94.1,94.1,94.1
1977-04-27,94.8,94.8,94.8,94.8
1977-04-28,95.1,95.1,95.1,95.1
1977-04-29,95.5,95.5,95.5,95.5
1977-05-02,95.8,95.8,95.8,95.8
1977-05-03,96.2,96.2,96.2,96.2
1977-05-04,96.6,96.6,96.6,96.6
1977-05-05,96.9,96.9,96.9,96.9
1977-05-06,96.9,96.9,96.9,96.9
1977-05-09,96.8,96.8,96.8,96.8
1977-05-10,97.2,97.2,97.2,97.2
1977-05-11,96.9,96.9,96.9,96.9
1977-05-12,97,97,97,97
1977-05-13,97.4,97.4,97.4,97.4
1977-05-16,97.8,97.8,97.8,97.8
1977-05-17,97.9,97.9,97.9,97.9
1977-05-18,98.5,98.5,98.5,98.5
1977-05-19,98.4,98.4,98.4,98.4
1977-05-20,98,98,98,98
1977-05-23,97.1,97.1,97.1,97.1
1977-05-24,96.7,96.7,96.7,96.7
1977-05-25,96.2,96.2,96.2,96.2
1977-05-26,96.2,96.2,96.2,96.2
1977-05-27,95.9,95.9,95.9,95.9
1977-05-31,95.6,95.6,95.6,95.6
1977-06-01,95.9,95.9,95.9,95.9
1977-06-02,95.8,95.8,95.8,95.8
1977-06-03,96.2,96.2,96.2,96.2
1977-06-06,96.1,96.1,96.1,96.1
1977-06-07,96.2,96.2,96.2,96.2
1977-06-08,96.6,96.6,96.6,96.6
1977-06-09,96.6,96.6,96.6,96.6
1977-06-10,97.1,97.1,97.1,97.1
1977-06-13,97.3,97.3,97.3,97.3
1977-06-14,97.7,97.7,97.7,97.7
1977-06-15,97.7,97.7,97.7,97.7
1977-06-16,98.2,98.2,98.2,98.2
1977-06-17,98.6,98.6,98.6,98.6
1977-06-20,98.7,98.7,98.7,98.7
1977-06-21,98.8,98.8,98.8,98.8
1977-06-22,98.8,98.8,98.8,98.8
1977-06-23,99.2,99.2,99.2,99.2
1977-06-24,99.7,99.7,99.7,99.7
1977-06-27,99.6,99.6,99.6,99.6
1977-06-28,99.3,99.3,99.3,99.3
1977-06-29,99.3,99.3,99.3,99.3
1977-06-30,99.7,99.7,99.7,99.7
1977-07-01,99.9,99.9,99.9,99.9
1977-07-05,100.1,100.1,100.1,100.1
1977-07-06,100,100,100,100
1977-07-07,100.3,100.3,100.3,100.3
1977-07-08,100.8,100.8,100.8,100.8
1977-07-11,100.8,100.8,100.8,100.8
1977-07-12,100.8,100.8,100.8,100.8
1977-07-13,100.9,100.9,100.9,100.9
1977-07-15,101.4,101.4,101.4,101.4
1977-07-18,102,102,102,102
1977-07-19,102.4,102.4,102.4,102.4
1977-07-20,102.4,102.4,102.4,102.4
1977-07-21,102.7,102.7,102.7,102.7
1977-07-22,103.1,103.1,103.1,103.1
1977-07-25,103,103,103,103
1977-07-26,102.4,102.4,102.4,102.4
1977-07-27,101.3,101.3,101.3,101.3
1977-07-28,100.7,100.7,100.7,100.7
1977-07-29,100.6,100.6,100.6,100.6
1977-08-01,100.8,100.8,100.8,100.8
1977-08-02,100.4,100.4,100.4,100.4
1977-08-03,100,100,100,100
1977-08-04,100.4,100.4,100.4,100.4
1977-08-05,100.9,100.9,100.9,100.9
1977-08-08,100.6,100.6,100.6,100.6
1977-08-09,100.5,100.5,100.5,100.5
1977-08-10,100.8,100.8,100.8,100.8
1977-08-11,100.9,100.9,100.9,100.9
1977-08-12,100.8,100.8,100.8,100.8
1977-08-15,100.9,100.9,100.9,100.9
1977-08-16,100.6,100.6,100.6,100.6
1977-08-17,100.7,100.7,100.7,100.7
1977-08-18,100.9,100.9,100.9,100.9
1977-08-19,100.8,100.8,100.8,100.8
1977-08-22,100.1,100.1,100.1,100.1
1977-08-23,100.9,100.9,100.9,100.9
1977-08-24,100.8,100.8,100.8,100.8
1977-08-25,100.1,100.1,100.1,100.1
1977-08-26,99.9,99.9,99.9,99.9
1977-08-29,100.4,100.4,100.4,100.4
1977-08-30,100.1,100.1,100.1,100.1
1977-08-31,100.1,100.1,100.1,100.1
1977-09-01,100.4,100.4,100.4,100.4
1977-09-02,100.8,100.8,100.8,100.8
1977-09-06,100.8,100.8,100.8,100.8
1977-09-07,101.2,101.2,101.2,101.2
1977-09-08,101.3,101.3,101.3,101.3
1977-09-09,100.9,100.9,100.9,100.9
1977-09-12,100.6,100.6,100.6,100.6
1977-09-13,100.5,100.5,100.5,100.5
1977-09-14,100.6,100.6,100.6,100.6
1977-09-15,101,101,101,101
1977-09-16,100.7,100.7,100.7,100.7
1977-09-19,100.3,100.3,100.3,100.3
1977-09-20,100.2,100.2,100.2,100.2
1977-09-21,99.8,99.8,99.8,99.8
1977-09-22,99.5,99.5,99.5,99.5
1977-09-23,99.6,99.6,99.6,99.6
1977-09-26,99.7,99.7,99.7,99.7
1977-09-27,99.7,99.7,99.7,99.7
1977-09-28,100,100,100,100
1977-09-29,100.3,100.3,100.3,100.3
1977-09-30,100.8,100.8,100.8,100.8
1977-10-03,101.2,101.2,101.2,101.2
1977-10-04,100.8,100.8,100.8,100.8
1977-10-05,100.8,100.8,100.8,100.8
1977-10-06,101.3,101.3,101.3,101.3
1977-10-07,101.6,101.6,101.6,101.6
1977-10-10,101.7,101.7,101.7,101.7
1977-10-11,101.2,101.2,101.2,101.2
1977-10-12,99.8,99.8,99.8,99.8
1977-10-13,99,99,99,99
1977-10-14,99.1,99.1,99.1,99.1
1977-10-17,99.1,99.1,99.1,99.1
1977-10-18,99.3,99.3,99.3,99.3
1977-10-19,98.4,98.4,98.4,98.4
1977-10-20,98.6,98.6,98.6,98.6
1977-10-21,98.5,98.5,98.5,98.5
1977-10-24,97.9,97.9,97.9,97.9
1977-10-25,96.8,96.8,96.8,96.8
1977-10-26,96.9,96.9,96.9,96.9
1977-10-27,97.1,97.1,97.1,97.1
1977-10-28,97.5,97.5,97.5,97.5
1977-10-31,97.5,97.5,97.5,97.5
1977-11-01,96.7,96.7,96.7,96.7
1977-11-02,96.5,96.5,96.5,96.5
1977-11-03,96.5,96.5,96.5,96.5
1977-11-04,97.2,97.2,97.2,97.2
1977-11-07,97.8,97.8,97.8,97.8
1977-11-08,98.2,98.2,98.2,98.2
1977-11-09,98.7,98.7,98.7,98.7
1977-11-10,100,100,100,100
1977-11-11,100.9,100.9,100.9,100.9
1977-11-14,101,101,101,101
1977-11-15,101.5,101.5,101.5,101.5
1977-11-16,101.6,101.6,101.6,101.6
1977-11-17,101.9,101.9,101.9,101.9
1977-11-18,102.2,102.2,102.2,102.2
1977-11-21,102.3,102.3,102.3,102.3
1977-11-22,102.9,102.9,102.9,102.9
1977-11-23,103.7,103.7,103.7,103.7
1977-11-25,104.3,104.3,104.3,104.3
1977-11-28,104.1,104.1,104.1,104.1
1977-11-29,103.2,103.2,103.2,103.2
1977-11-30,103.1,103.1,103.1,103.1
1977-12-01,103.7,103.7,103.7,103.7
1977-12-02,104.1,104.1,104.1,104.1
1977-12-05,104.1,104.1,104.1,104.1
1977-12-06,103,103,103,103
1977-12-07,102.8,102.8,102.8,102.8
1977-12-08,103.1,103.1,103.1,103.1
1977-12-09,103.6,103.6,103.6,103.6
1977-12-12,103.9,103.9,103.9,103.9
1977-12-13,104.8,104.8,104.8,104.8
1977-12-14,104,104,104,104
1977-12-15,103.9,103.9,103.9,103.9
1977-12-16,104.1,104.1,104.1,104.1
1977-12-19,103.3,103.3,103.3,103.3
1977-12-20,102.5,102.5,102.5,102.5
1977-12-21,103,103,103,103
1977-12-22,103.4,103.4,103.4,103.4
1977-12-23,103.9,103.9,103.9,103.9
1977-12-27,104,104,104,104
1977-12-28,104,104,104,104
1977-12-29,104.4,104.4,104.4,104.4
1977-12-30,105.1,105.1,105.1,105.1
1978-01-03,104,104,104,104
1978-01-04,103.7,103.7,103.7,103.7
1978-01-05,103.2,103.2,103.2,103.2
1978-01-06,101.7,101.7,101.7,101.7
1978-01-09,100.2,100.2,100.2,100.2
1978-01-10,99.6,99.6,99.6,99.6
1978-01-11,99.1,99.1,99.1,99.1
1978-01-12,99.5,99.5,99.5,99.5
1978-01-13,99.8,99.8,99.8,99.8
1978-01-16,99.4,99.4,99.4,99.4
1978-01-17,100,100,100,100
1978-01-18,100.4,100.4,100.4,100.4
1978-01-19,100.6,100.6,100.6,100.6
1978-01-20,100.6,100.6,100.6,100.6
1978-01-23,100.3,100.3,100.3,100.3
1978-01-24,100.5,100.5,100.5,100.5
1978-01-25,100.9,100.9,100.9,100.9
1978-01-26,100.5,100.5,100.5,100.5
1978-01-27,100.6,100.6,100.6,100.6
1978-01-30,101,101,101,101
1978-01-31,100.8,100.8,100.8,100.8
1978-02-01,101.5,101.5,101.5,101.5
1978-02-02,101.9,101.9,101.9,101.9
1978-02-03,102.2,102.2,102.2,102.2
1978-02-06,102.3,102.3,102.3,102.3
1978-02-07,102.8,102.8,102.8,102.8
1978-02-08,103.2,103.2,103.2,103.2
1978-02-09,103.2,103.2,103.2,103.2
1978-02-10,103.6,103.6,103.6,103.6
1978-02-13,103.3,103.3,103.3,103.3
1978-02-14,102.8,102.8,102.8,102.8
1978-02-15,102.6,102.6,102.6,102.6
1978-02-16,102.2,102.2,102.2,102.2
1978-02-17,102.3,102.3,102.3,102.3
1978-02-21,102,102,102,102
1978-02-22,102.1,102.1,102.1,102.1
1978-02-23,102.2,102.2,102.2,102.2
1978-02-24,102.7,102.7,102.7,102.7
1978-02-27,102.2,102.2,102.2,102.2
1978-02-28,101.5,101.5,101.5,101.5
1978-03-01,101.5,101.5,101.5,101.5
1978-03-02,101.7,101.7,101.7,101.7
1978-03-03,101.9,101.9,101.9,101.9
1978-03-06,101.7,101.7,101.7,101.7
1978-03-07,102,102,102,102
1978-03-08,102.4,102.4,102.4,102.4
1978-03-09,102.8,102.8,102.8,102.8
1978-03-10,103.4,103.4,103.4,103.4
1978-03-13,103.5,103.5,103.5,103.5
1978-03-14,103.7,103.7,103.7,103.7
1978-03-15,103.8,103.8,103.8,103.8
1978-03-16,104.4,104.4,104.4,104.4
1978-03-17,104.9,104.9,104.9,104.9
1978-03-20,105.4,105.4,105.4,105.4
1978-03-21,105.2,105.2,105.2,105.2
1978-03-22,105.2,105.2,105.2,105.2
1978-03-23,105.4,105.4,105.4,105.4
1978-03-27,105.3,105.3,105.3,105.3
1978-03-28,105.7,105.7,105.7,105.7
1978-03-29,106.1,106.1,106.1,106.1
1978-03-30,106.2,106.2,106.2,106.2
1978-03-31,106.2,106.2,106.2,106.2
1978-04-03,105.9,105.9,105.9,105.9
1978-04-04,106.2,106.2,106.2,106.2
1978-04-05,106.9,106.9,106.9,106.9
1978-04-06,107.5,107.5,107.5,107.5
1978-04-07,108.2,108.2,108.2,108.2
1978-04-10,108.5,108.5,108.5,108.5
1978-04-11,108.4,108.4,108.4,108.4
1978-04-12,108.9,108.9,108.9,108.9
1978-04-13,110,110,110,110
1978-04-14,111.3,111.3,111.3,111.3
1978-04-17,111.9,111.9,111.9,111.9
1978-04-18,111.4,111.4,111.4,111.4
1978-04-19,111.6,111.6,111.6,111.6
1978-04-20,112.9,112.9,112.9,112.9
1978-04-21,113.3,113.3,113.3,113.3
1978-04-24,113.6,113.6,113.6,113.6
1978-04-25,114.3,114.3,114.3,114.3
1978-04-26,114.7,114.7,114.7,114.7
1978-04-27,114.6,114.6,114.6,114.6
1978-04-28,115.2,115.2,115.2,115.2
1978-05-01,116,116,116,116
1978-05-02,116.1,116.1,116.1,116.1
1978-05-03,116.2,116.2,116.2,116.2
1978-05-04,116.5,116.5,116.5,116.5
1978-05-05,117.3,117.3,117.3,117.3
1978-05-08,117.1,117.1,117.1,117.1
1978-05-09,117.1,117.1,117.1,117.1
1978-05-10,117.6,117.6,117.6,117.6
1978-05-11,118.3,118.3,118.3,118.3
1978-05-12,119.4,119.4,119.4,119.4
1978-05-15,119.8,119.8,119.8,119.8
1978-05-16,120.8,120.8,120.8,120.8
1978-05-17,121.8,121.8,121.8,121.8
1978-05-18,121.7,121.7,121.7,121.7
1978-05-19,121.6,121.6,121.6,121.6
1978-05-22,121.9,121.9,121.9,121.9
1978-05-23,121,121,121,121
1978-05-24,119.8,119.8,119.8,119.8
1978-05-25,119.8,119.8,119.8,119.8
1978-05-26,119.9,119.9,119.9,119.9
1978-05-30,120,120,120,120
1978-05-31,120.2,120.2,120.2,120.2
1978-06-01,120.3,120.3,120.3,120.3
1978-06-02,121,121,121,121
1978-06-05,122.1,122.1,122.1,122.1
1978-06-06,122.8,122.8,122.8,122.8
1978-06-07,123.1,123.1,123.1,123.1
1978-06-08,124,124,124,124
1978-06-09,124.4,124.4,124.4,124.4
1978-06-12,124.3,124.3,124.3,124.3
1978-06-13,124.2,124.2,124.2,124.2
1978-06-14,124.5,124.5,124.5,124.5
1978-06-15,124.2,124.2,124.2,124.2
1978-06-16,123.7,123.7,123.7,123.7
1978-06-19,122.9,122.9,122.9,122.9
1978-06-20,122,122,122,122
1978-06-21,120.6,120.6,120.6,120.6
1978-06-22,120.7,120.7,120.7,120.7
1978-06-23,120.7,120.7,120.7,120.7
1978-06-26,119.5,119.5,119.5,119.5
1978-06-27,119.2,119.2,119.2,119.2
1978-06-28,119.5,119.5,119.5,119.5
1978-06-29,120,120,120,120
1978-06-30,120.3,120.3,120.3,120.3
1978-07-03,120.1,120.1,120.1,120.1
1978-07-05,119.2,119.2,119.2,119.2
1978-07-06,118.8,118.8,118.8,118.8
1978-07-07,119.2,119.2,119.2,119.2
1978-07-10,119.4,119.4,119.4,119.4
1978-07-11,119.8,119.8,119.8,119.8
1978-07-12,120.3,120.3,120.3,120.3
1978-07-13,120.4,120.4,120.4,120.4
1978-07-14,121.6,121.6,121.6,121.6
1978-07-17,122.4,122.4,122.4,122.4
1978-07-18,122.1,122.1,122.1,122.1
1978-07-19,122.8,122.8,122.8,122.8
1978-07-20,123.8,123.8,123.8,123.8
1978-07-21,123.6,123.6,123.6,123.6
1978-07-24,123.6,123.6,123.6,123.6
1978-07-25,123.8,123.8,123.8,123.8
1978-07-26,124.5,124.5,124.5,124.5
1978-07-27,125.1,125.1,125.1,125.1
1978-07-28,125.6,125.6,125.6,125.6
1978-07-31,126.3,126.3,126.3,126.3
1978-08-01,126.8,126.8,126.8,126.8
1978-08-02,128.2,128.2,128.2,128.2
1978-08-03,129,129,129,129
1978-08-04,129.7,129.7,129.7,129.7
1978-08-07,130.2,130.2,130.2,130.2
1978-08-08,130.5,130.5,130.5,130.5
1978-08-09,131.6,131.6,131.6,131.6
1978-08-10,131.6,131.6,131.6,131.6
1978-08-11,132,132,132,132
1978-08-14,132.1,132.1,132.1,132.1
1978-08-15,131.9,131.9,131.9,131.9
1978-08-16,132.8,132.8,132.8,132.8
1978-08-17,134.1,134.1,134.1,134.1
1978-08-18,134.7,134.7,134.7,134.7
1978-08-21,133.8,133.8,133.8,133.8
1978-08-22,133.9,133.9,133.9,133.9
1978-08-23,134.7,134.7,134.7,134.7
1978-08-24,135.3,135.3,135.3,135.3
1978-08-25,135.8,135.8,135.8,135.8
1978-08-28,135.2,135.2,135.2,135.2
1978-08-29,134.6,134.6,134.6,134.6
1978-08-30,134.8,134.8,134.8,134.8
1978-08-31,135,135,135,135
1978-09-01,135.4,135.4,135.4,135.4
1978-09-05,135.5,135.5,135.5,135.5
1978-09-06,136.5,136.5,136.5,136.5
1978-09-07,137.1,137.1,137.1,137.1
1978-09-08,138.4,138.4,138.4,138.4
1978-09-11,138.9,138.9,138.9,138.9
1978-09-12,139.2,139.2,139.2,139.2
1978-09-13,139.3,139.3,139.3,139.3
1978-09-14,138.3,138.3,138.3,138.3
1978-09-15,137.4,137.4,137.4,137.4
1978-09-18,135.6,135.6,135.6,135.6
1978-09-19,134.1,134.1,134.1,134.1
1978-09-20,132.7,132.7,132.7,132.7
1978-09-21,132.1,132.1,132.1,132.1
1978-09-22,132.3,132.3,132.3,132.3
1978-09-25,132.1,132.1,132.1,132.1
1978-09-26,132.9,132.9,132.9,132.9
1978-09-27,132,132,132,132
1978-09-28,132.1,132.1,132.1,132.1
1978-09-29,132.9,132.9,132.9,132.9
1978-10-02,133.3,133.3,133.3,133.3
1978-10-03,133.1,133.1,133.1,133.1
1978-10-04,133.1,133.1,133.1,133.1
1978-10-05,133.5,133.5,133.5,133.5
1978-10-06,134,134,134,134
1978-10-09,134.6,134.6,134.6,134.6
1978-10-10,134.9,134.9,134.9,134.9
1978-10-11,135.3,135.3,135.3,135.3
1978-10-12,135.6,135.6,135.6,135.6
1978-10-13,135.6,135.6,135.6,135.6
1978-10-16,133.9,133.9,133.9,133.9
1978-10-17,131,131,131,131
1978-10-18,128.9,128.9,128.9,128.9
1978-10-19,127.2,127.2,127.2,127.2
1978-10-20,123.8,123.8,123.8,123.8
1978-10-23,121.9,121.9,121.9,121.9
1978-10-24,121.1,121.1,121.1,121.1
1978-10-25,121.2,121.2,121.2,121.2
1978-10-26,118,118,118,118
1978-10-27,115.3,115.3,115.3,115.3
1978-10-30,112.4,112.4,112.4,112.4
1978-10-31,111.1,111.1,111.1,111.1
1978-11-01,114.6,114.6,114.6,114.6
1978-11-02,114.6,114.6,114.6,114.6
1978-11-03,115.5,115.5,115.5,115.5
1978-11-06,115.1,115.1,115.1,115.1
1978-11-07,112.8,112.8,112.8,112.8
1978-11-08,113,113,113,113
1978-11-09,113.9,113.9,113.9,113.9
1978-11-10,114.8,114.8,114.8,114.8
1978-11-13,113,113,113,113
1978-11-14,110.9,110.9,110.9,110.9
1978-11-15,111.4,111.4,111.4,111.4
1978-11-16,112.2,112.2,112.2,112.2
1978-11-17,113.7,113.7,113.7,113.7
1978-11-20,114.5,114.5,114.5,114.5
1978-11-21,114.6,114.6,114.6,114.6
1978-11-22,115.4,115.4,115.4,115.4
1978-11-24,116.2,116.2,116.2,116.2
1978-11-27,116,116,116,116
1978-11-28,115.6,115.6,115.6,115.6
1978-11-29,114.1,114.1,114.1,114.1
1978-11-30,114.7,114.7,114.7,114.7
1978-12-01,116.2,116.2,116.2,116.2
1978-12-04,116.6,116.6,116.6,116.6
1978-12-05,117.7,117.7,117.7,117.7
1978-12-06,118.4,118.4,118.4,118.4
1978-12-07,118.6,118.6,118.6,118.6
1978-12-08,118.8,118.8,118.8,118.8
1978-12-11,119.1,119.1,119.1,119.1
1978-12-12,118.5,118.5,118.5,118.5
1978-12-13,118.1,118.1,118.1,118.1
1978-12-14,118.1,118.1,118.1,118.1
1978-12-15,117.4,117.4,117.4,117.4
1978-12-18,114.3,114.3,114.3,114.3
1978-12-19,114.7,114.7,114.7,114.7
1978-12-20,115.3,115.3,115.3,115.3
1978-12-21,115.8,115.8,115.8,115.8
1978-12-22,116.9,116.9,116.9,116.9
1978-12-26,117.7,117.7,117.7,117.7
1978-12-27,117.3,117.3,117.3,117.3
1978-12-28,117.3,117.3,117.3,117.3
1978-12-29,118,118,118,118
1979-01-02,117.8,117.8,117.8,117.8
1979-01-03,119.1,119.1,119.1,119.1
1979-01-04,120.7,120.7,120.7,120.7
1979-01-05,122.1,122.1,122.1,122.1
1979-01-08,121.9,121.9,121.9,121.9
1979-01-09,122.7,122.7,122.7,122.7
1979-01-10,122.3,122.3,122.3,122.3
1979-01-11,122.8,122.8,122.8,122.8
1979-01-12,123.7,123.7,123.7,123.7
1979-01-15,124.5,124.5,124.5,124.5
1979-01-16,123.7,123.7,123.7,123.7
1979-01-17,123.6,123.6,123.6,123.6
1979-01-18,124.3,124.3,124.3,124.3
1979-01-19,124.6,124.6,124.6,124.6
1979-01-22,124.7,124.7,124.7,124.7
1979-01-23,125.5,125.5,125.5,125.5
1979-01-24,125.3,125.3,125.3,125.3
1979-01-25,126.4,126.4,126.4,126.4
1979-01-26,127,127,127,127
1979-01-29,126.8,126.8,126.8,126.8
1979-01-30,126.5,126.5,126.5,126.5
1979-01-31,125.8,125.8,125.8,125.8
1979-02-01,125.8,125.8,125.8,125.8
1979-02-02,125.8,125.8,125.8,125.8
1979-02-05,124.3,124.3,124.3,124.3
1979-02-06,124.3,124.3,124.3,124.3
1979-02-07,122.8,122.8,122.8,122.8
1979-02-08,123.4,123.4,123.4,123.4
1979-02-09,123.8,123.8,123.8,123.8
1979-02-12,124.1,124.1,124.1,124.1
1979-02-13,124.9,124.9,124.9,124.9
1979-02-14,124.6,124.6,124.6,124.6
1979-02-15,124.9,124.9,124.9,124.9
1979-02-16,125.6,125.6,125.6,125.6
1979-02-20,125.8,125.8,125.8,125.8
1979-02-21,125.8,125.8,125.8,125.8
1979-02-22,125.4,125.4,125.4,125.4
1979-02-23,125,125,125,125
1979-02-26,124.9,124.9,124.9,124.9
1979-02-27,122.6,122.6,122.6,122.6
1979-02-28,122.6,122.6,122.6,122.6
1979-03-01,123.3,123.3,123.3,123.3
1979-03-02,123.7,123.7,123.7,123.7
1979-03-05,124.7,124.7,124.7,124.7
1979-03-06,124.4,124.4,124.4,124.4
1979-03-07,125.6,125.6,125.6,125.6
1979-03-08,127.1,127.1,127.1,127.1
1979-03-09,127.3,127.3,127.3,127.3
1979-03-12,127.2,127.2,127.2,127.2
1979-03-13,127.7,127.7,127.7,127.7
1979-03-14,127.6,127.6,127.6,127.6
1979-03-15,127.8,127.8,127.8,127.8
1979-03-16,128.6,128.6,128.6,128.6
1979-03-19,129.1,129.1,129.1,129.1
1979-03-20,128.8,128.8,128.8,128.8
1979-03-21,129.4,129.4,129.4,129.4
1979-03-22,130.1,130.1,130.1,130.1
1979-03-23,130.6,130.6,130.6,130.6
1979-03-26,130.1,130.1,130.1,130.1
1979-03-27,130.8,130.8,130.8,130.8
1979-03-28,130.9,130.9,130.9,130.9
1979-03-29,131.3,131.3,131.3,131.3
1979-03-30,131.8,131.8,131.8,131.8
1979-04-02,131.4,131.4,131.4,131.4
1979-04-03,132.3,132.3,132.3,132.3
1979-04-04,132.8,132.8,132.8,132.8
1979-04-05,133.4,133.4,133.4,133.4
1979-04-06,133.8,133.8,133.8,133.8
1979-04-09,133.7,133.7,133.7,133.7
1979-04-10,134.2,134.2,134.2,134.2
1979-04-11,133.6,133.6,133.6,133.6
1979-04-12,133.5,133.5,133.5,133.5
1979-04-16,132.5,132.5,132.5,132.5
1979-04-17,132.3,132.3,132.3,132.3
1979-04-18,132.9,132.9,132.9,132.9
1979-04-19,133.2,133.2,133.2,133.2
1979-04-20,133.7,133.7,133.7,133.7
1979-04-23,133.9,133.9,133.9,133.9
1979-04-24,134.3,134.3,134.3,134.3
1979-04-25,134.8,134.8,134.8,134.8
1979-04-26,134.6,134.6,134.6,134.6
1979-04-27,134.4,134.4,134.4,134.4
1979-04-30,133.8,133.8,133.8,133.8
1979-05-01,133.8,133.8,133.8,133.8
1979-05-02,134,134,134,134
1979-05-03,134.2,134.2,134.2,134.2
1979-05-04,133.8,133.8,133.8,133.8
1979-05-07,130.6,130.6,130.6,130.6
1979-05-08,129.6,129.6,129.6,129.6
1979-05-09,130.3,130.3,130.3,130.3
1979-05-10,129.7,129.7,129.7,129.7
1979-05-11,129.7,129.7,129.7,129.7
1979-05-14,129,129,129,129
1979-05-15,129,129,129,129
1979-05-16,129.4,129.4,129.4,129.4
1979-05-17,130.4,130.4,130.4,130.4
1979-05-18,131,131,131,131
1979-05-21,131.2,131.2,131.2,131.2
1979-05-22,131.9,131.9,131.9,131.9
1979-05-23,132.1,132.1,132.1,132.1
1979-05-24,132.1,132.1,132.1,132.1
1979-05-25,132.7,132.7,132.7,132.7
1979-05-29,132.5,132.5,132.5,132.5
1979-05-30,131.4,131.4,131.4,131.4
1979-05-31,131.4,131.4,131.4,131.4
1979-06-01,131.8,131.8,131.8,131.8
1979-06-04,131.9,131.9,131.9,131.9
1979-06-05,133,133,133,133
1979-06-06,133.6,133.6,133.6,133.6
1979-06-07,134.6,134.6,134.6,134.6
1979-06-08,135,135,135,135
1979-06-11,135,135,135,135
1979-06-12,135.9,135.9,135.9,135.9
1979-06-13,136,136,136,136
1979-06-14,136,136,136,136
1979-06-15,136.3,136.3,136.3,136.3
1979-06-18,135.9,135.9,135.9,135.9
1979-06-19,136.1,136.1,136.1,136.1
1979-06-20,136.4,136.4,136.4,136.4
1979-06-21,136.7,136.7,136.7,136.7
1979-06-22,137.2,137.2,137.2,137.2
1979-06-25,136.9,136.9,136.9,136.9
1979-06-26,136.5,136.5,136.5,136.5
1979-06-27,137.4,137.4,137.4,137.4
1979-06-28,138.1,138.1,138.1,138.1
1979-06-29,138.1,138.1,138.1,138.1
1979-07-02,137,137,137,137
1979-07-03,137,137,137,137
1979-07-05,137.8,137.8,137.8,137.8
1979-07-06,138.6,138.6,138.6,138.6
1979-07-09,139.1,139.1,139.1,139.1
1979-07-10,139,139,139,139
1979-07-11,138.9,138.9,138.9,138.9
1979-07-12,138.7,138.7,138.7,138.7
1979-07-13,138.5,138.5,138.5,138.5
1979-07-16,138.9,138.9,138.9,138.9
1979-07-17,137.9,137.9,137.9,137.9
1979-07-18,137.3,137.3,137.3,137.3
1979-07-19,137.6,137.6,137.6,137.6
1979-07-20,138,138,138,138
1979-07-23,137.6,137.6,137.6,137.6
1979-07-24,138,138,138,138
1979-07-25,139,139,139,139
1979-07-26,139.5,139.5,139.5,139.5
1979-07-27,140,140,140,140
1979-07-30,140.5,140.5,140.5,140.5
1979-07-31,141.3,141.3,141.3,141.3
1979-08-01,141.9,141.9,141.9,141.9
1979-08-02,142.5,142.5,142.5,142.5
1979-08-03,142.6,142.6,142.6,142.6
1979-08-06,142.4,142.4,142.4,142.4
1979-08-07,143.3,143.3,143.3,143.3
1979-08-08,144.1,144.1,144.1,144.1
1979-08-09,144.3,144.3,144.3,144.3
1979-08-10,145.1,145.1,145.1,145.1
1979-08-13,146.1,146.1,146.1,146.1
1979-08-14,146.3,146.3,146.3,146.3
1979-08-15,147.1,147.1,147.1,147.1
1979-08-16,147.4,147.4,147.4,147.4
1979-08-17,147.8,147.8,147.8,147.8
1979-08-20,147.9,147.9,147.9,147.9
1979-08-21,148,148,148,148
1979-08-22,148.8,148.8,148.8,148.8
1979-08-23,149.1,149.1,149.1,149.1
1979-08-24,149.4,149.4,149.4,149.4
1979-08-27,149.5,149.5,149.5,149.5
1979-08-28,149.5,149.5,149.5,149.5
1979-08-29,150,150,150,150
1979-08-30,150.1,150.1,150.1,150.1
1979-08-31,150.4,150.4,150.4,150.4
1979-09-04,148.5,148.5,148.5,148.5
1979-09-05,146,146,146,146
1979-09-06,146.9,146.9,146.9,146.9
1979-09-07,148.1,148.1,148.1,148.1
1979-09-10,148.9,148.9,148.9,148.9
1979-09-11,148.4,148.4,148.4,148.4
1979-09-12,148.7,148.7,148.7,148.7
1979-09-13,149.3,149.3,149.3,149.3
1979-09-14,150.6,150.6,150.6,150.6
1979-09-17,150.5,150.5,150.5,150.5
1979-09-18,149.2,149.2,149.2,149.2
1979-09-19,149.4,149.4,149.4,149.4
1979-09-20,150.2,150.2,150.2,150.2
1979-09-21,150.6,150.6,150.6,150.6
1979-09-24,150.1,150.1,150.1,150.1
1979-09-25,149.3,149.3,149.3,149.3
1979-09-26,149.9,149.9,149.9,149.9
1979-09-27,150.4,150.4,150.4,150.4
1979-09-28,150,150,150,150
1979-10-01,149.6,149.6,149.6,149.6
1979-10-02,150,150,150,150
1979-10-03,150.5,150.5,150.5,150.5
1979-10-04,151.4,151.4,151.4,151.4
1979-10-05,152.3,152.3,152.3,152.3
1979-10-08,151,151,151,151
1979-10-09,145.2,145.2,145.2,145.2
1979-10-10,139.3,139.3,139.3,139.3
1979-10-11,140.1,140.1,140.1,140.1
1979-10-12,140.7,140.7,140.7,140.7
1979-10-15,138.4,138.4,138.4,138.4
1979-10-16,138.3,138.3,138.3,138.3
1979-10-17,139,139,139,139
1979-10-18,139.5,139.5,139.5,139.5
1979-10-19,136.6,136.6,136.6,136.6
1979-10-22,133.2,133.2,133.2,133.2
1979-10-23,132.6,132.6,132.6,132.6
1979-10-24,133,133,133,133
1979-10-25,132.7,132.7,132.7,132.7
1979-10-26,133.8,133.8,133.8,133.8
1979-10-29,133.9,133.9,133.9,133.9
1979-10-30,135.5,135.5,135.5,135.5
1979-10-31,135.5,135.5,135.5,135.5
1979-11-01,136.4,136.4,136.4,136.4
1979-11-02,136.9,136.9,136.9,136.9
1979-11-05,136.1,136.1,136.1,136.1
1979-11-06,135.7,135.7,135.7,135.7
1979-11-07,134.1,134.1,134.1,134.1
1979-11-08,134.8,134.8,134.8,134.8
1979-11-09,135.9,135.9,135.9,135.9
1979-11-12,137.1,137.1,137.1,137.1
1979-11-13,137.1,137.1,137.1,137.1
1979-11-14,137.8,137.8,137.8,137.8
1979-11-15,138.9,138.9,138.9,138.9
1979-11-16,139.1,139.1,139.1,139.1
1979-11-19,140,140,140,140
1979-11-20,139.5,139.5,139.5,139.5
1979-11-21,138.9,138.9,138.9,138.9
1979-11-23,139.9,139.9,139.9,139.9
1979-11-26,141.9,141.9,141.9,141.9
1979-11-27,142.6,142.6,142.6,142.6
1979-11-28,143.5,143.5,143.5,143.5
1979-11-29,144.2,144.2,144.2,144.2
1979-11-30,144.3,144.3,144.3,144.3
1979-12-03,143.9,143.9,143.9,143.9
1979-12-04,144.8,144.8,144.8,144.8
1979-12-05,145.9,145.9,145.9,145.9
1979-12-06,147,147,147,147
1979-12-07,147.5,147.5,147.5,147.5
1979-12-10,148,148,148,148
1979-12-11,147.8,147.8,147.8,147.8
1979-12-12,148.5,148.5,148.5,148.5
1979-12-13,149,149,149,149
1979-12-14,150,150,150,150
1979-12-17,150.6,150.6,150.6,150.6
1979-12-18,149.7,149.7,149.7,149.7
1979-12-19,149.6,149.6,149.6,149.6
1979-12-20,150.3,150.3,150.3,150.3
1979-12-21,150.2,150.2,150.2,150.2
1979-12-24,150,150,150,150
1979-12-26,150,150,150,150
1979-12-27,150.2,150.2,150.2,150.2
1979-12-28,150.8,150.8,150.8,150.8
1979-12-31,151.1,151.1,151.1,151.1
1980-01-02,148.2,148.2,148.2,148.2
1980-01-03,146,146,146,146
1980-01-04,148,148,148,148
1980-01-07,148.6,148.6,148.6,148.6
1980-01-08,150.7,150.7,150.7,150.7
1980-01-09,151.6,151.6,151.6,151.6
1980-01-10,153.1,153.1,153.1,153.1
1980-01-11,153.9,153.9,153.9,153.9
1980-01-14,154.4,154.4,154.4,154.4
1980-01-15,155,155,155,155
1980-01-16,156,156,156,156
1980-01-17,155.8,155.8,155.8,155.8
1980-01-18,156.1,156.1,156.1,156.1
1980-01-21,157.4,157.4,157.4,157.4
1980-01-22,156.9,156.9,156.9,156.9
1980-01-23,158.5,158.5,158.5,158.5
1980-01-24,159.2,159.2,159.2,159.2
1980-01-25,159.7,159.7,159.7,159.7
1980-01-28,160.7,160.7,160.7,160.7
1980-01-29,160.3,160.3,160.3,160.3
1980-01-30,161.3,161.3,161.3,161.3
1980-01-31,161.8,161.8,161.8,161.8
1980-02-01,162.3,162.3,162.3,162.3
1980-02-04,162,162,162,162
1980-02-05,162.2,162.2,162.2,162.2
1980-02-06,163,163,163,163
1980-02-07,163.8,163.8,163.8,163.8
1980-02-08,165.3,165.3,165.3,165.3
1980-02-11,164.5,164.5,164.5,164.5
1980-02-12,164.6,164.6,164.6,164.6
1980-02-13,165,165,165,165
1980-02-14,163.5,163.5,163.5,163.5
1980-02-15,162.6,162.6,162.6,162.6
1980-02-19,161.1,161.1,161.1,161.1
1980-02-20,162.1,162.1,162.1,162.1
1980-02-21,161.3,161.3,161.3,161.3
1980-02-22,160.1,160.1,160.1,160.1
1980-02-25,158,158,158,158
1980-02-26,158.5,158.5,158.5,158.5
1980-02-27,157.7,157.7,157.7,157.7
1980-02-28,157.5,157.5,157.5,157.5
1980-02-29,158,158,158,158
1980-03-03,156.9,156.9,156.9,156.9
1980-03-04,155.4,155.4,155.4,155.4
1980-03-05,152.9,152.9,152.9,152.9
1980-03-06,148.6,148.6,148.6,148.6
1980-03-07,146.2,146.2,146.2,146.2
1980-03-10,143.8,143.8,143.8,143.8
1980-03-11,144.6,144.6,144.6,144.6
1980-03-12,144.6,144.6,144.6,144.6
1980-03-13,145,145,145,145
1980-03-14,144.4,144.4,144.4,144.4
1980-03-17,139.7,139.7,139.7,139.7
1980-03-18,138.9,138.9,138.9,138.9
1980-03-19,140,140,140,140
1980-03-20,139.6,139.6,139.6,139.6
1980-03-21,138.8,138.8,138.8,138.8
1980-03-24,134.6,134.6,134.6,134.6
1980-03-25,132.5,132.5,132.5,132.5
1980-03-26,132.2,132.2,132.2,132.2
1980-03-27,124.1,124.1,124.1,124.1
1980-03-28,129.3,129.3,129.3,129.3
1980-03-31,131,131,131,131
1980-04-01,133.1,133.1,133.1,133.1
1980-04-02,135.8,135.8,135.8,135.8
1980-04-03,136,136,136,136
1980-04-07,133.4,133.4,133.4,133.4
1980-04-08,133.5,133.5,133.5,133.5
1980-04-09,136,136,136,136
1980-04-10,137.3,137.3,137.3,137.3
1980-04-11,137.8,137.8,137.8,137.8
1980-04-14,136.7,136.7,136.7,136.7
1980-04-15,136.4,136.4,136.4,136.4
1980-04-16,135.8,135.8,135.8,135.8
1980-04-17,134.6,134.6,134.6,134.6
1980-04-18,134.7,134.7,134.7,134.7
1980-04-21,133.1,133.1,133.1,133.1
1980-04-22,135.7,135.7,135.7,135.7
1980-04-23,136.9,136.9,136.9,136.9
1980-04-24,138.7,138.7,138.7,138.7
1980-04-25,137.9,137.9,137.9,137.9
1980-04-28,138.5,138.5,138.5,138.5
1980-04-29,139.4,139.4,139.4,139.4
1980-04-30,140,140,140,140
1980-05-01,139.7,139.7,139.7,139.7
1980-05-02,140.3,140.3,140.3,140.3
1980-05-05,141,141,141,141
1980-05-06,142.2,142.2,142.2,142.2
1980-05-07,143.6,143.6,143.6,143.6
1980-05-08,143.3,143.3,143.3,143.3
1980-05-09,143.1,143.1,143.1,143.1
1980-05-12,143,143,143,143
1980-05-13,144.1,144.1,144.1,144.1
1980-05-14,145.7,145.7,145.7,145.7
1980-05-15,146.6,146.6,146.6,146.6
1980-05-16,147.2,147.2,147.2,147.2
1980-05-19,147.2,147.2,147.2,147.2
1980-05-20,146.9,146.9,146.9,146.9
1980-05-21,146.8,146.8,146.8,146.8
1980-05-22,148,148,148,148
1980-05-23,149.5,149.5,149.5,149.5
1980-05-27,150.1,150.1,150.1,150.1
1980-05-28,150.7,150.7,150.7,150.7
1980-05-29,150.1,150.1,150.1,150.1
1980-05-30,150.4,150.4,150.4,150.4
1980-06-02,150.2,150.2,150.2,150.2
1980-06-03,149.9,149.9,149.9,149.9
1980-06-04,151.2,151.2,151.2,151.2
1980-06-05,152.2,152.2,152.2,152.2
1980-06-06,152.7,152.7,152.7,152.7
1980-06-09,153,153,153,153
1980-06-10,154.1,154.1,154.1,154.1
1980-06-11,155.2,155.2,155.2,155.2
1980-06-12,155.3,155.3,155.3,155.3
1980-06-13,156.6,156.6,156.6,156.6
1980-06-16,156.8,156.8,156.8,156.8
1980-06-17,157,157,157,157
1980-06-18,157.2,157.2,157.2,157.2
1980-06-19,156.7,156.7,156.7,156.7
1980-06-20,156.5,156.5,156.5,156.5
1980-06-23,157,157,157,157
1980-06-24,157.7,157.7,157.7,157.7
1980-06-25,158.7,158.7,158.7,158.7
1980-06-26,159,159,159,159
1980-06-27,159.2,159.2,159.2,159.2
1980-06-30,157.8,157.8,157.8,157.8
1980-07-01,158.2,158.2,158.2,158.2
1980-07-02,159.2,159.2,159.2,159.2
1980-07-03,160.9,160.9,160.9,160.9
1980-07-07,163.6,163.6,163.6,163.6
1980-07-08,163.6,163.6,163.6,163.6
1980-07-09,164.1,164.1,164.1,164.1
1980-07-10,163.8,163.8,163.8,163.8
1980-07-11,164.8,164.8,164.8,164.8
1980-07-14,166.5,166.5,166.5,166.5
1980-07-15,167.1,167.1,167.1,167.1
1980-07-16,167.1,167.1,167.1,167.1
1980-07-17,168.7,168.7,168.7,168.7
1980-07-18,170,170,170,170
1980-07-21,170.5,170.5,170.5,170.5
1980-07-22,169.8,169.8,169.8,169.8
1980-07-23,169.8,169.8,169.8,169.8
1980-07-24,169.9,169.9,169.9,169.9
1980-07-25,169.6,169.6,169.6,169.6
1980-07-28,170,170,170,170
1980-07-29,171.1,171.1,171.1,171.1
1980-07-30,172.3,172.3,172.3,172.3
1980-07-31,171.8,171.8,171.8,171.8
1980-08-01,172.5,172.5,172.5,172.5
1980-08-04,171.9,171.9,171.9,171.9
1980-08-05,172.5,172.5,172.5,172.5
1980-08-06,173.4,173.4,173.4,173.4
1980-08-07,175.2,175.2,175.2,175.2
1980-08-08,175.9,175.9,175.9,175.9
1980-08-11,177.1,177.1,177.1,177.1
1980-08-12,176.6,176.6,176.6,176.6
1980-08-13,177,177,177,177
1980-08-14,178.8,178.8,178.8,178.8
1980-08-15,179.9,179.9,179.9,179.9
1980-08-18,177.2,177.2,177.2,177.2
1980-08-19,176.3,176.3,176.3,176.3
1980-08-20,177.7,177.7,177.7,177.7
1980-08-21,179.9,179.9,179.9,179.9
1980-08-22,181.7,181.7,181.7,181.7
1980-08-25,181.6,181.6,181.6,181.6
1980-08-26,182.4,182.4,182.4,182.4
1980-08-27,182.1,182.1,182.1,182.1
1980-08-28,181,181,181,181
1980-08-29,181.5,181.5,181.5,181.5
1980-09-02,182.3,182.3,182.3,182.3
1980-09-03,184.5,184.5,184.5,184.5
1980-09-04,185.1,185.1,185.1,185.1
1980-09-05,185.6,185.6,185.6,185.6
1980-09-08,184.4,184.4,184.4,184.4
1980-09-09,184.8,184.8,184.8,184.8
1980-09-10,186.3,186.3,186.3,186.3
1980-09-11,188.2,188.2,188.2,188.2
1980-09-12,189.6,189.6,189.6,189.6
1980-09-15,189.6,189.6,189.6,189.6
1980-09-16,191.3,191.3,191.3,191.3
1980-09-17,193.9,193.9,193.9,193.9
1980-09-18,193.6,193.6,193.6,193.6
1980-09-19,195.3,195.3,195.3,195.3
1980-09-22,195.9,195.9,195.9,195.9
1980-09-23,195.1,195.1,195.1,195.1
1980-09-24,195.2,195.2,195.2,195.2
1980-09-25,194.1,194.1,194.1,194.1
1980-09-26,190.8,190.8,190.8,190.8
1980-09-29,185.8,185.8,185.8,185.8
1980-09-30,187.8,187.8,187.8,187.8
1980-10-01,189.6,189.6,189.6,189.6
1980-10-02,190.8,190.8,190.8,190.8
1980-10-03,193.4,193.4,193.4,193.4
1980-10-06,196,196,196,196
1980-10-07,196.2,196.2,196.2,196.2
1980-10-08,197.2,197.2,197.2,197.2
1980-10-09,197.5,197.5,197.5,197.5
1980-10-10,197.8,197.8,197.8,197.8
1980-10-13,198.9,198.9,198.9,198.9
1980-10-14,199,199,199,199
1980-10-15,199.4,199.4,199.4,199.4
1980-10-16,197.9,197.9,197.9,197.9
1980-10-17,197.2,197.2,197.2,197.2
1980-10-20,197.1,197.1,197.1,197.1
1980-10-21,196.5,196.5,196.5,196.5
1980-10-22,197.9,197.9,197.9,197.9
1980-10-23,195.8,195.8,195.8,195.8
1980-10-24,196.2,196.2,196.2,196.2
1980-10-27,194.4,194.4,194.4,194.4
1980-10-28,193.8,193.8,193.8,193.8
1980-10-29,194.5,194.5,194.5,194.5
1980-10-30,192.5,192.5,192.5,192.5
1980-10-31,192.8,192.8,192.8,192.8
1980-11-03,193.1,193.1,193.1,193.1
1980-11-05,196,196,196,196
1980-11-06,194,194,194,194
1980-11-07,193.5,193.5,193.5,193.5
1980-11-10,193.1,193.1,193.1,193.1
1980-11-11,195,195,195,195
1980-11-12,197.8,197.8,197.8,197.8
1980-11-13,200.3,200.3,200.3,200.3
1980-11-14,201.8,201.8,201.8,201.8
1980-11-17,201.6,201.6,201.6,201.6
1980-11-18,203.8,203.8,203.8,203.8
1980-11-19,205,205,205,205
1980-11-20,206.5,206.5,206.5,206.5
1980-11-21,206.1,206.1,206.1,206.1
1980-11-24,204.2,204.2,204.2,204.2
1980-11-25,205.4,205.4,205.4,205.4
1980-11-26,207.1,207.1,207.1,207.1
1980-11-28,208.1,208.1,208.1,208.1
1980-12-01,204.9,204.9,204.9,204.9
1980-12-02,203.7,203.7,203.7,203.7
1980-12-03,204.9,204.9,204.9,204.9
1980-12-04,206.2,206.2,206.2,206.2
1980-12-05,203,203,203,203
1980-12-08,195.9,195.9,195.9,195.9
1980-12-09,195.1,195.1,195.1,195.1
1980-12-10,193.6,193.6,193.6,193.6
1980-12-11,188.8,188.8,188.8,188.8
1980-12-12,191.2,191.2,191.2,191.2
1980-12-15,191.8,191.8,191.8,191.8
1980-12-16,191.9,191.9,191.9,191.9
1980-12-17,194,194,194,194
1980-12-18,196,196,196,196
1980-12-19,197.9,197.9,197.9,197.9
1980-12-22,199.8,199.8,199.8,199.8
1980-12-23,199.9,199.9,199.9,199.9
1980-12-24,200.1,200.1,200.1,200.1
1980-12-26,201.3,201.3,201.3,201.3
1980-12-29,199.8,199.8,199.8,199.8
1980-12-30,200.5,200.5,200.5,200.5
1980-12-31,202.3,202.3,202.3,202.3
1981-01-02,203.6,203.6,203.6,203.6
1981-01-05,204.2,204.2,204.2,204.2
1981-01-06,204.1,204.1,204.1,204.1
1981-01-07,197.4,197.4,197.4,197.4
1981-01-08,195.9,195.9,195.9,195.9
1981-01-09,197.7,197.7,197.7,197.7
1981-01-12,198.4,198.4,198.4,198.4
1981-01-13,198.1,198.1,198.1,198.1
1981-01-14,199.1,199.1,199.1,199.1
1981-01-15,199.9,199.9,199.9,199.9
1981-01-16,201.1,201.1,201.1,201.1
1981-01-19,201.6,201.6,201.6,201.6
1981-01-20,198.7,198.7,198.7,198.7
1981-01-21,198.1,198.1,198.1,198.1
1981-01-22,197.1,197.1,197.1,197.1
1981-01-23,197.5,197.5,197.5,197.5
1981-01-26,196.1,196.1,196.1,196.1
1981-01-27,197.2,197.2,197.2,197.2
1981-01-28,197.4,197.4,197.4,197.4
1981-01-29,197.9,197.9,197.9,197.9
1981-01-30,197.8,197.8,197.8,197.8
1981-02-02,193.1,193.1,193.1,193.1
1981-02-03,193.6,193.6,193.6,193.6
1981-02-04,194.6,194.6,194.6,194.6
1981-02-05,196.3,196.3,196.3,196.3
1981-02-06,197.9,197.9,197.9,197.9
1981-02-09,196.9,196.9,196.9,196.9
1981-02-10,196.7,196.7,196.7,196.7
1981-02-11,195.8,195.8,195.8,195.8
1981-02-12,194.6,194.6,194.6,194.6
1981-02-13,193.9,193.9,193.9,193.9
1981-02-17,194,194,194,194
1981-02-18,194.7,194.7,194.7,194.7
1981-02-19,192.7,192.7,192.7,192.7
1981-02-20,192.3,192.3,192.3,192.3
1981-02-23,193.1,193.1,193.1,193.1
1981-02-24,193.9,193.9,193.9,193.9
1981-02-25,194,194,194,194
1981-02-26,196.1,196.1,196.1,196.1
1981-02-27,198,198,198,198
1981-03-02,199.1,199.1,199.1,199.1
1981-03-03,198.4,198.4,198.4,198.4
1981-03-04,198.8,198.8,198.8,198.8
1981-03-05,199.1,199.1,199.1,199.1
1981-03-06,199.9,199.9,199.9,199.9
1981-03-09,200.1,200.1,200.1,200.1
1981-03-10,199,199,199,199
1981-03-11,198.2,198.2,198.2,198.2
1981-03-12,200.7,200.7,200.7,200.7
1981-03-13,202.2,202.2,202.2,202.2
1981-03-16,203.4,203.4,203.4,203.4
1981-03-17,203.2,203.2,203.2,203.2
1981-03-18,204,204,204,204
1981-03-19,204.4,204.4,204.4,204.4
1981-03-20,206.3,206.3,206.3,206.3
1981-03-23,207.6,207.6,207.6,207.6
1981-03-24,207.7,207.7,207.7,207.7
1981-03-25,209.3,209.3,209.3,209.3
1981-03-26,209.5,209.5,209.5,209.5
1981-03-27,208.8,208.8,208.8,208.8
1981-03-30,209,209,209,209
1981-03-31,210.2,210.2,210.2,210.2
1981-04-01,211.3,211.3,211.3,211.3
1981-04-02,212,212,212,212
1981-04-03,212.6,212.6,212.6,212.6
1981-04-06,211.3,211.3,211.3,211.3
1981-04-07,211.8,211.8,211.8,211.8
1981-04-08,212.8,212.8,212.8,212.8
1981-04-09,213.9,213.9,213.9,213.9
1981-04-10,215.1,215.1,215.1,215.1
1981-04-13,214.3,214.3,214.3,214.3
1981-04-14,213.4,213.4,213.4,213.4
1981-04-15,215,215,215,215
1981-04-16,216.6,216.6,216.6,216.6
1981-04-20,217.6,217.6,217.6,217.6
1981-04-21,216.7,216.7,216.7,216.7
1981-04-22,217.2,217.2,217.2,217.2
1981-04-23,218,218,218,218
1981-04-24,219.6,219.6,219.6,219.6
1981-04-27,219.9,219.9,219.9,219.9
1981-04-28,217.6,217.6,217.6,217.6
1981-04-29,216.2,216.2,216.2,216.2
1981-04-30,216.7,216.7,216.7,216.7
1981-05-01,216.7,216.7,216.7,216.7
1981-05-04,213.3,213.3,213.3,213.3
1981-05-05,211.6,211.6,211.6,211.6
1981-05-06,212,212,212,212
1981-05-07,213.7,213.7,213.7,213.7
1981-05-08,214.8,214.8,214.8,214.8
1981-05-11,212.8,212.8,212.8,212.8
1981-05-12,213.1,213.1,213.1,213.1
1981-05-13,213.8,213.8,213.8,213.8
1981-05-14,215.2,215.2,215.2,215.2
1981-05-15,216.5,216.5,216.5,216.5
1981-05-18,216.9,216.9,216.9,216.9
1981-05-19,216.1,216.1,216.1,216.1
1981-05-20,217.6,217.6,217.6,217.6
1981-05-21,218.4,218.4,218.4,218.4
1981-05-22,219.2,219.2,219.2,219.2
1981-05-26,220.2,220.2,220.2,220.2
1981-05-27,222.2,222.2,222.2,222.2
1981-05-28,223.3,223.3,223.3,223.3
1981-05-29,223.5,223.5,223.5,223.5
1981-06-01,223,223,223,223
1981-06-02,219.6,219.6,219.6,219.6
1981-06-03,218.9,218.9,218.9,218.9
1981-06-04,219.7,219.7,219.7,219.7
1981-06-05,221.3,221.3,221.3,221.3
1981-06-08,220.8,220.8,220.8,220.8
1981-06-09,220,220,220,220
1981-06-10,220.4,220.4,220.4,220.4
1981-06-11,222.3,222.3,222.3,222.3
1981-06-12,222.8,222.8,222.8,222.8
1981-06-15,223,223,223,223
1981-06-16,220.6,220.6,220.6,220.6
1981-06-17,220.6,220.6,220.6,220.6
1981-06-18,218.7,218.7,218.7,218.7
1981-06-19,219.6,219.6,219.6,219.6
1981-06-22,218.6,218.6,218.6,218.6
1981-06-23,219.2,219.2,219.2,219.2
1981-06-24,218.8,218.8,218.8,218.8
1981-06-25,219.3,219.3,219.3,219.3
1981-06-26,219.8,219.8,219.8,219.8
1981-06-29,218.2,218.2,218.2,218.2
1981-06-30,215.8,215.8,215.8,215.8
1981-07-01,214.6,214.6,214.6,214.6
1981-07-02,212.8,212.8,212.8,212.8
1981-07-06,209.1,209.1,209.1,209.1
1981-07-07,208,208,208,208
1981-07-08,208.4,208.4,208.4,208.4
1981-07-09,210,210,210,210
1981-07-10,210.5,210.5,210.5,210.5
1981-07-13,210.9,210.9,210.9,210.9
1981-07-14,209.9,209.9,209.9,209.9
1981-07-15,210.8,210.8,210.8,210.8
1981-07-16,212,212,212,212
1981-07-17,212.8,212.8,212.8,212.8
1981-07-20,209.3,209.3,209.3,209.3
1981-07-21,207.2,207.2,207.2,207.2
1981-07-22,206.2,206.2,206.2,206.2
1981-07-23,206.4,206.4,206.4,206.4
1981-07-24,208,208,208,208
1981-07-27,209.4,209.4,209.4,209.4
1981-07-28,208.9,208.9,208.9,208.9
1981-07-29,208.9,208.9,208.9,208.9
1981-07-30,210,210,210,210
1981-07-31,211.6,211.6,211.6,211.6
1981-08-03,210.4,210.4,210.4,210.4
1981-08-04,210.1,210.1,210.1,210.1
1981-08-05,211,211,211,211
1981-08-06,211.7,211.7,211.7,211.7
1981-08-07,211.4,211.4,211.4,211.4
1981-08-10,210.8,210.8,210.8,210.8
1981-08-11,211.7,211.7,211.7,211.7
1981-08-12,211.9,211.9,211.9,211.9
1981-08-13,212.4,212.4,212.4,212.4
1981-08-14,212.1,212.1,212.1,212.1
1981-08-17,209.6,209.6,209.6,209.6
1981-08-18,207,207,207,207
1981-08-19,207.2,207.2,207.2,207.2
1981-08-20,208,208,208,208
1981-08-21,206.8,206.8,206.8,206.8
1981-08-24,200.8,200.8,200.8,200.8
1981-08-25,197.8,197.8,197.8,197.8
1981-08-26,197.8,197.8,197.8,197.8
1981-08-27,196.8,196.8,196.8,196.8
1981-08-28,197.6,197.6,197.6,197.6
1981-08-31,195.8,195.8,195.8,195.8
1981-09-01,195.2,195.2,195.2,195.2
1981-09-02,195.4,195.4,195.4,195.4
1981-09-03,192,192,192,192
1981-09-04,189.6,189.6,189.6,189.6
1981-09-08,184.8,184.8,184.8,184.8
1981-09-09,184.8,184.8,184.8,184.8
1981-09-10,187.6,187.6,187.6,187.6
1981-09-11,189.8,189.8,189.8,189.8
1981-09-14,189.6,189.6,189.6,189.6
1981-09-15,189.6,189.6,189.6,189.6
1981-09-16,187.8,187.8,187.8,187.8
1981-09-17,185.7,185.7,185.7,185.7
1981-09-18,184.3,184.3,184.3,184.3
1981-09-21,184.4,184.4,184.4,184.4
1981-09-22,183.3,183.3,183.3,183.3
1981-09-23,180,180,180,180
1981-09-24,180.4,180.4,180.4,180.4
1981-09-25,175.1,175.1,175.1,175.1
1981-09-28,175,175,175,175
1981-09-29,178.5,178.5,178.5,178.5
1981-09-30,180,180,180,180
1981-10-01,181.1,181.1,181.1,181.1
1981-10-02,184.4,184.4,184.4,184.4
1981-10-05,185.9,185.9,185.9,185.9
1981-10-06,185.9,185.9,185.9,185.9
1981-10-07,188.8,188.8,188.8,188.8
1981-10-08,191,191,191,191
1981-10-09,191.3,191.3,191.3,191.3
1981-10-12,191.3,191.3,191.3,191.3
1981-10-13,191.9,191.9,191.9,191.9
1981-10-14,189.4,189.4,189.4,189.4
1981-10-15,189.9,189.9,189.9,189.9
1981-10-16,190.2,190.2,190.2,190.2
1981-10-19,189.8,189.8,189.8,189.8
1981-10-20,191.2,191.2,191.2,191.2
1981-10-21,192.4,192.4,192.4,192.4
1981-10-22,192.4,192.4,192.4,192.4
1981-10-23,191.9,191.9,191.9,191.9
1981-10-26,191,191,191,191
1981-10-27,192.6,192.6,192.6,192.6
1981-10-28,193.8,193.8,193.8,193.8
1981-10-29,193.1,193.1,193.1,193.1
1981-10-30,195.2,195.2,195.2,195.2
1981-11-02,197.3,197.3,197.3,197.3
1981-11-03,198.8,198.8,198.8,198.8
1981-11-04,199.7,199.7,199.7,199.7
1981-11-05,200,200,200,200
1981-11-06,200,200,200,200
1981-11-09,199.9,199.9,199.9,199.9
1981-11-10,199.9,199.9,199.9,199.9
1981-11-11,200.1,200.1,200.1,200.1
1981-11-12,201,201,201,201
1981-11-13,200.2,200.2,200.2,200.2
1981-11-16,197.2,197.2,197.2,197.2
1981-11-17,197.7,197.7,197.7,197.7
1981-11-18,197.6,197.6,197.6,197.6
1981-11-19,197.3,197.3,197.3,197.3
1981-11-20,198.6,198.6,198.6,198.6
1981-11-23,198,198,198,198
1981-11-24,199,199,199,199
1981-11-25,200,200,200,200
1981-11-27,201,201,201,201
1981-11-30,201.4,201.4,201.4,201.4
1981-12-01,201.1,201.1,201.1,201.1
1981-12-02,200.4,200.4,200.4,200.4
1981-12-03,199.9,199.9,199.9,199.9
1981-12-04,200.9,200.9,200.9,200.9
1981-12-07,199.7,199.7,199.7,199.7
1981-12-08,198.1,198.1,198.1,198.1
1981-12-09,198.3,198.3,198.3,198.3
1981-12-10,198.9,198.9,198.9,198.9
1981-12-11,198.6,198.6,198.6,198.6
1981-12-14,195.7,195.7,195.7,195.7
1981-12-15,195.2,195.2,195.2,195.2
1981-12-16,195.1,195.1,195.1,195.1
1981-12-17,195.7,195.7,195.7,195.7
1981-12-18,197,197,197,197
1981-12-21,196.4,196.4,196.4,196.4
1981-12-22,195.6,195.6,195.6,195.6
1981-12-23,195.4,195.4,195.4,195.4
1981-12-24,195.7,195.7,195.7,195.7
1981-12-28,195.1,195.1,195.1,195.1
1981-12-29,193.9,193.9,193.9,193.9
1981-12-30,194.7,194.7,194.7,194.7
1981-12-31,195.8,195.8,195.8,195.8
1982-01-04,195.5,195.5,195.5,195.5
1982-01-05,192.3,192.3,192.3,192.3
1982-01-06,191.1,191.1,191.1,191.1
1982-01-07,191,191,191,191
1982-01-08,192.1,192.1,192.1,192.1
1982-01-11,188.8,188.8,188.8,188.8
1982-01-12,187.3,187.3,187.3,187.3
1982-01-13,185.7,185.7,185.7,185.7
1982-01-14,185.9,185.9,185.9,185.9
1982-01-15,187.3,187.3,187.3,187.3
1982-01-18,187.2,187.2,187.2,187.2
1982-01-19,186.2,186.2,186.2,186.2
1982-01-20,185.7,185.7,185.7,185.7
1982-01-21,186.4,186.4,186.4,186.4
1982-01-22,185.8,185.8,185.8,185.8
1982-01-25,183.5,183.5,183.5,183.5
1982-01-26,183.4,183.4,183.4,183.4
1982-01-27,183.6,183.6,183.6,183.6
1982-01-28,186.2,186.2,186.2,186.2
1982-01-29,188.4,188.4,188.4,188.4
1982-02-01,186.8,186.8,186.8,186.8
1982-02-02,187.5,187.5,187.5,187.5
1982-02-03,187.4,187.4,187.4,187.4
1982-02-04,187.1,187.1,187.1,187.1
1982-02-05,188.2,188.2,188.2,188.2
1982-02-08,184.6,184.6,184.6,184.6
1982-02-09,182.5,182.5,182.5,182.5
1982-02-10,183,183,183,183
1982-02-11,182.3,182.3,182.3,182.3
1982-02-12,182.5,182.5,182.5,182.5
1982-02-16,180.7,180.7,180.7,180.7
1982-02-17,181.3,181.3,181.3,181.3
1982-02-18,181.4,181.4,181.4,181.4
1982-02-19,180.6,180.6,180.6,180.6
1982-02-22,179.1,179.1,179.1,179.1
1982-02-23,177.5,177.5,177.5,177.5
1982-02-24,178.6,178.6,178.6,178.6
1982-02-25,179.4,179.4,179.4,179.4
1982-02-26,179.4,179.4,179.4,179.4
1982-03-01,180.1,180.1,180.1,180.1
1982-03-02,180.1,180.1,180.1,180.1
1982-03-03,178,178,178,178
1982-03-04,176.3,176.3,176.3,176.3
1982-03-05,174,174,174,174
1982-03-08,171,171,171,171
1982-03-09,169.7,169.7,169.7,169.7
1982-03-10,170.4,170.4,170.4,170.4
1982-03-11,170.1,170.1,170.1,170.1
1982-03-12,168.2,168.2,168.2,168.2
1982-03-15,167.9,167.9,167.9,167.9
1982-03-16,168.3,168.3,168.3,168.3
1982-03-17,168.2,168.2,168.2,168.2
1982-03-18,170.1,170.1,170.1,170.1
1982-03-19,171.8,171.8,171.8,171.8
1982-03-22,173.8,173.8,173.8,173.8
1982-03-23,174.9,174.9,174.9,174.9
1982-03-24,174.8,174.8,174.8,174.8
1982-03-25,175.8,175.8,175.8,175.8
1982-03-26,175.2,175.2,175.2,175.2
1982-03-29,175.5,175.5,175.5,175.5
1982-03-30,175.4,175.4,175.4,175.4
1982-03-31,175.6,175.6,175.6,175.6
1982-04-01,177.3,177.3,177.3,177.3
1982-04-02,178.6,178.6,178.6,178.6
1982-04-05,178.2,178.2,178.2,178.2
1982-04-06,178.7,178.7,178.7,178.7
1982-04-07,179.9,179.9,179.9,179.9
1982-04-08,181.1,181.1,181.1,181.1
1982-04-12,180.9,180.9,180.9,180.9
1982-04-13,180.8,180.8,180.8,180.8
1982-04-14,180.4,180.4,180.4,180.4
1982-04-15,181.1,181.1,181.1,181.1
1982-04-16,182.3,182.3,182.3,182.3
1982-04-19,182.4,182.4,182.4,182.4
1982-04-20,181.9,181.9,181.9,181.9
1982-04-21,182.3,182.3,182.3,182.3
1982-04-22,183.7,183.7,183.7,183.7
1982-04-23,184.9,184.9,184.9,184.9
1982-04-26,185.8,185.8,185.8,185.8
1982-04-27,184.7,184.7,184.7,184.7
1982-04-28,184.9,184.9,184.9,184.9
1982-04-29,184.1,184.1,184.1,184.1
1982-04-30,184.7,184.7,184.7,184.7
1982-05-03,185,185,185,185
1982-05-04,185.9,185.9,185.9,185.9
1982-05-05,185.9,185.9,185.9,185.9
1982-05-06,187.3,187.3,187.3,187.3
1982-05-07,188.1,188.1,188.1,188.1
1982-05-10,187.6,187.6,187.6,187.6
1982-05-11,188.2,188.2,188.2,188.2
1982-05-12,188.1,188.1,188.1,188.1
1982-05-13,187.7,187.7,187.7,187.7
1982-05-14,188.2,188.2,188.2,188.2
1982-05-17,186.9,186.9,186.9,186.9
1982-05-18,185.8,185.8,185.8,185.8
1982-05-19,183.9,183.9,183.9,183.9
1982-05-20,182.7,182.7,182.7,182.7
1982-05-21,182.4,182.4,182.4,182.4
1982-05-24,181.7,181.7,181.7,181.7
1982-05-25,181.1,181.1,181.1,181.1
1982-05-26,178.8,178.8,178.8,178.8
1982-05-27,178.4,178.4,178.4,178.4
1982-05-28,178.5,178.5,178.5,178.5
1982-06-01,177.4,177.4,177.4,177.4
1982-06-02,177.8,177.8,177.8,177.8
1982-06-03,177.1,177.1,177.1,177.1
1982-06-04,174.8,174.8,174.8,174.8
1982-06-07,173.9,173.9,173.9,173.9
1982-06-08,173.3,173.3,173.3,173.3
1982-06-09,170.9,170.9,170.9,170.9
1982-06-10,171.4,171.4,171.4,171.4
1982-06-11,173.6,173.6,173.6,173.6
1982-06-14,172.1,172.1,172.1,172.1
1982-06-15,171.2,171.2,171.2,171.2
1982-06-16,171.4,171.4,171.4,171.4
1982-06-17,169.9,169.9,169.9,169.9
1982-06-18,168.5,168.5,168.5,168.5
1982-06-21,168,168,168,168
1982-06-22,169.1,169.1,169.1,169.1
1982-06-23,170.9,170.9,170.9,170.9
1982-06-24,171.1,171.1,171.1,171.1
1982-06-25,170.5,170.5,170.5,170.5
1982-06-28,171.1,171.1,171.1,171.1
1982-06-29,170.5,170.5,170.5,170.5
1982-06-30,171.3,171.3,171.3,171.3
1982-07-01,170.6,170.6,170.6,170.6
1982-07-02,170.1,170.1,170.1,170.1
1982-07-06,169.2,169.2,169.2,169.2
1982-07-07,168.1,168.1,168.1,168.1
1982-07-08,166.8,166.8,166.8,166.8
1982-07-09,168.1,168.1,168.1,168.1
1982-07-12,168.9,168.9,168.9,168.9
1982-07-13,169.4,169.4,169.4,169.4
1982-07-14,169.2,169.2,169.2,169.2
1982-07-15,169.6,169.6,169.6,169.6
1982-07-16,170.2,170.2,170.2,170.2
1982-07-19,170.1,170.1,170.1,170.1
1982-07-20,170.8,170.8,170.8,170.8
1982-07-21,171.5,171.5,171.5,171.5
1982-07-22,172.1,172.1,172.1,172.1
1982-07-23,172.1,172.1,172.1,172.1
1982-07-26,171.4,171.4,171.4,171.4
1982-07-27,170.7,170.7,170.7,170.7
1982-07-28,168.4,168.4,168.4,168.4
1982-07-29,167.6,167.6,167.6,167.6
1982-07-30,167.4,167.4,167.4,167.4
1982-08-02,168.4,168.4,168.4,168.4
1982-08-03,168,168,168,168
1982-08-04,166.6,166.6,166.6,166.6
1982-08-05,165.1,165.1,165.1,165.1
1982-08-06,163.3,163.3,163.3,163.3
1982-08-09,161.4,161.4,161.4,161.4
1982-08-10,161.3,161.3,161.3,161.3
1982-08-11,160.8,160.8,160.8,160.8
1982-08-12,159.8,159.8,159.8,159.8
1982-08-13,159.7,159.7,159.7,159.7
1982-08-16,159.7,159.7,159.7,159.7
1982-08-17,162.3,162.3,162.3,162.3
1982-08-18,165,165,165,165
1982-08-19,164.9,164.9,164.9,164.9
1982-08-20,167,167,167,167
1982-08-23,169.9,169.9,169.9,169.9
1982-08-24,172.2,172.2,172.2,172.2
1982-08-25,174.9,174.9,174.9,174.9
1982-08-26,178.2,178.2,178.2,178.2
1982-08-27,177.6,177.6,177.6,177.6
1982-08-30,179,179,179,179
1982-08-31,179,179,179,179
1982-09-01,177.3,177.3,177.3,177.3
1982-09-02,177.3,177.3,177.3,177.3
1982-09-03,177.3,177.3,177.3,177.3
1982-09-07,177.3,177.3,177.3,177.3
1982-09-08,181.8,181.8,181.8,181.8
1982-09-09,182.8,182.8,182.8,182.8
1982-09-10,182.5,182.5,182.5,182.5
1982-09-13,182.9,182.9,182.9,182.9
1982-09-14,184.6,184.6,184.6,184.6
1982-09-15,186.3,186.3,186.3,186.3
1982-09-16,186.8,186.8,186.8,186.8
1982-09-17,186.6,186.6,186.6,186.6
1982-09-20,186,186,186,186
1982-09-21,187.9,187.9,187.9,187.9
1982-09-22,188.6,188.6,188.6,188.6
1982-09-23,188.1,188.1,188.1,188.1
1982-09-24,188.6,188.6,188.6,188.6
1982-09-27,188.6,188.6,188.6,188.6
1982-09-28,189,189,189,189
1982-09-29,188.3,188.3,188.3,188.3
1982-09-30,187.6,187.6,187.6,187.6
1982-10-01,188.7,188.7,188.7,188.7
1982-10-04,188,188,188,188
1982-10-05,188.8,188.8,188.8,188.8
1982-10-06,192,192,192,192
1982-10-07,195.6,195.6,195.6,195.6
1982-10-08,198.9,198.9,198.9,198.9
1982-10-11,202.3,202.3,202.3,202.3
1982-10-12,202.2,202.2,202.2,202.2
1982-10-13,205.2,205.2,205.2,205.2
1982-10-14,204.9,204.9,204.9,204.9
1982-10-15,204.5,204.5,204.5,204.5
1982-10-18,206.6,206.6,206.6,206.6
1982-10-19,207.5,207.5,207.5,207.5
1982-10-20,210.7,210.7,210.7,210.7
1982-10-21,214.3,214.3,214.3,214.3
1982-10-22,216.8,216.8,216.8,216.8
1982-10-25,216.8,216.8,216.8,216.8
1982-10-26,209.9,209.9,209.9,209.9
1982-10-27,212.2,212.2,212.2,212.2
1982-10-28,211.9,211.9,211.9,211.9
1982-10-29,212.6,212.6,212.6,212.6
1982-11-01,214.5,214.5,214.5,214.5
1982-11-02,217.6,217.6,217.6,217.6
1982-11-03,222.8,222.8,222.8,222.8
1982-11-04,225,225,225,225
1982-11-05,227,227,227,227
1982-11-08,226.7,226.7,226.7,226.7
1982-11-09,230.2,230.2,230.2,230.2
1982-11-10,230.4,230.4,230.4,230.4
1982-11-11,231.5,231.5,231.5,231.5
1982-11-12,232.6,232.6,232.6,232.6
1982-11-15,229.3,229.3,229.3,229.3
1982-11-16,225,225,225,225
1982-11-17,227.8,227.8,227.8,227.8
1982-11-18,229.3,229.3,229.3,229.3
1982-11-19,229.4,229.4,229.4,229.4
1982-11-22,225.8,225.8,225.8,225.8
1982-11-23,225.2,225.2,225.2,225.2
1982-11-24,226.9,226.9,226.9,226.9
1982-11-26,228.6,228.6,228.6,228.6
1982-11-29,228.4,228.4,228.4,228.4
1982-11-30,232.3,232.3,232.3,232.3
1982-12-01,235.6,235.6,235.6,235.6
1982-12-02,236.2,236.2,236.2,236.2
1982-12-03,237.2,237.2,237.2,237.2
1982-12-06,239.3,239.3,239.3,239.3
1982-12-07,240.6,240.6,240.6,240.6
1982-12-08,240.7,240.7,240.7,240.7
1982-12-09,237.2,237.2,237.2,237.2
1982-12-10,233.9,233.9,233.9,233.9
1982-12-13,233.3,233.3,233.3,233.3
1982-12-14,231.3,231.3,231.3,231.3
1982-12-15,225.7,225.7,225.7,225.7
1982-12-16,225.6,225.6,225.6,225.6
1982-12-17,228.9,228.9,228.9,228.9
1982-12-20,227.9,227.9,227.9,227.9
1982-12-21,228.5,228.5,228.5,228.5
1982-12-22,231,231,231,231
1982-12-23,232.3,232.3,232.3,232.3
1982-12-27,233.2,233.2,233.2,233.2
1982-12-28,232.2,232.2,232.2,232.2
1982-12-29,232.3,232.3,232.3,232.3
1982-12-30,231.3,231.3,231.3,231.3
1982-12-31,232.4,232.4,232.4,232.4
1983-01-03,230.6,230.6,230.6,230.6
1983-01-04,231.6,231.6,231.6,231.6
1983-01-05,232.7,232.7,232.7,232.7
1983-01-06,236.6,236.6,236.6,236.6
1983-01-07,238.6,238.6,238.6,238.6
1983-01-10,240.9,240.9,240.9,240.9
1983-01-11,240.9,240.9,240.9,240.9
1983-01-12,242.9,242.9,242.9,242.9
1983-01-13,243.5,243.5,243.5,243.5
1983-01-14,245.6,245.6,245.6,245.6
1983-01-17,247.1,247.1,247.1,247.1
1983-01-18,246.7,246.7,246.7,246.7
1983-01-19,245.2,245.2,245.2,245.2
1983-01-20,246,246,246,246
1983-01-21,244,244,244,244
1983-01-24,246.7,246.7,246.7,246.7
1983-01-25,239.2,239.2,239.2,239.2
1983-01-26,241.4,241.4,241.4,241.4
1983-01-27,245.4,245.4,245.4,245.4
1983-01-28,246.9,246.9,246.9,246.9
1983-01-31,248.4,248.4,248.4,248.4
1983-02-01,248.1,248.1,248.1,248.1
1983-02-02,248.3,248.3,248.3,248.3
1983-02-03,249.4,249.4,249.4,249.4
1983-02-04,251.6,251.6,251.6,251.6
1983-02-07,252,252,252,252
1983-02-08,251.1,251.1,251.1,251.1
1983-02-09,251.4,251.4,251.4,251.4
1983-02-10,254.8,254.8,254.8,254.8
1983-02-11,256.6,256.6,256.6,256.6
1983-02-14,258.7,258.7,258.7,258.7
1983-02-15,259.1,259.1,259.1,259.1
1983-02-16,259.1,259.1,259.1,259.1
1983-02-17,259,259,259,259
1983-02-18,261.3,261.3,261.3,261.3
1983-02-22,259.1,259.1,259.1,259.1
1983-02-23,260,260,260,260
1983-02-24,262.3,262.3,262.3,262.3
1983-02-25,262.4,262.4,262.4,262.4
1983-02-28,260.7,260.7,260.7,260.7
1983-03-01,261.8,261.8,261.8,261.8
1983-03-02,263.4,263.4,263.4,263.4
1983-03-03,265.2,265.2,265.2,265.2
1983-03-04,265.9,265.9,265.9,265.9
1983-03-07,265.4,265.4,265.4,265.4
1983-03-08,263.2,263.2,263.2,263.2
1983-03-09,265.1,265.1,265.1,265.1
1983-03-10,266.1,266.1,266.1,266.1
1983-03-11,266.2,266.2,266.2,266.2
1983-03-14,264.3,264.3,264.3,264.3
1983-03-15,264.3,264.3,264.3,264.3
1983-03-16,264.7,264.7,264.7,264.7
1983-03-17,264,264,264,264
1983-03-18,265,265,265,265
1983-03-21,266.3,266.3,266.3,266.3
1983-03-22,267.5,267.5,267.5,267.5
1983-03-23,269.3,269.3,269.3,269.3
1983-03-24,270.4,270.4,270.4,270.4
1983-03-25,270.9,270.9,270.9,270.9
1983-03-28,269.1,269.1,269.1,269.1
1983-03-29,268.8,268.8,268.8,268.8
1983-03-30,270.8,270.8,270.8,270.8
1983-03-31,270.8,270.8,270.8,270.8
1983-04-04,268.7,268.7,268.7,268.7
1983-04-05,268.8,268.8,268.8,268.8
1983-04-06,266.5,266.5,266.5,266.5
1983-04-07,266.7,266.7,266.7,266.7
1983-04-08,268.1,268.1,268.1,268.1
1983-04-11,270.8,270.8,270.8,270.8
1983-04-12,272.7,272.7,272.7,272.7
1983-04-13,275.9,275.9,275.9,275.9
1983-04-14,278.8,278.8,278.8,278.8
1983-04-15,281.6,281.6,281.6,281.6
1983-04-18,282.8,282.8,282.8,282.8
1983-04-19,281.9,281.9,281.9,281.9
1983-04-20,284.8,284.8,284.8,284.8
1983-04-21,286.8,286.8,286.8,286.8
1983-04-22,288.5,288.5,288.5,288.5
1983-04-25,286.6,286.6,286.6,286.6
1983-04-26,288.1,288.1,288.1,288.1
1983-04-27,288.9,288.9,288.9,288.9
1983-04-28,290.8,290.8,290.8,290.8
1983-04-29,293.1,293.1,293.1,293.1
1983-05-02,290.5,290.5,290.5,290.5
1983-05-03,289.6,289.6,289.6,289.6
1983-05-04,293.2,293.2,293.2,293.2
1983-05-05,297.3,297.3,297.3,297.3
1983-05-06,301.6,301.6,301.6,301.6
1983-05-09,302.6,302.6,302.6,302.6
1983-05-10,304.4,304.4,304.4,304.4
1983-05-11,302.9,302.9,302.9,302.9
1983-05-12,302.1,302.1,302.1,302.1
1983-05-13,303.9,303.9,303.9,303.9
1983-05-16,299.6,299.6,299.6,299.6
1983-05-17,301,301,301,301
1983-05-18,303.5,303.5,303.5,303.5
1983-05-19,302.8,302.8,302.8,302.8
1983-05-20,303.6,303.6,303.6,303.6
1983-05-23,303.9,303.9,303.9,303.9
1983-05-24,307.4,307.4,307.4,307.4
1983-05-25,309.2,309.2,309.2,309.2
1983-05-26,311.4,311.4,311.4,311.4
1983-05-27,312,312,312,312
1983-05-31,308.7,308.7,308.7,308.7
1983-06-01,307.9,307.9,307.9,307.9
1983-06-02,310.4,310.4,310.4,310.4
1983-06-03,313.9,313.9,313.9,313.9
1983-06-06,315.5,315.5,315.5,315.5
1983-06-07,314.2,314.2,314.2,314.2
1983-06-08,312.5,312.5,312.5,312.5
1983-06-09,312.7,312.7,312.7,312.7
1983-06-10,315.2,315.2,315.2,315.2
1983-06-13,318,318,318,318
1983-06-14,320,320,320,320
1983-06-15,322,322,322,322
1983-06-16,326.5,326.5,326.5,326.5
1983-06-17,326.1,326.1,326.1,326.1
1983-06-20,324.6,324.6,324.6,324.6
1983-06-21,326,326,326,326
1983-06-22,328.2,328.2,328.2,328.2
1983-06-23,327.3,327.3,327.3,327.3
1983-06-24,328.9,328.9,328.9,328.9
1983-06-27,324.3,324.3,324.3,324.3
1983-06-28,315.9,315.9,315.9,315.9
1983-06-29,316.2,316.2,316.2,316.2
1983-06-30,318.7,318.7,318.7,318.7
1983-07-01,318.7,318.7,318.7,318.7
1983-07-05,317.1,317.1,317.1,317.1
1983-07-06,319.1,319.1,319.1,319.1
1983-07-07,320,320,320,320
1983-07-08,319.5,319.5,319.5,319.5
1983-07-11,320.4,320.4,320.4,320.4
1983-07-12,316.9,316.9,316.9,316.9
1983-07-13,314.6,314.6,314.6,314.6
1983-07-14,315.5,315.5,315.5,315.5
1983-07-15,312.9,312.9,312.9,312.9
1983-07-18,310.3,310.3,310.3,310.3
1983-07-19,311.2,311.2,311.2,311.2
1983-07-20,316.8,316.8,316.8,316.8
1983-07-21,316.8,316.8,316.8,316.8
1983-07-22,320.7,320.7,320.7,320.7
1983-07-25,320.8,320.8,320.8,320.8
1983-07-26,320.4,320.4,320.4,320.4
1983-07-27,315,315,315,315
1983-07-28,308.5,308.5,308.5,308.5
1983-07-29,304,304,304,304
1983-08-01,302.1,302.1,302.1,302.1
1983-08-02,303.2,303.2,303.2,303.2
1983-08-03,303.9,303.9,303.9,303.9
1983-08-04,299.7,299.7,299.7,299.7
1983-08-05,300.2,300.2,300.2,300.2
1983-08-08,294.9,294.9,294.9,294.9
1983-08-09,294.3,294.3,294.3,294.3
1983-08-10,296.6,296.6,296.6,296.6
1983-08-11,297.6,297.6,297.6,297.6
1983-08-12,299.6,299.6,299.6,299.6
1983-08-15,301.8,301.8,301.8,301.8
1983-08-16,299.9,299.9,299.9,299.9
1983-08-17,300.8,300.8,300.8,300.8
1983-08-18,299.8,299.8,299.8,299.8
1983-08-19,299.1,299.1,299.1,299.1
1983-08-22,298.8,298.8,298.8,298.8
1983-08-23,293.7,293.7,293.7,293.7
1983-08-24,290.9,290.9,290.9,290.9
1983-08-25,289.5,289.5,289.5,289.5
1983-08-26,290.3,290.3,290.3,290.3
1983-08-29,289.4,289.4,289.4,289.4
1983-08-30,289.9,289.9,289.9,289.9
1983-08-31,292.4,292.4,292.4,292.4
1983-09-01,294.4,294.4,294.4,294.4
1983-09-02,297.9,297.9,297.9,297.9
1983-09-06,301.2,301.2,301.2,301.2
1983-09-07,300.8,300.8,300.8,300.8
1983-09-08,301.8,301.8,301.8,301.8
1983-09-09,302.2,302.2,302.2,302.2
1983-09-12,300.8,300.8,300.8,300.8
1983-09-13,297.9,297.9,297.9,297.9
1983-09-14,298.3,298.3,298.3,298.3
1983-09-15,297.2,297.2,297.2,297.2
1983-09-16,298.3,298.3,298.3,298.3
1983-09-19,301.8,301.8,301.8,301.8
1983-09-20,303.4,303.4,303.4,303.4
1983-09-21,303.3,303.3,303.3,303.3
1983-09-22,304.6,304.6,304.6,304.6
1983-09-23,303.6,303.6,303.6,303.6
1983-09-26,303.8,303.8,303.8,303.8
1983-09-27,300.8,300.8,300.8,300.8
1983-09-28,299.8,299.8,299.8,299.8
1983-09-29,299.3,299.3,299.3,299.3
1983-09-30,296.6,296.6,296.6,296.6
1983-10-03,294.6,294.6,294.6,294.6
1983-10-04,294.8,294.8,294.8,294.8
1983-10-05,294.6,294.6,294.6,294.6
1983-10-06,295.8,295.8,295.8,295.8
1983-10-07,297.4,297.4,297.4,297.4
1983-10-10,297.4,297.4,297.4,297.4
1983-10-11,295.4,295.4,295.4,295.4
1983-10-12,291.6,291.6,291.6,291.6
1983-10-13,290.4,290.4,290.4,290.4
1983-10-14,290,290,290,290
1983-10-17,289.7,289.7,289.7,289.7
1983-10-18,283.6,283.6,283.6,283.6
1983-10-19,279.9,279.9,279.9,279.9
1983-10-20,281.3,281.3,281.3,281.3
1983-10-21,279.5,279.5,279.5,279.5
1983-10-24,276.8,276.8,276.8,276.8
1983-10-25,278.6,278.6,278.6,278.6
1983-10-26,277.9,277.9,277.9,277.9
1983-10-27,277.5,277.5,277.5,277.5
1983-10-28,276.1,276.1,276.1,276.1
1983-10-31,274.5,274.5,274.5,274.5
1983-11-01,273,273,273,273
1983-11-02,275.2,275.2,275.2,275.2
1983-11-03,274.9,274.9,274.9,274.9
1983-11-04,273.2,273.2,273.2,273.2
1983-11-07,271.1,271.1,271.1,271.1
1983-11-08,269.6,269.6,269.6,269.6
1983-11-09,271,271,271,271
1983-11-10,273.1,273.1,273.1,273.1
1983-11-11,277.1,277.1,277.1,277.1
1983-11-14,279.5,279.5,279.5,279.5
1983-11-15,278.9,278.9,278.9,278.9
1983-11-16,279.9,279.9,279.9,279.9
1983-11-17,281.3,281.3,281.3,281.3
1983-11-18,281.3,281.3,281.3,281.3
1983-11-21,283,283,283,283
1983-11-22,284.5,284.5,284.5,284.5
1983-11-23,284.7,284.7,284.7,284.7
1983-11-25,285.5,285.5,285.5,285.5
1983-11-28,284.5,284.5,284.5,284.5
1983-11-29,285.6,285.6,285.6,285.6
1983-11-30,285.7,285.7,285.7,285.7
1983-12-01,286.1,286.1,286.1,286.1
1983-12-02,283.9,283.9,283.9,283.9
1983-12-05,282.5,282.5,282.5,282.5
1983-12-06,282,282,282,282
1983-12-07,282.1,282.1,282.1,282.1
1983-12-08,280.6,280.6,280.6,280.6
1983-12-09,280.5,280.5,280.5,280.5
1983-12-12,279.9,279.9,279.9,279.9
1983-12-13,278.9,278.9,278.9,278.9
1983-12-14,276.4,276.4,276.4,276.4
1983-12-15,275.4,275.4,275.4,275.4
1983-12-16,276,276,276,276
1983-12-19,275.6,275.6,275.6,275.6
1983-12-20,274.5,274.5,274.5,274.5
1983-12-21,275.6,275.6,275.6,275.6
1983-12-22,276.2,276.2,276.2,276.2
1983-12-23,276.5,276.5,276.5,276.5
1983-12-27,276.7,276.7,276.7,276.7
1983-12-28,276.6,276.6,276.6,276.6
1983-12-29,277.1,277.1,277.1,277.1
1983-12-30,278.6,278.6,278.6,278.6
1984-01-03,277.6,277.6,277.6,277.6
1984-01-04,281,281,281,281
1984-01-05,284.4,284.4,284.4,284.4
1984-01-06,287.9,287.9,287.9,287.9
1984-01-09,287.3,287.3,287.3,287.3
1984-01-10,287.6,287.6,287.6,287.6
1984-01-11,287.7,287.7,287.7,287.7
1984-01-12,287.6,287.6,287.6,287.6
1984-01-13,286.9,286.9,286.9,286.9
1984-01-16,286.3,286.3,286.3,286.3
1984-01-17,286.9,286.9,286.9,286.9
1984-01-18,287.2,287.2,287.2,287.2
1984-01-19,286.4,286.4,286.4,286.4
1984-01-20,284.4,284.4,284.4,284.4
1984-01-23,280.2,280.2,280.2,280.2
1984-01-24,278.8,278.8,278.8,278.8
1984-01-25,277.4,277.4,277.4,277.4
1984-01-26,275.6,275.6,275.6,275.6
1984-01-27,273.2,273.2,273.2,273.2
1984-01-30,269.2,269.2,269.2,269.2
1984-01-31,268.4,268.4,268.4,268.4
1984-02-01,266.4,266.4,266.4,266.4
1984-02-02,266.2,266.2,266.2,266.2
1984-02-03,264,264,264,264
1984-02-06,258.6,258.6,258.6,258.6
1984-02-07,257.8,257.8,257.8,257.8
1984-02-08,254,254,254,254
1984-02-09,251.7,251.7,251.7,251.7
1984-02-10,254,254,254,254
1984-02-13,250.6,250.6,250.6,250.6
1984-02-14,252.4,252.4,252.4,252.4
1984-02-15,252.7,252.7,252.7,252.7
1984-02-16,251.8,251.8,251.8,251.8
1984-02-17,251.3,251.3,251.3,251.3
1984-02-21,250,250,250,250
1984-02-22,249.2,249.2,249.2,249.2
1984-02-23,247.1,247.1,247.1,247.1
1984-02-24,251.4,251.4,251.4,251.4
1984-02-27,254.3,254.3,254.3,254.3
1984-02-28,251.6,251.6,251.6,251.6
1984-02-29,251.1,251.1,251.1,251.1
1984-03-01,253.5,253.5,253.5,253.5
1984-03-02,255.5,255.5,255.5,255.5
1984-03-05,253.9,253.9,253.9,253.9
1984-03-06,252.2,252.2,252.2,252.2
1984-03-07,249.2,249.2,249.2,249.2
1984-03-08,249.7,249.7,249.7,249.7
1984-03-09,249,249,249,249
1984-03-12,249.7,249.7,249.7,249.7
1984-03-13,250.7,250.7,250.7,250.7
1984-03-14,250.3,250.3,250.3,250.3
1984-03-15,251.1,251.1,251.1,251.1
1984-03-16,253.4,253.4,253.4,253.4
1984-03-19,251.6,251.6,251.6,251.6
1984-03-20,252.7,252.7,252.7,252.7
1984-03-21,252.5,252.5,252.5,252.5
1984-03-22,250.8,250.8,250.8,250.8
1984-03-23,250,250,250,250
1984-03-26,249.3,249.3,249.3,249.3
1984-03-27,249.1,249.1,249.1,249.1
1984-03-28,251,251,251,251
1984-03-29,251.6,251.6,251.6,251.6
1984-03-30,250.8,250.8,250.8,250.8
1984-04-02,249.8,249.8,249.8,249.8
1984-04-03,248.9,248.9,248.9,248.9
1984-04-04,248.5,248.5,248.5,248.5
1984-04-05,245.7,245.7,245.7,245.7
1984-04-06,243.9,243.9,243.9,243.9
1984-04-09,242.8,242.8,242.8,242.8
1984-04-10,243.4,243.4,243.4,243.4
1984-04-11,241.8,241.8,241.8,241.8
1984-04-12,242.6,242.6,242.6,242.6
1984-04-13,244,244,244,244
1984-04-16,243.9,243.9,243.9,243.9
1984-04-17,245.6,245.6,245.6,245.6
1984-04-18,245.5,245.5,245.5,245.5
1984-04-19,245.5,245.5,245.5,245.5
1984-04-23,243.9,243.9,243.9,243.9
1984-04-24,244.1,244.1,244.1,244.1
1984-04-25,243.9,243.9,243.9,243.9
1984-04-26,245.9,245.9,245.9,245.9
1984-04-27,246.9,246.9,246.9,246.9
1984-04-30,247.4,247.4,247.4,247.4
1984-05-01,250.3,250.3,250.3,250.3
1984-05-02,253,253,253,253
1984-05-03,252.6,252.6,252.6,252.6
1984-05-04,250.9,250.9,250.9,250.9
1984-05-07,251.4,251.4,251.4,251.4
1984-05-08,252.4,252.4,252.4,252.4
1984-05-09,252.6,252.6,252.6,252.6
1984-05-10,252.9,252.9,252.9,252.9
1984-05-11,250.6,250.6,250.6,250.6
1984-05-14,248.9,248.9,248.9,248.9
1984-05-15,249,249,249,249
1984-05-16,248.7,248.7,248.7,248.7
1984-05-17,246.1,246.1,246.1,246.1
1984-05-18,244.6,244.6,244.6,244.6
1984-05-21,243.1,243.1,243.1,243.1
1984-05-22,240.8,240.8,240.8,240.8
1984-05-23,239.6,239.6,239.6,239.6
1984-05-24,235.4,235.4,235.4,235.4
1984-05-25,235.2,235.2,235.2,235.2
1984-05-29,232.6,232.6,232.6,232.6
1984-05-30,231.9,231.9,231.9,231.9
1984-05-31,232.8,232.8,232.8,232.8
1984-06-01,235.9,235.9,235.9,235.9
1984-06-04,238.8,238.8,238.8,238.8
1984-06-05,238.4,238.4,238.4,238.4
1984-06-06,239.5,239.5,239.5,239.5
1984-06-07,239.9,239.9,239.9,239.9
1984-06-08,240.4,240.4,240.4,240.4
1984-06-11,238.1,238.1,238.1,238.1
1984-06-12,237,237,237,237
1984-06-13,237.8,237.8,237.8,237.8
1984-06-14,235.6,235.6,235.6,235.6
1984-06-15,235.6,235.6,235.6,235.6
1984-06-18,236.8,236.8,236.8,236.8
1984-06-19,237.9,237.9,237.9,237.9
1984-06-20,238.4,238.4,238.4,238.4
1984-06-21,239.8,239.8,239.8,239.8
1984-06-22,241.1,241.1,241.1,241.1
1984-06-25,240.9,240.9,240.9,240.9
1984-06-26,238.9,238.9,238.9,238.9
1984-06-27,237.2,237.2,237.2,237.2
1984-06-28,238.3,238.3,238.3,238.3
1984-06-29,239.4,239.4,239.4,239.4
1984-07-02,237.9,237.9,237.9,237.9
1984-07-03,238.3,238.3,238.3,238.3
1984-07-05,237.8,237.8,237.8,237.8
1984-07-06,236.7,236.7,236.7,236.7
1984-07-09,237,237,237,237
1984-07-10,236.3,236.3,236.3,236.3
1984-07-11,234.8,234.8,234.8,234.8
1984-07-12,234.2,234.2,234.2,234.2
1984-07-13,234.7,234.7,234.7,234.7
1984-07-16,233.7,233.7,233.7,233.7
1984-07-17,233.5,233.5,233.5,233.5
1984-07-18,232.2,232.2,232.2,232.2
1984-07-19,230.9,230.9,230.9,230.9
1984-07-20,229.4,229.4,229.4,229.4
1984-07-23,227.1,227.1,227.1,227.1
1984-07-24,225.7,225.7,225.7,225.7
1984-07-25,225.3,225.3,225.3,225.3
1984-07-26,227.1,227.1,227.1,227.1
1984-07-27,229.3,229.3,229.3,229.3
1984-07-30,228.9,228.9,228.9,228.9
1984-07-31,229.7,229.7,229.7,229.7
1984-08-01,233.4,233.4,233.4,233.4
1984-08-02,238.9,238.9,238.9,238.9
1984-08-03,246.2,246.2,246.2,246.2
1984-08-06,249.3,249.3,249.3,249.3
1984-08-07,249.1,249.1,249.1,249.1
1984-08-08,248,248,248,248
1984-08-09,250.3,250.3,250.3,250.3
1984-08-10,252.4,252.4,252.4,252.4
1984-08-13,251.4,251.4,251.4,251.4
1984-08-14,250.8,250.8,250.8,250.8
1984-08-15,249.7,249.7,249.7,249.7
1984-08-16,250.3,250.3,250.3,250.3
1984-08-17,250.4,250.4,250.4,250.4
1984-08-20,250.2,250.2,250.2,250.2
1984-08-21,253.3,253.3,253.3,253.3
1984-08-22,253.9,253.9,253.9,253.9
1984-08-23,254.1,254.1,254.1,254.1
1984-08-24,254.8,254.8,254.8,254.8
1984-08-27,253.3,253.3,253.3,253.3
1984-08-28,254.4,254.4,254.4,254.4
1984-08-29,254.8,254.8,254.8,254.8
1984-08-30,254.6,254.6,254.6,254.6
1984-08-31,254.6,254.6,254.6,254.6
1984-09-04,251.4,251.4,251.4,251.4
1984-09-05,250.6,250.6,250.6,250.6
1984-09-06,252.2,252.2,252.2,252.2
1984-09-07,251.7,251.7,251.7,251.7
1984-09-10,250.5,250.5,250.5,250.5
1984-09-11,251.8,251.8,251.8,251.8
1984-09-12,251.4,251.4,251.4,251.4
1984-09-13,253.3,253.3,253.3,253.3
1984-09-14,255.6,255.6,255.6,255.6
1984-09-17,255.4,255.4,255.4,255.4
1984-09-18,254,254,254,254
1984-09-19,253,253,253,253
1984-09-20,253.1,253.1,253.1,253.1
1984-09-21,252.7,252.7,252.7,252.7
1984-09-24,250.8,250.8,250.8,250.8
1984-09-25,250,250,250,250
1984-09-26,250.2,250.2,250.2,250.2
1984-09-27,250.3,250.3,250.3,250.3
1984-09-28,249.9,249.9,249.9,249.9
1984-10-01,247.9,247.9,247.9,247.9
1984-10-02,246.1,246.1,246.1,246.1
1984-10-03,244.8,244.8,244.8,244.8
1984-10-04,245.2,245.2,245.2,245.2
1984-10-05,245.5,245.5,245.5,245.5
1984-10-08,244.6,244.6,244.6,244.6
1984-10-09,244.1,244.1,244.1,244.1
1984-10-10,243.3,243.3,243.3,243.3
1984-10-11,244.2,244.7,244.2,244.7,62860000
1984-10-12,245.5,246.2,245.5,246.2,58860000
1984-10-15,246.8,247.7,246.8,247.7,61820000
1984-10-16,247.8,247.9,247.1,247.3,57440000
1984-10-17,247.1,247.1,246.8,247.1,64670000
1984-10-18,247.5,249.8,247.3,249.8,64730000
1984-10-19,252.2,252.2,251.2,251.2,87610000
1984-10-22,250.7,251.1,250.5,250.6,53480000
1984-10-23,251.1,251.1,250.5,250.6,59210000
1984-10-24,250.7,250.8,250.4,250.8,63360000
1984-10-25,250.3,250.3,249,249,63910000
1984-10-26,247.7,247.7,247.3,247.4,52890000
1984-10-29,247,247,246.4,246.5,45110000
1984-10-30,246.9,247.5,246.9,247.5,56550000
1984-10-31,247.5,247.6,247,247,58870000
1984-11-01,247.1,248,247.1,248,55840000
1984-11-02,248,248.4,248,248,60100000
1984-11-05,247.8,248.4,247.6,248.4,56050000
1984-11-06,249.2,250.5,249.2,250.5,68510000
1984-11-07,250.5,250.5,249.8,249.8,62200000
1984-11-08,249.4,249.6,249.4,249.5,60620000
1984-11-09,250,250.3,249.5,249.5,63690000
1984-11-12,249.2,249.3,248.8,249.3,51230000
1984-11-13,249.3,249.3,247.8,247.8,55160000
1984-11-14,247.2,247.2,246.8,247,56650000
1984-11-15,246.5,246.5,246,246,59380000
1984-11-16,246.1,246.1,245.1,245.1,59550000
1984-11-19,244.2,244.2,242.9,242.9,52870000
1984-11-20,242.9,243.3,242.8,243.2,58600000
1984-11-21,242.7,243,242.4,243,60630000
1984-11-23,244.2,245.3,244.2,245.3,43870000
1984-11-26,245.8,245.8,244.9,244.9,51500000
1984-11-27,244.6,252.3,244.6,252.3,57950000
1984-11-28,246,250.7,245.2,250.7,59770000
1984-11-29,244.3,244.3,243.5,243.5,60830000
1984-11-30,242.9,242.9,242.4,242.4,57490000
1984-12-03,241.9,246.9,240.7,240.9,52700000
1984-12-04,241.1,241.2,240.8,240.8,61930000
1984-12-05,240.3,240.3,238.7,238.7,66300000
1984-12-06,238.4,239,238.4,238.9,60570000
1984-12-07,239.6,239.6,239.3,239.3,58350000
1984-12-10,238.2,250.2,237.7,250.2,58760000
1984-12-11,238.6,238.8,238.5,238.8,63130000
1984-12-12,238.9,238.9,238.4,238.5,62960000
1984-12-13,238.1,238.4,238.1,238.1,60210000
1984-12-14,238,239,238,239,62970000
1984-12-17,238.7,238.7,238.3,238.5,63480000
1984-12-18,240.4,243.3,240.4,243.3,87710000
1984-12-19,245.3,245.4,244.9,245.4,85980000
1984-12-20,244.9,244.9,244.4,244.5,71630000
1984-12-21,244.3,244.8,243.7,244.8,68670000
1984-12-24,245.1,245.8,245.1,245.8,38840000
1984-12-26,246,246.6,245.8,246.6,47580000
1984-12-27,246.1,246.1,245.4,245.4,60370000
1984-12-28,245.3,245.9,245.3,245.9,70610000
1984-12-31,246.2,247.1,246.2,247.1,80120000
1985-01-02,247.1,247.1,245.9,245.9,48210000
1985-01-03,246,246.7,246,246.4,52250000
1985-01-04,246.1,246.1,245.8,246.1,55800000
1985-01-07,246,246.2,245.9,245.9,53200000
1985-01-08,246.1,246.4,246,246,64850000
1985-01-09,246.1,247.3,246.1,247.3,66670000
1985-01-10,247.9,250.7,247.9,250.7,81590000
1985-01-11,251.7,252.2,251.6,252.2,71520000
1985-01-14,252.7,255.5,252.7,255.5,73320000
1985-01-15,257.3,258,257.3,257.8,90780000
1985-01-16,259.1,260.2,259.1,260.2,89770000
1985-01-17,260.6,261.2,260.5,261.2,86990000
1985-01-18,262.1,263.1,262,263.1,78280000
1985-01-21,263.9,266.4,263.9,266.4,85470000
1985-01-22,268.4,269,268.4,268.4,107300000
1985-01-23,268.8,270.7,268.8,270.7,100900000
1985-01-24,272,272.9,272,272.3,108600000
1985-01-25,272.6,274,272.5,274,86510000
1985-01-28,275,275.6,274.6,275,90740000
1985-01-29,274.8,276.2,274.8,276.2,88320000
1985-01-30,278.7,278.8,278.4,278.6,108700000
1985-01-31,278.2,278.9,278.2,278.7,92290000
1985-02-01,277.9,278.5,277.9,278.4,85330000
1985-02-04,278.8,280.8,278.8,280.8,88440000
1985-02-05,281.8,282.7,281.8,282.6,98950000
1985-02-06,283.8,284.7,283.8,284.5,102300000
1985-02-07,285.5,287.1,285.5,287.1,110230000
1985-02-08,287.8,288.4,287.6,288.4,103400000
1985-02-11,288.6,288.6,287.1,287.4,95950000
1985-02-12,286.3,286.8,286.3,286.6,89270000
1985-02-13,286.7,288.3,286.4,288.3,113300000
1985-02-14,289.1,289.3,288.4,288.4,124300000
1985-02-15,288.1,288.4,287.7,287.7,81510000
1985-02-19,286.6,287.1,286.6,286.9,67910000
1985-02-20,286.7,287.6,286.7,287.3,83750000
1985-02-21,287.2,287.2,286.9,287,84140000
1985-02-22,286.9,286.9,286,286.2,79640000
1985-02-25,284.7,284.7,283.5,284,88170000
1985-02-26,284,285,283.7,285,82930000
1985-02-27,285.3,285.3,284.1,284.1,85230000
1985-02-28,283.7,284.2,283.7,284.2,78100000
1985-03-01,285.1,287.2,285.1,287.2,92100000
1985-03-04,287.6,287.8,287,287.1,74330000
1985-03-05,287.3,287.5,286.6,287.1,78170000
1985-03-06,286.9,287.5,285.4,285.5,77640000
1985-03-07,283.9,285.4,282.8,283.2,78390000
1985-03-08,282.4,283.2,282.2,282.4,78090000
1985-03-11,281.9,282.4,280.9,281.2,68960000
1985-03-12,280.9,281.5,280.6,281.4,71050000
1985-03-13,281,281.5,278,278.2,80220000
1985-03-14,277,278.2,276.9,277.5,72640000
1985-03-15,277.5,278.3,277.4,278,68930000
1985-03-18,278.3,278.5,277.1,277.1,68690000
1985-03-19,277.2,279,277.1,278.9,85720000
1985-03-20,279,279.4,278.2,278.8,87320000
1985-03-21,279.1,279.4,278.7,279,77900000
1985-03-22,279.3,279.6,278.7,278.9,83910000
1985-03-25,277.7,278.9,276.1,276.3,64310000
1985-03-26,276.3,276.4,275.6,276.2,70930000
1985-03-27,277.1,277.8,276.2,277.6,77710000
1985-03-28,278.3,278.6,277.6,278.2,78630000
1985-03-29,278.3,279.2,278.2,279.2,75670000
1985-04-01,279.5,280.4,279.2,280.3,67200000
1985-04-02,280.9,281.1,279.6,279.7,73260000
1985-04-03,279.3,279.8,277.5,277.9,77040000
1985-04-04,277.4,278,276.8,277.4,67350000
1985-04-08,277,277.9,276.3,276.5,63480000
1985-04-09,276.4,276.8,276.2,276.6,67420000
1985-04-10,277.7,279,276.6,278.8,77940000
1985-04-11,280.1,280.7,278.8,280.1,81650000
1985-04-12,280.4,280.7,280.1,280.6,70690000
1985-04-15,280.7,281.2,280.6,281.1,65110000
1985-04-16,281.6,282.3,281.1,282.3,75640000
1985-04-17,282.9,283.4,282.3,283.3,73800000
1985-04-18,283.9,284,283,283.1,75710000
1985-04-19,282.7,283.1,282.3,282.8,75570000
1985-04-22,282.4,282.8,281.2,281.8,63970000
1985-04-23,281.4,282.6,281.3,282.6,77720000
1985-04-24,283.1,283.4,282.6,283.1,64540000
1985-04-25,283.1,284,282.9,284,68520000
1985-04-26,284.7,284.8,284,284.1,67830000
1985-04-29,283.6,284.1,282,282.1,73130000
1985-04-30,281.1,282.1,279.8,280.6,78880000
1985-05-01,280.5,280.7,279.5,279.6,66020000
1985-05-02,279.3,279.6,278.8,279,65830000
1985-05-03,279.3,280.3,279,280.3,65590000
1985-05-06,280.4,280.5,279.7,279.9,59310000
1985-05-07,280.2,281.1,279.9,280.9,70940000
1985-05-08,280.9,281.1,280.5,281.1,76850000
1985-05-09,281.9,283.3,281,283.3,80740000
1985-05-10,285.3,287.5,283.3,287.5,95510000
1985-05-13,288,288.2,287.5,288.1,73380000
1985-05-14,288.4,288.6,287.1,287.7,85150000
1985-05-15,287.8,289,287.6,288.5,78300000
1985-05-16,288.7,289.8,288.3,289.8,74320000
1985-05-17,290.1,291.7,289.7,291.7,78350000
1985-05-20,294,294.7,294,294.5,93610000
1985-05-21,293.9,294.8,293.8,293.9,85270000
1985-05-22,293.3,294.2,292.6,293,78580000
1985-05-23,292.9,293.1,291.9,292.2,83570000
1985-05-24,291.8,292.2,291.6,292.1,60290000
1985-05-28,292.1,292.6,290.7,290.9,65440000
1985-05-29,290.7,291,290.3,290.6,74200000
1985-05-30,290.6,290.9,289.5,289.9,77010000
1985-05-31,289.9,290.8,289.8,290.8,85010000
1985-06-03,291.4,291.8,290.4,290.6,73390000
1985-06-04,290.3,291.1,290.1,291,72290000
1985-06-05,291.7,291.9,291,291.8,89120000
1985-06-06,291.1,291.9,290.9,291.9,81590000
1985-06-07,291.9,292.2,290.9,291,79160000
1985-06-10,290.5,291.1,290.1,290.7,64520000
1985-06-11,291.3,291.4,290.3,290.5,81400000
1985-06-12,290.1,290.7,289.6,289.7,74860000
1985-06-13,288.8,289.7,286.7,286.9,80180000
1985-06-14,286.9,288,286.8,288,74810000
1985-06-17,287.5,288.1,286.9,287.4,60260000
1985-06-18,287.9,288.1,287.3,287.9,82670000
1985-06-19,288.3,288.7,287.9,288.2,80280000
1985-06-20,287.8,288.3,287,287.4,76890000
1985-06-21,287.5,288.7,287.2,288.7,83950000
1985-06-24,288.4,290.1,288.2,290,65640000
1985-06-25,291.1,292.8,290,292.3,92420000
1985-06-26,293,293.4,292.3,293.4,91000000
1985-06-27,294.4,295.4,293.4,295.3,91360000
1985-06-28,295.6,296.2,295.3,296.2,86790000
1985-07-01,295.9,296.5,295.5,296.5,68530000
1985-07-02,297,297.3,296.4,296.9,80750000
1985-07-03,297,297.4,296.8,297.3,77840000
1985-07-05,297.8,298.7,297.3,298.6,43670000
1985-07-08,298.3,298.7,297.5,297.8,63570000
1985-07-09,297.7,298,296.7,297.2,75220000
1985-07-10,297.6,298.5,297.1,298.5,77150000
1985-07-11,299.5,300.5,298.5,300.5,87780000
1985-07-12,301.2,302.4,300.5,302.4,78650000
1985-07-15,302,303.2,301.8,303,69170000
1985-07-16,303.7,305.2,303,305.2,84630000
1985-07-17,307.1,307.9,305.2,307.8,113800000
1985-07-18,307.2,307.9,306.7,306.9,94350000
1985-07-19,306.8,307.8,306.7,307.8,85710000
1985-07-22,306.9,307.8,306.3,306.8,69770000
1985-07-23,307.4,307.9,306.1,306.2,95330000
1985-07-24,305,305.4,302.9,303.7,93790000
1985-07-25,303.7,304.6,303.6,304.4,88630000
1985-07-26,304.5,304.6,304.2,304.6,84260000
1985-07-29,303.6,304.7,300.9,300.9,76340000
1985-07-30,300.6,300.9,300.1,300.6,77220000
1985-07-31,301,301.3,300.1,301.3,83280000
1985-08-01,302.6,304.1,301.2,304,90020000
1985-08-02,304.3,304.6,304,304.5,78560000
1985-08-05,303.2,304.5,301.8,302.1,75520000
1985-08-06,302.1,302.4,300.2,300.2,80050000
1985-08-07,298.6,300.2,298,298.2,78420000
1985-08-08,298.4,298.7,297.8,298.7,77690000
1985-08-09,299.1,299.2,298.6,299.1,71670000
1985-08-12,298.6,299.3,298.3,298.3,64360000
1985-08-13,298.2,298.4,296.8,297,80520000
1985-08-14,297.1,297.7,296.9,297.6,73000000
1985-08-15,298.2,298.3,297.3,297.6,82050000
1985-08-16,297,297.7,296.4,296.5,72960000
1985-08-19,296.2,296.5,295.6,295.6,65640000
1985-08-20,296.1,296.4,295.6,296.4,76390000
1985-08-21,296.9,297.7,296.4,297.7,82650000
1985-08-22,297.8,297.9,296.7,296.9,78180000
1985-08-23,296.8,296.9,296.5,296.7,70250000
1985-08-26,296.2,296.8,296,296.3,59200000
1985-08-27,295.8,296.3,295.6,296,67940000
1985-08-28,296.4,297,295.1,297,74320000
1985-08-29,297.1,297.3,296.9,297.3,71930000
1985-08-30,297.2,297.7,297,297.7,64680000
1985-09-03,297.3,297.7,296.2,296.6,65070000
1985-09-04,296.3,296.7,295.4,295.6,77410000
1985-09-05,295.2,295.7,295,295.3,70830000
1985-09-06,295.5,296.2,295.3,296.2,69820000
1985-09-09,295.7,296.3,295.6,296.1,64370000
1985-09-10,296.2,296.3,294.3,294.5,77160000
1985-09-11,293.4,294.5,291.1,291.4,71580000
1985-09-12,290.1,291.4,289.6,289.9,71550000
1985-09-13,289.3,289.9,286.9,287.2,71970000
1985-09-16,286.4,287.2,285.2,285.4,48240000
1985-09-17,285,285.4,280.8,281.1,74440000
1985-09-18,279.9,281.1,279.5,281,83350000
1985-09-19,281.7,283.6,281,283.6,81380000
1985-09-20,284.9,285,283.6,284.4,76220000
1985-09-23,285.9,286.2,284.3,286.1,72250000
1985-09-24,285.5,286.1,283.9,284.1,71130000
1985-09-25,283.3,284.1,281.5,281.8,57360000
1985-09-26,280.3,281.8,279.5,280.2,63720000
1985-09-30,280.5,280.7,279.8,280.3,67140000
1985-10-01,280.6,281.8,280.3,281.8,76580000
1985-10-02,282.1,282.5,281,281.2,82320000
1985-10-03,280.7,281.5,280.5,281.4,73650000
1985-10-04,280.6,281.4,280.1,280.5,73950000
1985-10-07,279.3,280.5,278,278.3,64320000
1985-10-08,277.3,278.3,276.6,277,72050000
1985-10-09,277.9,278.5,277,278.3,78100000
1985-10-10,277.9,279.4,277.8,279.4,77420000
1985-10-11,279.9,281.8,279.4,281.8,79110000
1985-10-14,282.5,284.3,281.8,284.3,61560000
1985-10-15,285.3,285.4,284.3,285,85680000
1985-10-16,285.7,286.7,284.9,286.7,87560000
1985-10-17,287.4,288.6,286.7,288.3,95470000
1985-10-18,288.6,288.7,288,288.4,90440000
1985-10-21,288.3,288.5,287.7,287.7,71400000
1985-10-22,287.8,288.7,287.5,288.5,78870000
1985-10-23,289.3,289.8,288.5,289.8,101100000
1985-10-24,290.4,290.9,289.8,290.6,95430000
1985-10-25,290,290.7,289.2,289.5,82920000
1985-10-28,288.7,289.5,288.6,289.2,65730000
1985-10-29,290,291.2,289.2,291.1,81700000
1985-10-30,291.8,292.3,291.1,292.3,98020000
1985-10-31,292.8,292.8,292,292.5,84960000
1985-11-01,293,294.2,292.5,294.1,90090000
1985-11-04,294.7,295.1,294,294.2,75340000
1985-11-05,295.3,295.3,295.1,295.3,87680000
1985-11-06,296.3,296.8,295.3,296.7,93500000
1985-11-07,297.4,297.6,296.7,297.5,88640000
1985-11-08,298,300.1,297.5,300,86760000
1985-11-11,300.5,302.4,300,302.3,80390000
1985-11-12,303.5,304.6,302.3,304.4,108300000
1985-11-13,304,304.6,303.6,303.9,93210000
1985-11-14,303.8,305.2,303.5,305.2,98040000
1985-11-15,305.8,306.5,305.2,306.2,95270000
1985-11-18,306.1,306.3,305.8,306.1,82210000
1985-11-19,307,307.3,306.1,306.9,101800000
1985-11-20,307.1,307.3,306.8,307,97600000
1985-11-21,308.1,309.3,307,309.3,119900000
1985-11-22,310.2,310.9,309.2,310.8,104200000
1985-11-25,310.1,311,309.4,309.8,83430000
1985-11-26,309.6,310.7,309.5,310.5,93630000
1985-11-27,311.6,313,310.4,313,103300000
1985-11-29,313.7,314,313.2,314,57590000
1985-12-02,313.9,314.4,312.7,313,85760000
1985-12-03,312.7,313.2,312.3,313.1,84540000
1985-12-04,313.9,316.7,313.1,316.7,117200000
1985-12-05,318.2,319.6,316.8,318.2,141500000
1985-12-06,316.6,318.2,316.4,316.6,110800000
1985-12-09,316.8,317.1,316.4,316.9,104800000
1985-12-10,316.8,317.5,316.6,317.3,111800000
1985-12-11,317.7,318.9,317.3,318.9,126500000
1985-12-12,320.4,320.7,318.9,320.6,117300000
1985-12-13,322.1,324.1,320.6,324,131700000
1985-12-16,324.7,325.6,324,325.2,115300000
1985-12-17,323.9,325.2,323.1,323.3,121000000
1985-12-18,323.2,323.4,322.2,322.5,115100000
1985-12-19,322.4,322.7,322.2,322.7,114900000
1985-12-20,322.8,323.3,322.5,323.1,115800000
1985-12-23,322.5,323.2,321.1,321.6,99410000
1985-12-24,320.4,321.6,319.7,320.2,64280000
1985-12-26,320.2,320.3,319.7,320.3,53900000
1985-12-27,321.8,322.8,320.8,322.8,74910000
1985-12-30,323,323.2,322.2,323.1,92820000
1985-12-31,323.6,324.9,323.2,324.9,112700000
1986-01-02,325,325.6,324.8,325,75810000
1986-01-03,325.2,325.7,324.8,325.7,89180000
1986-01-06,325.5,326.2,325.3,326,99240000
1986-01-07,327.5,329.8,326,329.7,127500000
1986-01-08,331.2,331.7,328.1,328.1,140000000
1986-01-09,325.5,327.9,322.1,323,119400000
1986-01-10,324.4,324.8,323,324.4,98500000
1986-01-13,323.8,324.3,323.6,324.2,89490000
1986-01-14,325.2,325.6,324.2,324.8,102900000
1986-01-15,325.9,328.2,324.7,328.2,118700000
1986-01-16,328.9,330.1,328.6,330,123900000
1986-01-17,330.3,331.1,330,330.7,112800000
1986-01-20,329.1,330.7,329,329.5,89430000
1986-01-21,329.5,330,328,328.5,110700000
1986-01-22,328.5,329,326.7,326.8,107600000
1986-01-23,325.9,326.8,325.7,326.7,111100000
1986-01-24,327.6,328.9,326.7,328.9,118300000
1986-01-27,329.4,330.3,328.8,330.2,110500000
1986-01-28,331.4,332.7,330.2,332.6,115400000
1986-01-29,334.8,335.8,332.7,334.7,132100000
1986-01-30,334.9,335.3,334.2,334.3,109000000
1986-01-31,334.4,335.8,333.9,335.8,109300000
1986-02-03,336.1,337.5,335.8,337.5,107600000
1986-02-04,338.6,339.2,337.2,337.9,125300000
1986-02-05,338.2,338.9,337.7,338.9,105300000
1986-02-06,339.7,340.9,338.8,340.8,119700000
1986-02-07,340.1,342.2,339.7,342.2,111100000
1986-02-10,343.2,344.1,342.2,344,107400000
1986-02-11,344.4,345.3,344.2,344.9,113300000
1986-02-12,345.5,346.3,344.9,346.3,122200000
1986-02-13,346.9,348,346.3,347.9,128600000
1986-02-14,348.8,350.2,347.9,350.2,122400000
1986-02-18,350.8,352.4,350.2,352.4,126000000
1986-02-19,353.2,353.3,352,352.1,136900000
1986-02-20,352.1,353.2,351.6,353.1,146700000
1986-02-21,355.65,355.65,355.65,355.65,146700000
1986-02-24,355.7,356.3,355.3,355.3,127900000
1986-02-25,355.4,355.6,354,354.9,118900000
1986-02-26,355,355.6,354.6,355.3,124200000
1986-02-27,355.9,358.1,355.3,358.1,124700000
1986-02-28,359.5,359.8,359.2,359.5,130600000
1986-03-03,360,360.5,359.5,359.8,119600000
1986-03-04,360.9,362.1,359.8,362,135000000
1986-03-05,360,361,359.1,359.8,117400000
1986-03-06,360.9,361.7,359.8,361.5,120300000
1986-03-07,362.4,362.5,361.5,362.2,125600000
1986-03-10,363.2,364,362.3,363.9,112900000
1986-03-11,365.3,367.5,363.9,367.4,134800000
1986-03-12,368.9,370.3,367.3,369.7,154900000
1986-03-13,369.3,370.4,368.7,370.4,140100000
1986-03-14,371.1,371.9,370.4,371.8,152200000
1986-03-17,370.2,371.9,369.2,370,129500000
1986-03-18,371,371.5,370,371.5,139500000
1986-03-19,372.4,372.7,371.5,371.7,136900000
1986-03-20,372.7,372.8,371.7,372.7,151400000
1986-03-21,373.1,373.6,372.2,372.6,132900000
1986-03-24,372.3,372.6,370.2,370.7,109600000
1986-03-25,369.8,370.8,368.9,369.3,110000000
1986-03-26,369.7,370.6,369.2,370.6,127100000
1986-03-27,372.3,373.5,370.6,373.3,136400000
1986-03-31,373.9,374.7,373.2,374.7,109800000
1986-04-01,375.8,375.8,373.9,374.2,125300000
1986-04-02,372.4,374.2,372.1,374.1,119900000
1986-04-03,375.1,376.1,374.1,374.5,119000000
1986-04-04,373.8,374.6,372.1,372.2,111700000
1986-04-07,370,372.3,368,369.1,107400000
1986-04-08,370.8,373.1,369.1,373.1,117900000
1986-04-09,374.6,375.2,373.1,374.2,131000000
1986-04-10,374.7,377.2,374.2,377.2,128500000
1986-04-11,379.2,379.3,377.2,378.9,129700000
1986-04-14,379.4,380.8,378.9,380.8,118100000
1986-04-15,381.1,381.7,380.3,381.7,125100000
1986-04-16,384.6,387.7,381.8,387.6,148900000
1986-04-17,388.8,390.1,387.7,390,156000000
1986-04-18,390.1,390.8,390,390.1,144700000
1986-04-21,390.4,391.3,390,391,129100000
1986-04-22,392.2,392.4,390.2,390.5,145400000
1986-04-23,389.4,390.5,388.3,389.1,125000000
1986-04-24,390,391.6,389.1,391.5,143100000
1986-04-25,392.3,392.5,391.5,392.3,133300000
1986-04-28,392.5,393,390.7,391.4,110200000
1986-04-29,391.5,392,388.8,389.2,124300000
1986-04-30,387.3,389.3,383.1,383.2,121000000
1986-05-01,383.2,383.2,381.5,381.7,114300000
1986-05-02,383,383.8,381.7,383.2,102600000
1986-05-05,384.3,386.1,383.2,386,99190000
1986-05-06,386.8,387.2,386,386.3,108500000
1986-05-07,385.8,386.3,384,385.3,116000000
1986-05-08,386.5,387.5,385.4,387.4,110500000
1986-05-09,387.3,389.1,386.8,389.1,115900000
1986-05-12,388.7,389.2,387.8,388.1,101500000
1986-05-13,387.3,388.2,386,386.7,107600000
1986-05-14,387.5,387.7,386,387.3,111900000
1986-05-15,387.5,387.6,385.4,385.6,108000000
1986-05-16,384.7,386.1,384.2,384.7,103800000
1986-05-19,384.2,385,383.6,383.7,92730000
1986-05-20,383.5,385.3,383.2,385.3,116600000
1986-05-21,386.6,386.7,385.2,386.1,137500000
1986-05-22,386.8,389.7,386,389.6,143900000
1986-05-23,390.9,392,389.6,391.9,115100000
1986-05-27,393.3,394.9,391.9,394.9,111800000
1986-05-28,396.6,397.2,395,397.2,131500000
1986-05-29,396.9,398.1,396.4,398,130400000
1986-05-30,398.8,400.4,398,400.2,133000000
1986-06-02,400.7,401.3,399.3,399.4,110600000
1986-06-03,398.6,399.5,398.3,399.5,120300000
1986-06-04,400,400.8,398.5,399.1,122700000
1986-06-05,399.4,400,399.1,400,125600000
1986-06-06,400.6,400.8,400,400.3,120600000
1986-06-09,398.8,400.4,394.6,394.7,115000000
1986-06-10,392.9,394.8,391.8,392.8,119800000
1986-06-11,393.7,395.5,392.8,395.4,124900000
1986-06-12,396.2,396.9,395.5,396.5,130100000
1986-06-13,398.2,399.7,396.6,399.6,139300000
1986-06-16,399.6,400.5,398.2,398.5,118400000
1986-06-17,398.9,399.4,396.2,396.3,119100000
1986-06-18,394.8,396.4,393.9,395.2,125400000
1986-06-19,395.9,397,395.2,396.4,111300000
1986-06-20,396,396.9,395.9,396.9,127600000
1986-06-23,396.9,397.5,396.5,396.8,113500000
1986-06-24,397.7,399,396.8,398.9,112900000
1986-06-25,401.5,402.6,399.6,402.2,124200000
1986-06-26,402.2,402.9,402,402.9,138300000
1986-06-27,403.1,403.6,402.9,403.6,128500000
1986-06-30,404.2,405.5,403.5,405.5,121300000
1986-07-01,407,407.8,405.5,407.6,132800000
1986-07-02,408.3,409.6,407.6,409.5,136300000
1986-07-03,410,411.2,409.5,411.2,104000000
1986-07-07,409,411.3,400.9,401,112100000
1986-07-08,394.2,400.9,389.8,390.7,137200000
1986-07-09,391.4,393.5,390.6,393.4,120200000
1986-07-10,393.2,394.7,390.9,392,107300000
1986-07-11,392.4,392.9,391.3,391.6,104600000
1986-07-14,388.1,391.6,384.6,384.8,108600000
1986-07-15,382.9,384.8,378.2,378.7,132700000
1986-07-16,380,380.8,378.7,379.7,115800000
1986-07-17,380.9,381.7,379.7,381.6,112200000
1986-07-18,380.4,381.8,379.6,381.1,110900000
1986-07-21,380,381.2,379.3,379.5,81760000
1986-07-22,379.5,380.4,379.1,379.9,95850000
1986-07-23,379.7,380.5,379.7,379.9,101600000
1986-07-24,380.1,380.7,378.7,378.7,113500000
1986-07-25,379.1,379.9,378.7,379.8,95040000
1986-07-28,379.8,380.1,374.6,374.8,89130000
1986-07-29,372.9,374.8,371.9,372,97720000
1986-07-30,370.7,372.1,369.1,370.8,103100000
1986-07-31,371.5,371.6,370.8,371.4,98640000
1986-08-01,372.5,372.7,370.6,370.7,99370000
1986-08-04,367.9,370.6,365.7,366.7,81420000
1986-08-05,366.9,367.6,366.6,366.8,101900000
1986-08-06,365.9,367,364.4,364.7,93740000
1986-08-07,364.9,365.6,364.4,365.1,101600000
1986-08-08,365.9,366.4,365.1,365.8,100100000
1986-08-11,367.7,370,365.9,369.9,94150000
1986-08-12,371.5,373.4,369.9,373.3,110600000
1986-08-13,374.6,377.1,373.3,376.9,121300000
1986-08-14,377.9,379.5,377.9,379.5,110800000
1986-08-15,379.4,380.3,379.4,380.2,98770000
1986-08-18,379.1,380.5,378.7,379.3,85400000
1986-08-19,378.7,379.4,378.3,378.8,111400000
1986-08-20,379.2,381,378.8,380.9,113900000
1986-08-21,381.6,382.3,380.8,381.2,111900000
1986-08-22,381,381.7,380.6,381.5,101300000
1986-08-25,379.8,381.6,379.2,379.3,74800000
1986-08-26,380.1,380.5,379.1,380.5,98840000
1986-08-27,381.6,381.7,380.5,381.7,103000000
1986-08-28,381.7,382.5,381.3,382.4,105000000
1986-08-29,383,383.2,382.3,382.9,82250000
1986-09-02,382.8,384,380,380.1,97580000
1986-09-03,379,380.2,378.2,378.9,97000000
1986-09-04,379.2,381.2,378.9,381,102500000
1986-09-05,380.6,381.5,378.2,378.4,111400000
1986-09-08,374.8,378.4,371.7,372,97240000
1986-09-09,372.1,372.7,369.3,369.6,120100000
1986-09-10,368.1,369.6,366.6,366.8,115600000
1986-09-11,362.8,366.8,353.3,353.3,138100000
1986-09-12,346.5,353.2,346.3,346.8,139800000
1986-09-15,347.4,347.7,345.2,345.9,102900000
1986-09-16,342.7,345.9,342.3,343.7,104900000
1986-09-17,345.4,347.4,343.7,346.9,105200000
1986-09-18,348.1,349.3,346.9,348.6,99960000
1986-09-19,348.3,349.5,347.8,349.4,104000000
1986-09-22,350.4,352.6,349.4,352.6,89030000
1986-09-23,353.6,353.8,352.5,353.4,109500000
1986-09-24,354.4,354.7,353.4,354.5,98110000
1986-09-25,354.5,354.8,350.3,351.5,102500000
1986-09-26,351,351.9,350.2,351.6,84590000
1986-09-29,348.9,351.6,347.1,347.8,82370000
1986-09-30,349.1,350.7,347.8,350.7,100800000
1986-10-01,352.5,352.9,351.2,352.3,102000000
1986-10-02,352.2,352.7,351.6,352.6,91590000
1986-10-03,353.5,354,352.2,352.8,98250000
1986-10-06,353,353.2,352.6,353.2,75450000
1986-10-07,352.4,353.7,352.1,352.4,86080000
1986-10-08,351.9,352.9,351.4,352.9,90040000
1986-10-09,353.6,353.9,352.8,353.1,93880000
1986-10-10,353.1,353.7,352.6,353.5,83590000
1986-10-13,353.4,354.1,353.1,354.1,45530000
1986-10-14,354.2,354.6,353.5,353.8,92240000
1986-10-15,354.5,355.7,353.7,355.7,103000000
1986-10-16,356.3,356.7,355.6,356.4,63830000
1986-10-17,355.7,356.6,355.3,355.7,91980000
1986-10-20,354.1,355.8,353.1,353.5,78460000
1986-10-21,353,353.8,352.4,353.1,88550000
1986-10-22,353.6,354,353.1,353.9,98110000
1986-10-23,354.8,356.2,353.9,356.2,123200000
1986-10-24,356.6,356.9,356.2,356.7,114500000
1986-10-27,356.1,356.9,355.7,356.6,93910000
1986-10-28,357.1,357.8,356.5,357.2,102400000
1986-10-29,357.3,358.5,356.9,358.5,106100000
1986-10-30,360.8,361.2,358.5,361.1,123500000
1986-10-31,361.4,361.6,360,360.8,106700000
1986-11-03,361,361.1,360.6,361.1,111200000
1986-11-04,361.2,362,360.6,361.9,140300000
1986-11-05,362.1,362.5,362.1,362.1,167200000
1986-11-06,362,362.3,360.6,361.2,112300000
1986-11-07,361,361.2,360.2,361,99320000
1986-11-10,359.6,361.1,359.3,360,100800000
1986-11-11,360.8,361.4,360,361.3,97330000
1986-11-12,361.4,362,360.7,361.2,108000000
1986-11-13,360.6,361.2,358,358,115300000
1986-11-14,358.1,358.6,357.5,358.5,102200000
1986-11-17,357.3,358.7,356.9,357.1,91310000
1986-11-18,356.8,357.3,352.5,352.6,118400000
1986-11-19,350.6,352.6,349.1,349.8,111200000
1986-11-20,351,352.2,349.8,352.2,114500000
1986-11-21,353.2,354.7,352.2,354.7,106800000
1986-11-24,355.9,356.6,354.6,356.1,96860000
1986-11-25,356.2,357,356,357,113800000
1986-11-26,357.4,358.2,356.9,358.2,106000000
1986-11-28,358.6,359.6,358.1,359.6,61950000
1986-12-01,357.4,359.6,356.8,357.9,97830000
1986-12-02,359.3,360.7,357.9,360.7,130900000
1986-12-03,361.8,363.4,360.7,363,134400000
1986-12-04,364,364.5,363.1,364.1,128000000
1986-12-05,364.5,364.7,362.6,363,133300000
1986-12-08,362,363,360.2,361,110600000
1986-12-09,360.1,361.1,358.9,359,116300000
1986-12-10,358.4,359.1,358.2,359.1,115200000
1986-12-11,358.9,359.4,357.1,357.7,123800000
1986-12-12,356.7,357.7,355.6,355.9,108400000
1986-12-15,353.6,355.9,352.5,353,115300000
1986-12-16,353.5,354.1,352.8,353.8,142300000
1986-12-17,353.6,353.9,352,352.3,127400000
1986-12-18,351.9,352.2,351.1,351.4,133000000
1986-12-19,351.6,352.2,351,352.2,129000000
1986-12-22,351.3,352.2,350.4,351.3,119800000
1986-12-23,350.6,351.6,348.3,348.8,148100000
1986-12-24,349,349.6,349,349.6,82120000
1986-12-26,349.7,350,349.5,349.9,44040000
1986-12-29,349.1,350.1,347.8,348,102000000
1986-12-30,347.4,348.1,347,347.3,126400000
1986-12-31,347.9,348.9,347.2,348.8,140700000
1987-01-02,351.3,353.2,348.8,353.2,63220000
1987-01-05,356.2,361.3,353.3,361.2,110600000
1987-01-06,364.2,366,361.2,366,137900000
1987-01-07,368.2,372.5,360,372.4,154500000
1987-01-08,375.3,377.6,372.5,377.5,157900000
1987-01-09,377.8,380.8,377.5,380.7,143800000
1987-01-12,382,385.5,380.7,385.5,152900000
1987-01-13,385.5,386.6,384.9,386.4,143400000
1987-01-14,387.3,390,386.4,390,172400000
1987-01-15,392,393.6,389.9,392.6,189500000
1987-01-16,389.9,392.7,389,389.9,156200000
1987-01-19,388.6,392.6,388.4,392.6,134000000
1987-01-20,393.5,394.6,391.7,392.1,182800000
1987-01-21,389.9,392,389.2,389.6,156500000
1987-01-22,389,393.2,388.6,393.2,162600000
1987-01-23,394.8,396.2,392,392.2,261900000
1987-01-26,388.7,392.2,387.6,388,115700000
1987-01-27,389.7,391.1,387.9,390.8,130900000
1987-01-28,390.8,392.1,390.7,392,152900000
1987-01-29,393,393.3,390.5,391,150700000
1987-01-30,390.1,392.1,389.8,392.1,154300000
1987-02-02,393.8,397.2,392,397.2,149100000
1987-02-03,398.6,399.4,397.2,399.4,172100000
1987-02-04,399.9,403.2,399.3,403.1,178100000
1987-02-05,405.3,406.3,403.1,405.6,186400000
1987-02-06,406.6,407.3,405.7,406.9,167300000
1987-02-09,406.4,407,405.3,405.8,139100000
1987-02-10,404.8,406,402.6,403.5,143200000
1987-02-11,404.6,408.3,403.5,408.3,149500000
1987-02-12,409.6,410.2,408.3,409.2,168000000
1987-02-13,409.2,412.6,408.9,412.5,154500000
1987-02-17,414.8,418.2,412.5,418.2,172000000
1987-02-18,418.8,418.8,416.3,417.1,195400000
1987-02-19,417.3,417.4,415.7,417,163200000
1987-02-20,416.4,417.3,416.1,417.2,155700000
1987-02-23,414.2,417.3,413.1,415.2,140100000
1987-02-24,415,417.6,414.9,417.4,133200000
1987-02-25,419.4,421.1,417.4,421,158000000
1987-02-26,421.4,423.3,420.6,422.9,155400000
1987-02-27,423.9,425,422.8,425,149400000
1987-03-02,425,426.4,423.8,423.9,134600000
1987-03-03,423.4,424,422.9,423.6,139900000
1987-03-04,425.4,426.8,423.5,426.7,155700000
1987-03-05,429,429.8,426.8,429,170400000
1987-03-06,428.3,429.6,428.2,429.5,148600000
1987-03-09,426.8,429.5,425.9,426.8,118900000
1987-03-10,427.9,429.4,426.5,429.4,141300000
1987-03-11,431.4,431.9,429.5,431.4,155800000
1987-03-12,431.3,432.6,431,432.5,156400000
1987-03-13,432.5,433.5,431.7,432,158300000
1987-03-16,430.3,432.1,430.1,430.9,131300000
1987-03-17,432.4,434.8,430.9,434.8,153900000
1987-03-18,436.3,437.3,434.5,434.9,160900000
1987-03-19,435.3,437.1,435.1,437,151000000
1987-03-20,439.1,439.9,437,439.6,172900000
1987-03-23,439.6,440,438,438,146300000
1987-03-24,437.1,438.3,436.4,438.1,165100000
1987-03-25,436.5,438.2,436.4,437.5,153000000
1987-03-26,438.2,439.3,437.5,438.7,156100000
1987-03-27,439.4,439.7,436.6,436.6,152400000
1987-03-30,427.9,436.8,426.9,427.1,141700000
1987-03-31,427.8,430.1,427.1,430.1,140500000
1987-04-01,426.3,429.9,424.6,428.3,143300000
1987-04-02,431.1,432.1,430.4,432.1,150200000
1987-04-03,433.3,437.4,432.1,437.4,170500000
1987-04-06,438.1,439.2,436.8,437.6,150700000
1987-04-07,437.5,437.9,434,434,169100000
1987-04-08,434.6,435.4,433.9,434.9,153700000
1987-04-09,433.9,435.3,431.1,432,158800000
1987-04-10,431.1,432.1,430.3,430.9,148300000
1987-04-13,427.8,430.9,423.7,423.7,134900000
1987-04-14,417.1,423.6,412.5,413.2,165400000
1987-04-15,415.6,416.5,413.2,416,145900000
1987-04-16,418.7,420.2,416.3,419.5,139000000
1987-04-20,418.8,420.3,417.6,417.7,110300000
1987-04-21,414.5,418.6,414.2,418.6,130900000
1987-04-22,419.9,420.1,418,418.2,133300000
1987-04-23,417.7,418.5,416.2,417.4,138100000
1987-04-24,415.9,417.4,412.4,412.6,130700000
1987-04-27,407.9,412.7,407.4,409.7,137700000
1987-04-28,412.2,412.5,409.7,411.9,130200000
1987-04-29,414.1,414.8,412,414.2,141000000
1987-04-30,415.6,417.9,414.2,417.8,145000000
1987-05-01,418.6,418.9,417.4,418.4,184300000
1987-05-04,418.6,418.8,417.2,418.5,122200000
1987-05-05,420.5,422.5,418.5,422.4,145300000
1987-05-06,422.7,423.4,421.7,422.4,174000000
1987-05-07,422.8,423.1,422.3,422.6,151800000
1987-05-08,423.3,423.5,422.5,423.2,136900000
1987-05-11,424.6,424.8,422.2,422.2,136700000
1987-05-12,420.5,420.6,419.7,420.5,141300000
1987-05-13,421.4,422,420.5,421.9,136100000
1987-05-14,422.2,423,421.9,422.7,138500000
1987-05-15,421.7,422.7,418.8,418.9,145700000
1987-05-18,415.2,415.2,412,413.5,129400000
1987-05-19,413.7,414.2,407.7,408.2,147100000
1987-05-20,404.7,407.2,404.5,406.6,145600000
1987-05-21,408.3,408.9,406.6,408.5,137100000
1987-05-22,408.4,409.1,407.1,407.4,112700000
1987-05-26,409.3,411.5,407.4,411.4,112800000
1987-05-27,411.9,412.9,411.4,412.6,121500000
1987-05-28,413.4,414.4,412.6,414.4,130900000
1987-05-29,416.6,416.8,414.4,416.5,133800000
1987-06-01,415.5,416.5,414.7,415,133100000
1987-06-02,414.3,415.1,413.5,413.6,130200000
1987-06-03,415.3,416.1,415.3,415.9,141000000
1987-06-04,415.9,417.5,415.8,417.4,152000000
1987-06-05,417.5,418.3,417.2,417.8,176200000
1987-06-08,417.8,419.4,417.3,419.4,117000000
1987-06-09,420.9,421.7,420.4,421.7,139300000
1987-06-10,423.2,424.3,422.6,422.8,172700000
1987-06-11,423.4,423.8,422.4,423.4,152600000
1987-06-12,425,425.7,424.4,425.4,161200000
1987-06-15,426.5,426.7,424.8,425.4,155500000
1987-06-16,425.2,427.6,424.9,427.5,170600000
1987-06-17,427.9,428.8,427.5,428.4,171000000
1987-06-18,428.1,429,427.4,429,158500000
1987-06-19,429.3,429.6,428.5,429.1,153600000
1987-06-22,429.4,429.9,428.9,429.3,132700000
1987-06-23,429.3,429.9,427.5,428,154300000
1987-06-24,428.4,428.5,426.9,427.3,140300000
1987-06-25,427.9,428.2,427,427.2,149800000
1987-06-26,426.5,427.2,425.5,426.7,145700000
1987-06-29,426.6,427.1,426.2,426.5,123200000
1987-06-30,426.1,426.8,423.9,424.7,144400000
1987-07-01,424.5,425,424.2,424.5,213800000
1987-07-02,425.4,426.2,425.1,425.9,186000000
1987-07-06,425.9,426.9,424.9,425.1,139400000
1987-07-07,425.4,425.8,424.2,424.6,195500000
1987-07-08,424.1,425.2,423.7,424.9,194900000
1987-07-09,425.8,426.5,425,425.6,153100000
1987-07-10,425.3,426.1,425,426,131900000
1987-07-13,425.5,426.8,425.1,426.5,127300000
1987-07-14,428.3,431.1,427.5,431.1,160200000
1987-07-15,430.9,432.1,430,431.2,153900000
1987-07-16,431.8,433.3,431.2,433.2,158600000
1987-07-17,434.1,434.5,433.2,434.1,152900000
1987-07-20,432.8,433.1,431.4,431.6,130300000
1987-07-21,431.4,431.8,429.2,429.4,156200000
1987-07-22,429.2,429.9,428.5,429.3,154100000
1987-07-23,428.7,429.5,426.9,427.6,153400000
1987-07-24,428.6,429.2,427.6,429.1,147300000
1987-07-27,428.6,429.3,428.4,428.9,112000000
1987-07-28,429.9,430,428.9,430,125900000
1987-07-29,430.3,431.2,430,431.2,136000000
1987-07-30,432.6,433.7,431.2,433.6,154200000
1987-07-31,434,434.9,433.5,434.9,142600000
1987-08-03,433.3,435,433,433.1,133500000
1987-08-04,432.4,433.3,431.2,432.8,140400000
1987-08-05,434.5,436.3,432.7,436.3,151800000
1987-08-06,437.1,440.8,436.8,440.8,149700000
1987-08-07,442.8,444.4,442.8,443.6,165300000
1987-08-10,443.8,446.3,443.5,446.3,130800000
1987-08-11,448.1,449.4,447.8,449.4,185400000
1987-08-12,448.8,450.3,448.6,449.2,172100000
1987-08-13,450.7,451.8,450,451.6,160200000
1987-08-14,450.4,451.6,450,451.6,147700000
1987-08-17,451.4,452.1,450.8,451.7,126300000
1987-08-18,449.9,450,446.1,446.8,147500000
1987-08-19,446.6,448,446.1,448,134100000
1987-08-20,449.8,452.8,448.8,452.8,158200000
1987-08-21,454.2,455.2,453.7,455.2,166200000
1987-08-24,453.8,454.2,453.4,453.8,144400000
1987-08-25,454.5,455.6,453.8,455.1,144600000
1987-08-26,455.1,455.8,454.8,455.3,151300000
1987-08-27,455.8,455.8,454.3,455.8,139700000
1987-08-28,453.8,455,453,453.3,153900000
1987-08-31,452.8,455,452.2,455,132900000
1987-09-01,455.5,456.3,452.5,452.5,173800000
1987-09-02,450.2,452.5,448.1,448.9,145500000
1987-09-03,450.4,450.8,447.2,448.4,147100000
1987-09-04,447.4,449,446.3,446.5,131600000
1987-09-08,442.5,443,436,437.6,145500000
1987-09-09,438.9,439.3,437.6,439.2,134300000
1987-09-10,442,443.5,442,443.5,158300000
1987-09-11,443.9,446.2,443.5,446.2,158200000
1987-09-14,445.7,445.8,444.9,445.5,130300000
1987-09-15,443.3,443.6,441.7,441.9,135500000
1987-09-16,441.6,442.6,440.8,440.9,141800000
1987-09-17,440.5,441.5,439.8,440.8,154600000
1987-09-18,440.8,441.9,440.6,440.9,151400000
1987-09-21,441.5,441.7,436,436,153900000
1987-09-22,435,437.9,434.9,437.9,157200000
1987-09-23,439.6,440.7,439.6,440.7,168300000
1987-09-24,441.9,442.4,440.9,441.2,121200000
1987-09-25,440.9,441.9,440.7,441.9,129800000
1987-09-28,443.4,444,441.9,442.3,137000000
1987-09-29,442.4,443.1,441.4,442.2,155100000
1987-09-30,441.5,444.3,441.5,444.3,162500000
1987-10-01,446.2,448.5,445.3,448.5,164800000
1987-10-02,449.7,451.6,448.5,451.6,163300000
1987-10-05,452.5,453.7,451.6,453.6,145700000
1987-10-06,451.8,451.9,447.5,447.5,158500000
1987-10-07,444.9,445.5,443.2,444.6,152000000
1987-10-08,444.5,445.5,439,440,157800000
1987-10-09,440.7,441,438.2,438.4,145300000
1987-10-12,434.4,434.4,431.4,433,117800000
1987-10-13,434.3,435.4,432.5,434.8,131800000
1987-10-14,432.4,432.8,427.6,428.3,145600000
1987-10-15,424.4,426.3,422.4,422.5,159800000
1987-10-16,418.4,418.6,406.2,406.3,195900000
1987-10-19,394.5,404.8,360.2,360.2,222900000
1987-10-20,351.4,351.4,326.6,327.8,284100000
1987-10-21,343.7,352.3,343.7,351.9,288100000
1987-10-22,339.9,341.8,335.7,336.1,249800000
1987-10-23,330.2,331.1,328,328.5,177000000
1987-10-26,312.8,312.8,298.9,298.9,190500000
1987-10-27,304.4,306.9,296.1,296.3,207300000
1987-10-28,289.5,293.3,288.5,291.9,202200000
1987-10-29,297.1,307.2,296.9,307.1,205900000
1987-10-30,320.4,323.4,306.2,323.3,208100000
1987-11-02,325.4,328.5,324.2,328.3,138000000
1987-11-03,324.2,324.3,317.6,320.7,139200000
1987-11-04,317.9,321.1,316.1,320.1,123600000
1987-11-05,322.8,326.4,322.1,326.2,141000000
1987-11-06,327.4,328.8,326.2,326.4,141540000
1987-11-09,321.1,321.4,319.1,320.4,115500000
1987-11-10,314.9,316,314.6,315.2,139550000
1987-11-11,319.1,319.5,317.2,317.8,120700000
1987-11-12,323.4,324.8,322.8,324,150770000
1987-11-13,323.2,324.1,322.6,323,120190000
1987-11-16,325.2,325.7,321.7,322.4,111780000
1987-11-17,318.5,320,315.9,316.8,126830000
1987-11-18,317.4,318.8,315.8,318.2,126150000
1987-11-19,318.1,318.5,313.9,313.9,127980000
1987-11-20,311.1,313.9,309.7,312.5,126090000
1987-11-23,312.2,313.1,311.8,313.1,94070000
1987-11-24,315.6,317.5,315.1,316.7,128920000
1987-11-25,317.3,317.8,316.3,317.8,113250000
1987-11-27,317.2,317.8,316.3,316.5,64780000
1987-11-30,307.3,307.3,301.6,305.2,147450000
1987-12-01,306.4,307.3,304.6,305.2,111850000
1987-12-02,304.5,305.6,304.2,305.2,109080000
1987-12-03,303.4,303.9,298.6,298.8,129430000
1987-12-04,295.8,295.8,291.9,292.9,136530000
1987-12-07,293.7,294.9,292.9,294.8,118330000
1987-12-08,295.3,298,294.8,298,137730000
1987-12-09,299.4,302,298,302,82530000
1987-12-10,298.6,302.7,298.5,300.8,150020000
1987-12-11,301.3,302.6,300.7,302.6,118030000
1987-12-14,305.5,309.5,304.6,309.4,144970000
1987-12-15,312.2,312.7,309.3,312.7,153250000
1987-12-16,312,319.4,311.9,319.3,149250000
1987-12-17,320.8,321.5,319.2,319.5,166810000
1987-12-18,321.8,327,320,326.9,149040000
1987-12-21,327.9,328.7,326.8,328.7,142830000
1987-12-22,326.3,327.7,325.4,327.3,149020000
1987-12-23,329.1,331.6,328.3,331.5,164080000
1987-12-24,332.2,333.2,331.3,333.2,82010000
1987-12-28,326.5,326.5,324.5,325.6,115520000
1987-12-29,325.1,325.7,324.1,325.5,120080000
1987-12-30,328.4,329.8,328.4,329.7,152920000
1987-12-31,327.7,330.5,327.2,330.5,160400000
1988-01-04,335.1,338.6,334.5,338.5,110820000
1988-01-05,344.2,345.8,343.5,344.1,149490000
1988-01-06,345,346.8,344.1,346.7,135580000
1988-01-07,345.8,349.7,344.8,349.7,137040000
1988-01-08,347.6,348.3,338.4,338.5,144060000
1988-01-11,333.2,336.3,332.5,336.2,128750000
1988-01-12,332.7,333,329,332,120350000
1988-01-13,330.3,333.4,329.8,332.7,115670000
1988-01-14,334.5,334.9,333.7,334.2,101510000
1988-01-15,340.6,341.5,340,340.1,134160000
1988-01-18,340.4,340.6,339.5,340.5,90990000
1988-01-19,339.6,341.1,338.9,340.4,107300000
1988-01-20,338.1,340,333.1,333.7,133500000
1988-01-21,332.5,334.8,332.1,334.3,124560000
1988-01-22,336.5,337.6,335.3,337.6,149160000
1988-01-25,338.5,340.8,337.6,340.5,106860000
1988-01-26,339.7,340.6,339.1,339.2,102910000
1988-01-27,340.6,340.8,339.3,339.8,113440000
1988-01-28,341.4,342.5,339.8,342.4,123670000
1988-01-29,343.8,344.7,342.4,344.7,135420000
1988-02-01,346.2,347.6,345.7,346.2,117620000
1988-02-02,345.5,347.2,345.1,347.2,113510000
1988-02-03,347.5,348,343.7,343.7,130350000
1988-02-04,344.6,345.2,343.5,344.7,121510000
1988-02-05,346.6,346.7,344.7,345.8,121130000
1988-02-08,343.7,345.8,343.5,344.5,120070000
1988-02-09,344.4,345.1,343.8,345,107210000
1988-02-10,346.5,349.5,345,349.3,128850000
1988-02-11,349.9,351.6,349.3,351,138900000
1988-02-12,352.3,353.3,352.3,353.3,112800000
1988-02-16,352.8,354.8,352.6,354.7,105060000
1988-02-17,356.5,356.8,354.7,355.3,132370000
1988-02-18,354.9,356.3,354.8,355.6,132410000
1988-02-19,355.7,357.2,355.4,357.1,128710000
1988-02-22,357.4,360.1,357.1,360,129210000
1988-02-23,360.8,361.1,359.8,361.1,129250000
1988-02-24,361.5,363.4,360.9,363.1,132960000
1988-02-25,364.8,366.5,363,363.6,154010000
1988-02-26,362.7,363.7,362.4,363.4,112060000
1988-02-29,363.7,367,363.4,367,124880000
1988-03-01,367.4,368,366.7,367.3,136830000
1988-03-02,369.5,370.6,369.2,370.4,146080000
1988-03-03,371.4,372.7,370.3,372,144210000
1988-03-04,371.9,373.4,370.4,373.4,141220000
1988-03-07,373.7,374.6,372.9,374.5,121980000
1988-03-08,375.7,377.6,374.5,376.9,159150000
1988-03-09,379.7,380.7,378.9,380.3,158670000
1988-03-10,381.7,382,376.7,376.8,160230000
1988-03-11,375.5,377,373.2,375.5,126600000
1988-03-14,376.4,376.7,375.5,376.7,108110000
1988-03-15,376.9,377.1,375.6,376.6,130430000
1988-03-16,377,378.6,376.2,378.5,141860000
1988-03-17,380.4,380.9,378.6,380.7,161050000
1988-03-18,381.7,382.6,380.7,381.6,189120000
1988-03-21,378.6,379.6,377.7,378.6,121870000
1988-03-22,379.1,379.9,378.6,379.8,121650000
1988-03-23,380.1,380.4,379,380.1,147140000
1988-03-24,377.6,379.1,374.6,375.6,148910000
1988-03-25,375.9,376,372.2,372.5,116480000
1988-03-28,369,370.5,368.7,370.4,109040000
1988-03-29,372,373.4,371.4,373,118230000
1988-03-30,373.7,374.3,371.8,371.8,121490000
1988-03-31,371.4,374.6,370.6,374.6,124530000
1988-04-04,373.7,374.6,371.5,371.9,95130000
1988-04-05,373,373.4,371.6,373.4,118620000
1988-04-06,373.8,377.7,373.3,377.7,137610000
1988-04-07,378.4,379.8,377.7,378.9,133520000
1988-04-08,379.8,381.9,378.9,381.8,134450000
1988-04-11,381.9,383.2,381.6,382.5,122850000
1988-04-12,382.6,383.5,382.3,383.4,123380000
1988-04-13,382.9,384.3,382,383.4,130220000
1988-04-14,378.8,380,374.5,374.5,142050000
1988-04-15,371.4,374.5,369.8,373.9,130170000
1988-04-18,372.5,375.1,372.3,375.1,102010000
1988-04-19,377,379.1,376.1,376.9,128540000
1988-04-20,374.7,375.9,373.9,374.2,133540000
1988-04-21,375.1,375.8,372.8,373.2,142430000
1988-04-22,373.1,374.1,373,374,124360000
1988-04-25,374.4,375.6,374.1,375.3,105110000
1988-04-26,377,378,376.3,377.8,125730000
1988-04-27,378.7,378.9,377.8,378.7,122370000
1988-04-28,378.7,379.2,377.9,378.8,128810000
1988-04-29,377.7,379.2,377,379.2,121340000
1988-05-02,379,379.8,378.7,379.7,97810000
1988-05-03,380.7,382.7,379.7,382.2,131060000
1988-05-04,382.2,383.1,381.5,381.6,134210000
1988-05-05,379.9,380.5,379.2,379.5,121240000
1988-05-06,380.2,380.6,379.2,379.4,122740000
1988-05-09,377.7,378.4,375.7,376.3,100930000
1988-05-10,375.4,376.5,374.3,375.4,115330000
1988-05-11,369.8,369.9,368.4,369.2,118750000
1988-05-12,369.8,370.3,369.2,370.2,102730000
1988-05-13,372.2,372.5,371.2,372.5,104090000
1988-05-16,372.7,373.4,372,373.4,98240000
1988-05-17,374.2,376.2,372.3,372.3,124540000
1988-05-18,371.4,372.3,366.4,367,141870000
1988-05-19,363.2,367,362.8,366.3,144790000
1988-05-20,365.9,367.3,365.7,366,173610000
1988-05-23,364.2,366,362.4,363.3,120640000
1988-05-24,363.8,365.2,363.3,365.2,109730000
1988-05-25,366.1,366.4,365.1,365.7,116050000
1988-05-26,366.2,367.3,365.5,367.3,94670000
1988-05-27,366.5,367.3,366.2,366.7,87910000
1988-05-31,367.7,370.4,366.5,370.3,106400000
1988-06-01,372.7,375,372.7,374.8,136780000
1988-06-02,374.7,375.7,373.9,374.7,125750000
1988-06-03,375.2,377.1,374.7,376.9,119370000
1988-06-06,378,379.4,376.8,379.3,109970000
1988-06-07,379.8,380.4,378.8,379.3,140750000
1988-06-08,380.4,383.4,379.3,383.4,155800000
1988-06-09,383.9,384.7,382.9,384.6,143300000
1988-06-10,384.8,386.8,384.4,386.3,145320000
1988-06-13,385.8,386.9,385.6,386.8,128470000
1988-06-14,389.4,389.7,387.8,388.5,174860000
1988-06-15,387.6,389.1,387.6,389.1,160720000
1988-06-16,387.7,389.1,386.5,387.1,146080000
1988-06-17,387.8,387.9,386.5,386.9,146400000
1988-06-20,385.4,386.7,385,386,109700000
1988-06-21,386.5,387.8,385.9,387.8,154460000
1988-06-22,390,390.6,387.8,390.5,173950000
1988-06-23,390.4,391.1,390.3,391,164030000
1988-06-24,390.7,391.8,390.6,391.6,138470000
1988-06-27,390.3,391.6,388.9,389,102790000
1988-06-28,389.7,391.7,388.5,391.7,131230000
1988-06-29,392.8,392.9,390.8,391.7,147850000
1988-06-30,391.8,394.8,391.6,394.7,139990000
1988-07-01,394.2,395.1,394,394.7,117380000
1988-07-05,394.4,396.1,393.7,396.1,109020000
1988-07-06,396.9,397.5,395.1,395.5,147640000
1988-07-07,394.9,395.6,393.7,395.4,140790000
1988-07-08,394.8,395.4,393.9,394.3,126640000
1988-07-11,394.3,394.8,393.9,394.2,106610000
1988-07-12,394.1,394.7,392,393.5,132950000
1988-07-13,393.6,394.2,392.4,393.6,132720000
1988-07-14,393.8,394.7,393.3,394.7,138290000
1988-07-15,394,395,393.8,395,136380000
1988-07-18,395,395.2,393.5,394.8,122670000
1988-07-19,393.3,394.8,390.7,391.3,149980000
1988-07-20,391,392,390.7,391.6,141370000
1988-07-21,389.5,391.6,388.7,388.9,132760000
1988-07-22,387.8,388.9,386.2,387.4,203220000
1988-07-25,387,387.4,386.3,387.1,96960000
1988-07-26,386.3,387.1,385.5,385.8,111190000
1988-07-27,385.6,386.3,383.1,383.3,125970000
1988-07-28,382.4,384.1,382.1,384.1,116260000
1988-07-29,385.3,387.3,384.1,387.3,120830000
1988-08-01,387.6,388.5,387.3,388,105970000
1988-08-02,387.8,388.8,386.8,387.8,124470000
1988-08-03,387.6,388.5,387.2,388.5,123640000
1988-08-04,388.8,389.5,388.4,388.9,114650000
1988-08-05,388.2,388.9,387.4,387.7,106260000
1988-08-08,387.9,388.5,387.6,387.7,102460000
1988-08-09,385.2,387.9,383.3,384.2,127820000
1988-08-10,382.3,384.3,378.5,378.5,136660000
1988-08-11,378.8,379.5,378.1,379.1,132890000
1988-08-12,378.5,379.2,378.3,379,109200000
1988-08-15,377.4,379,373.9,374.1,112600000
1988-08-16,373.5,376.2,372.2,375.7,128920000
1988-08-17,377,377.1,375.1,376.2,123850000
1988-08-18,376.5,377.8,376.2,377.2,115770000
1988-08-19,377.7,378.1,376.8,377.4,118380000
1988-08-22,376,377.5,373.5,373.7,97680000
1988-08-23,373.3,373.9,372.6,373.5,110110000
1988-08-24,374.5,376.2,373.2,376,110070000
1988-08-25,374.1,374.1,374,374,102790000
1988-08-26,374.3,374.6,373.9,374.4,91610000
1988-08-29,375.5,376.4,374.4,376.2,83490000
1988-08-30,375.8,376.6,375.7,376.5,94550000
1988-08-31,376.6,377.5,375.1,376.6,117140000
1988-09-01,374.2,376.6,372.2,373,106380000
1988-09-02,374.7,376.7,373,376.5,96340000
1988-09-06,377,377.6,376.3,377.3,86990000
1988-09-07,378,378.3,376.9,378,117820000
1988-09-08,377.7,379.7,377,379.7,116620000
1988-09-09,378.5,381.8,378.5,381.6,124810000
1988-09-12,382.1,382.9,381.6,382.1,82510000
1988-09-13,381.2,382.4,381,382.4,99120000
1988-09-14,383.5,384.5,382.4,383.9,131060000
1988-09-15,383.6,384,382.6,382.7,113730000
1988-09-16,382.9,384,382.4,383.9,113490000
1988-09-19,382.5,384,381.5,383.4,99840000
1988-09-20,383.6,384.1,383,384.1,114660000
1988-09-21,384.3,385,384,384.9,99950000
1988-09-22,384.6,385.6,384.1,384.9,134260000
1988-09-23,384.3,385.2,384,385,141370000
1988-09-26,384.2,385.1,382.6,382.8,92750000
1988-09-27,382.5,382.9,382.1,382.2,103770000
1988-09-28,383,383.4,382,383.3,111720000
1988-09-29,384.5,386.1,383.3,386.1,121490000
1988-09-30,386.6,388.4,386.1,387.7,135440000
1988-10-03,384.7,387.7,383.4,384.5,107440000
1988-10-04,384.9,385.1,383.9,384.2,106220000
1988-10-05,383.6,384.6,383.1,384.5,131800000
1988-10-06,384.5,385.4,384,385.2,124210000
1988-10-07,384.4,385.7,384.1,385.7,154920000
1988-10-10,385.8,386.3,384.4,385.5,96830000
1988-10-11,385.6,386,384,385.3,120990000
1988-10-12,382.6,385.3,381.8,382.6,118420000
1988-10-13,383.5,383.7,381.8,383.5,112380000
1988-10-14,385.1,385.3,383.5,384.6,119120000
1988-10-17,384.9,385.3,384.4,385,99650000
1988-10-18,385.2,386.3,384.5,386.3,132330000
1988-10-19,387.7,388.2,385.4,385.8,142560000
1988-10-20,386.6,388.6,385.7,388.6,132680000
1988-10-21,387.9,388.6,387.7,388.6,138720000
1988-10-24,387.5,388.9,387.1,387.2,109630000
1988-10-25,386.6,387.4,385.7,386.1,111670000
1988-10-26,385,386.2,384.3,385.2,110410000
1988-10-27,382.3,385.2,380.7,381.8,122660000
1988-10-28,382.4,382.9,381.8,382.8,106010000
1988-10-31,381.6,382.9,381.2,382.5,97880000
1988-11-01,382.7,383,381.6,382.4,110350000
1988-11-02,381.4,382.4,380.8,381.8,121540000
1988-11-03,381.7,383.1,381.6,382.8,117140000
1988-11-04,382,382.8,380.7,381,105620000
1988-11-07,378.5,381.1,376.3,376.5,101420000
1988-11-08,377.9,379.1,376.5,378.8,113250000
1988-11-09,378.2,378.8,376.9,377.7,110400000
1988-11-10,377.4,378.5,377.4,378.4,105730000
1988-11-11,376.1,378.4,373.6,373.8,109680000
1988-11-14,371.8,374,371.6,372.4,100770000
1988-11-15,373.4,373.6,371.5,372.1,111880000
1988-11-16,370,372.3,367.6,367.8,127990000
1988-11-17,368.4,368.8,366.9,367.4,140150000
1988-11-18,366.8,367.9,366.7,367.6,103240000
1988-11-21,365.3,367.6,364.1,365.1,111930000
1988-11-22,365.2,365.4,364,365.4,117080000
1988-11-23,365.8,367.9,365.4,367.8,103660000
1988-11-25,366.1,367.7,365.7,366.4,50060000
1988-11-28,366.4,366.7,364.8,366.1,93800000
1988-11-29,366.4,368.2,365.9,368.2,104820000
1988-11-30,369.2,371.5,368.1,371.5,125340000
1988-12-01,372.1,374,371.2,373.9,123270000
1988-12-02,373.1,374.4,372.5,373.9,125020000
1988-12-05,374.9,376.1,373.9,375.6,118670000
1988-12-06,375.7,377,374.7,377,116060000
1988-12-07,377,377.2,376.1,376.4,122480000
1988-12-08,375.2,376.4,374.9,375.2,109870000
1988-12-09,375,375.6,374.8,375.2,113560000
1988-12-12,375.2,375.6,374,374.2,99220000
1988-12-13,373.4,374.2,372.5,373,114140000
1988-12-14,372.9,373.6,372.5,372.8,117740000
1988-12-15,373.3,373.5,372.5,373,111620000
1988-12-16,373.1,375.8,372.9,375.8,133140000
1988-12-19,375.6,376.5,375.5,376.4,131180000
1988-12-20,377.3,377.5,376,376.1,138500000
1988-12-21,376.1,376.3,374.9,375.6,137410000
1988-12-22,375.7,376.8,375.1,376.5,153140000
1988-12-23,376.7,377.4,376.5,377.3,77710000
1988-12-27,377.7,377.8,376.4,376.6,80780000
1988-12-28,376.5,376.8,375.6,376.8,105150000
1988-12-29,377.3,379.1,376.7,379.1,121140000
1988-12-30,379.6,381.4,378.9,381.4,136940000
1989-01-03,378.9,381.4,376.9,378.6,93660000
1989-01-04,379.3,382.9,378.6,382.8,121270000
1989-01-05,383.5,384.9,382.7,383.8,135040000
1989-01-06,384.4,384.8,383.8,384.7,123650000
1989-01-09,384.9,385.8,384.6,385.3,109930000
1989-01-10,385.5,385.6,384,384.6,113520000
1989-01-11,384.5,385.4,383.9,385.3,115770000
1989-01-12,385.8,387.5,385.3,387,135430000
1989-01-13,387.2,387.4,386.5,387.1,122860000
1989-01-16,387,388.1,386.7,387.4,105160000
1989-01-17,386.8,387.4,385.7,386.1,137760000
1989-01-18,386,389,385.5,388.9,140520000
1989-01-19,390.8,391.9,388.9,391.1,162300000
1989-01-20,391.1,392.1,390.8,391.7,152070000
1989-01-23,391.8,392.2,389.9,390,114020000
1989-01-24,390.1,392.2,389.8,392,132590000
1989-01-25,393.1,394.1,392,394,121590000
1989-01-26,393.9,397.1,393.4,397.1,141680000
1989-01-27,397,398.9,396.2,398,176200000
1989-01-30,398.5,399.2,397.9,399.2,123940000
1989-01-31,399.4,401.4,398.5,401.3,137050000
1989-02-01,401.8,403.2,401.5,403.2,152890000
1989-02-02,403.7,406.2,403.3,405.2,163790000
1989-02-03,405.4,406.4,404.6,406.4,143350000
1989-02-06,406.4,406.6,404.9,406,128290000
1989-02-07,406.8,409.7,405.9,409.2,156910000
1989-02-08,409.7,410.1,407.8,408,152730000
1989-02-09,406.5,408.3,405.9,406.4,146680000
1989-02-10,403.7,405.6,402.1,402.4,132730000
1989-02-13,400.6,402,400.3,401.3,114490000
1989-02-14,402.7,403,401.7,402,132880000
1989-02-15,402.5,404.2,401.9,404.2,123180000
1989-02-16,405.2,405.9,404.3,405.7,149250000
1989-02-17,405.8,407.8,405.5,407.2,114150000
1989-02-21,406.8,407.5,405.9,406.4,115230000
1989-02-22,405,406,401.4,402.5,129520000
1989-02-23,401.2,403.1,400.9,403.1,116860000
1989-02-24,402.9,403.1,399.7,400,122910000
1989-02-27,398.4,399.7,398.2,398.9,109400000
1989-02-28,399.2,400.4,399,399.7,122210000
1989-03-01,401,401.5,399.4,399.8,128730000
1989-03-02,400.5,402.6,400,402.5,129490000
1989-03-03,402.8,404,402.5,404,135990000
1989-03-06,405.2,406.3,404.5,406.3,122210000
1989-03-07,405.6,406.5,404.9,406.2,135930000
1989-03-08,406,407.4,405.7,406.4,150140000
1989-03-09,406.5,406.6,405.5,405.7,142060000
1989-03-10,404.3,405.9,404.2,405.9,133370000
1989-03-13,406.6,407,405.8,406.6,118380000
1989-03-14,406.8,407.2,405.7,406,137610000
1989-03-15,406.5,407.5,406.2,407,141230000
1989-03-16,407.4,409.8,407,409.5,150680000
1989-03-17,403.8,407.9,402,402.2,139350000
1989-03-20,400.5,401.8,397.8,398.5,119840000
1989-03-21,400.6,401.8,399.3,401.8,123730000
1989-03-22,401,401.6,399.7,400.6,136380000
1989-03-23,401.1,401.4,400.1,400.9,149180000
1989-03-27,400.4,401,400.1,400.6,98840000
1989-03-28,401.7,402.9,401.1,402.6,112550000
1989-03-29,403.2,403.7,402.3,403.7,122960000
1989-03-30,403.2,404.6,402.5,404.6,115610000
1989-03-31,405.6,406.8,404.8,406.7,125010000
1989-04-03,407,408.4,406.8,407.7,122530000
1989-04-04,407,407.6,406.5,407.2,139590000
1989-04-05,407.4,408.3,407,408.3,120750000
1989-04-06,407.9,408.4,407,408.2,114040000
1989-04-07,408.7,410.8,408.1,410.7,133580000
1989-04-10,411.2,411.4,410.4,411.1,109840000
1989-04-11,412.1,413.7,411.5,413.5,133270000
1989-04-12,414.6,416.1,414,415.7,161300000
1989-04-13,415.3,415.9,413.3,413.9,142990000
1989-04-14,415.9,417.7,414.7,417.7,144650000
1989-04-17,417.6,418.2,417.2,417.8,115220000
1989-04-18,419.7,420.8,418.7,420.7,153480000
1989-04-19,421,422.4,420.6,421.9,155010000
1989-04-20,421.6,422.3,419.6,421.5,141030000
1989-04-21,422.4,423.8,421.6,423.8,149470000
1989-04-24,423,423.6,422.6,423.2,98170000
1989-04-25,423.7,424,421.9,422.7,123650000
1989-04-26,422.5,423.4,422.5,423.4,136660000
1989-04-27,424.2,426.3,423.6,426.2,137410000
1989-04-28,426.3,427.6,425.6,427.6,129240000
1989-05-01,425.9,427.5,425.8,427.5,116720000
1989-05-02,427.6,428.7,427.4,428,140980000
1989-05-03,428.7,429,428.1,428.8,142490000
1989-05-04,429,430.1,428.7,429.2,146380000
1989-05-05,430.6,432.3,429.9,430.7,156070000
1989-05-08,430.5,430.8,428.1,429.3,129030000
1989-05-09,429.8,430.3,427.8,429,135650000
1989-05-10,428.9,429.7,428.5,429.6,129660000
1989-05-11,430.3,430.9,429.6,430.6,144990000
1989-05-12,434.3,434.9,432,434.8,166360000
1989-05-15,435.3,436.4,435.1,436.2,133660000
1989-05-16,435.8,436.2,434.6,435.7,143460000
1989-05-17,436.4,438.8,436,438.5,169990000
1989-05-18,438.5,439.8,438.4,439.8,163450000
1989-05-19,441.1,442.2,440.1,442.1,181960000
1989-05-22,442.6,443.2,441,441.8,124610000
1989-05-23,441.1,441.6,440.1,440.2,140960000
1989-05-24,439.9,441.5,439.3,441.5,122360000
1989-05-25,442.5,443.4,441.6,442.9,129160000
1989-05-26,443.6,445.2,443,445.2,116990000
1989-05-30,445.9,446.2,443.1,444.2,116130000
1989-05-31,444.4,446.2,443.8,446.2,123810000
1989-06-01,446.8,448.3,446.1,448.3,135870000
1989-06-02,449.8,451.7,448.5,451.6,163800000
1989-06-05,451.4,452,447.7,447.8,137730000
1989-06-06,447.8,448.8,446.6,448,142750000
1989-06-07,451.7,453.3,448.9,453.2,160220000
1989-06-08,454.1,454.6,453.5,454,155960000
1989-06-09,452.7,453.7,452.3,453.7,140440000
1989-06-12,453,453.6,451.5,453.4,125560000
1989-06-13,451.6,452.8,449.5,450.7,146950000
1989-06-14,451,451.6,449.8,450.6,131620000
1989-06-15,449.7,450.4,446.3,447.1,137500000
1989-06-16,446.3,447.2,445.3,447.2,132110000
1989-06-19,446.9,447.4,444.9,446.1,109590000
1989-06-20,446.6,446.9,444.6,444.6,137070000
1989-06-21,444.7,445.2,443.7,443.9,136400000
1989-06-22,443.7,445.3,443.5,445.3,132790000
1989-06-23,446.5,448.4,445.7,448.4,153150000
1989-06-26,448.6,449,447.2,447.3,109550000
1989-06-27,447.9,449.2,447.6,448.6,119020000
1989-06-28,447.6,448.2,444,444.9,127490000
1989-06-29,441.9,444.2,437.5,437.9,142030000
1989-06-30,436.1,437.9,431.7,435.3,137100000
1989-07-03,434.5,436.1,434.4,436,53200000
1989-07-05,435.5,437.1,435,436.9,94520000
1989-07-06,437.9,439.6,437,439.6,118050000
1989-07-07,440,443.1,439.8,442.4,120310000
1989-07-10,442.5,443.1,442.2,442.7,112740000
1989-07-11,444.3,444.9,443.3,444.5,142140000
1989-07-12,444.5,446.8,444.3,446.8,147260000
1989-07-13,446.5,448,446.4,447.9,130110000
1989-07-14,448.5,449,446.8,448.9,128850000
1989-07-17,449,450,448.2,449.9,107890000
1989-07-18,449.2,449.5,447.3,447.9,131880000
1989-07-19,448.9,451.2,448.4,451.2,159880000
1989-07-20,451.6,452,449.2,449.2,166620000
1989-07-21,448.2,449.8,447.8,449.3,144760000
1989-07-24,448,448.9,445.9,446,108060000
1989-07-25,447.3,448.5,445.9,446.5,127650000
1989-07-26,446.6,449.1,446.2,449.1,124470000
1989-07-27,450.5,452.6,449.8,452.5,140250000
1989-07-28,452.6,453,451.8,452.8,128900000
1989-07-31,452.3,453.8,451.9,453.8,111900000
1989-08-01,455.2,455.4,453.2,453.3,136880000
1989-08-02,453,454.1,452.4,454.1,130180000
1989-08-03,455,457.2,454.5,456.9,146010000
1989-08-04,456.6,457.8,455.4,457.4,133670000
1989-08-07,458.5,461.8,457.9,461.7,135250000
1989-08-08,462.5,463.4,461.5,463.3,160270000
1989-08-09,463.1,463.9,462.4,462.4,155690000
1989-08-10,461.5,464,461,463.6,134430000
1989-08-11,465.7,466.1,462.1,462.5,139260000
1989-08-14,461.2,462,459.8,460,144660000
1989-08-15,460.9,461,459.9,460.9,133490000
1989-08-16,462,462.2,460.2,460.8,129250000
1989-08-17,461.2,461.4,459.7,460.8,136320000
1989-08-18,461.4,462.1,460.7,462,134520000
1989-08-21,462.1,462.5,458.3,458.3,108620000
1989-08-22,457.1,458.4,456.5,458.4,119030000
1989-08-23,459.6,461.7,458.8,461.7,139690000
1989-08-24,463,466,462,465.9,144810000
1989-08-25,466.5,467.2,466,466.8,126730000
1989-08-28,466.2,467.2,465.5,467.2,100240000
1989-08-29,467.7,467.9,465.9,466.6,128610000
1989-08-30,466.8,468.5,466.6,468.3,121700000
1989-08-31,469,469.4,468.4,469.3,117760000
1989-09-01,469.9,471.5,469.6,471.3,113460000
1989-09-05,472.2,472.4,471.1,471.4,121140000
1989-09-06,469.7,471.1,467.6,469.3,136430000
1989-09-07,470.3,470.7,469.3,469.7,134000000
1989-09-08,470,471.5,468.4,471.3,130060000
1989-09-11,470.9,471.3,469.4,470.4,113490000
1989-09-12,470.7,472.1,470.4,471.9,151060000
1989-09-13,473.4,474.6,471.8,471.8,159940000
1989-09-14,471.1,471.8,468.7,468.8,142030000
1989-09-15,469.7,470.1,467.1,467.6,130920000
1989-09-18,467.1,467.4,466,466.9,105050000
1989-09-19,467.1,467.7,466.7,467.1,136710000
1989-09-20,467.3,467.6,466.2,466.7,137050000
1989-09-21,467.1,468.4,466.5,467,138620000
1989-09-22,467.1,468.2,466.5,468.1,148890000
1989-09-25,467.6,468.5,466.2,466.7,108090000
1989-09-26,466.9,468.4,466.7,467.8,123380000
1989-09-27,465.8,467.8,464.9,467.8,123180000
1989-09-28,468.9,471.2,468.2,471.1,133130000
1989-09-29,471.8,473.3,471.4,472.9,136380000
1989-10-02,472.8,475.2,472.4,475.2,108950000
1989-10-03,476,477.3,475.4,477.3,151200000
1989-10-04,477.6,479.5,477.4,479.3,164360000
1989-10-05,479.9,481.5,478.6,480.7,151090000
1989-10-06,482.3,483.9,481.6,483.6,155990000
1989-10-09,483.5,485.8,482.7,485.7,84270000
1989-10-10,487,487.5,483.2,484.1,136960000
1989-10-11,483.1,483.6,480.7,482.2,133010000
1989-10-12,482.7,483.4,482.1,482.2,130960000
1989-10-13,482.5,482.7,467.3,467.3,167710000
1989-10-16,448.9,463.1,447.1,461,242840000
1989-10-17,460.2,460.8,456.3,459.9,161470000
1989-10-18,458.7,463.3,457.9,463.3,147650000
1989-10-19,465.8,470.8,463.8,470.8,173460000
1989-10-20,470.9,471.3,468.8,470.7,158160000
1989-10-23,470.7,471.1,467.1,467.2,117180000
1989-10-24,464.8,466.6,458.7,461.7,152480000
1989-10-25,462.9,464.3,462.1,462.9,132120000
1989-10-26,461.9,462.1,458.1,458.2,128730000
1989-10-27,457,458.4,451.8,452.8,132790000
1989-10-30,453.7,454.3,450.8,451.4,101070000
1989-10-31,452.9,455.8,451.8,455.6,128020000
1989-11-01,456.2,457.3,455.6,456.6,118620000
1989-11-02,454.7,456,452.2,453.1,136000000
1989-11-03,452.8,454,452.1,453,110470000
1989-11-06,452.8,453,448,448,111080000
1989-11-07,447,449.4,446.8,449.4,130550000
1989-11-08,452.5,454.5,450.3,454.1,137900000
1989-11-09,454.7,454.9,453.5,454.1,126790000
1989-11-10,455.2,456.4,454.6,456.2,109050000
1989-11-13,456.8,456.9,454.8,455.9,109200000
1989-11-14,456,456.4,453.1,454,123770000
1989-11-15,454.8,455.9,453.1,455.8,133010000
1989-11-16,456.5,456.7,454.3,455.3,146640000
1989-11-17,455,457.1,454.8,456.7,121390000
1989-11-20,457.2,457.8,454,455.7,114920000
1989-11-21,455.7,456.1,453.1,454.1,124230000
1989-11-22,454,455.5,453.8,455.1,139770000
1989-11-24,456.3,456.7,455.5,456.6,53670000
1989-11-27,457.5,457.7,455.8,456.2,108180000
1989-11-28,456.3,457.1,456,456.7,125340000
1989-11-29,456.2,456.6,455,455.8,122010000
1989-11-30,455.1,456.7,454.9,456.1,129600000
1989-12-01,456.6,457.9,456.4,457.1,138470000
1989-12-04,457.5,458.3,457,458.3,113780000
1989-12-05,459,459.4,457.8,458.6,132020000
1989-12-06,458.3,458.8,456.1,456.7,143950000
1989-12-07,456.6,457.4,455.6,456.3,143980000
1989-12-08,456.7,457,455.9,456.2,128140000
1989-12-11,454.6,455.8,451.1,452.4,133390000
1989-12-12,451.8,452.5,449.6,450.4,150540000
1989-12-13,450.5,451.5,450.1,451.1,184660000
1989-12-14,449.4,451.1,446.8,447.5,144260000
1989-12-15,446.3,448,441.7,443.8,144390000
1989-12-18,443.6,443.9,434.9,436,146700000
1989-12-19,434.3,435.7,431.8,434.4,163630000
1989-12-20,435.7,436.9,434.6,436.9,152430000
1989-12-21,438.2,441.1,437.3,441.1,164280000
1989-12-22,441.8,445.1,441.2,444.6,110230000
1989-12-26,444.9,445.6,444.4,445.3,74490000
1989-12-27,446.3,448.8,445.8,448.8,115310000
1989-12-28,448.6,450,448.2,450,128970000
1989-12-29,450.9,454.8,450.1,454.8,164110000
1990-01-02,452.9,459.3,452.7,459.3,110720000
1990-01-03,461.1,461.6,460,460.9,152660000
1990-01-04,460.4,460.8,456.9,459.4,147950000
1990-01-05,457.9,459.4,457.8,458.2,137230000
1990-01-08,457.1,458.7,456.5,458.7,115500000
1990-01-09,459.2,459.6,456.6,456.8,131130000
1990-01-10,455.1,456.3,450.6,450.7,143890000
1990-01-11,451.7,452.5,448.8,448.9,133000000
1990-01-12,442.7,446.6,439.3,439.7,143500000
1990-01-15,438.2,439.4,436.4,436.6,108060000
1990-01-16,432.9,440.2,432.1,440.2,147590000
1990-01-17,440.5,442.5,438.5,438.7,139150000
1990-01-18,436.2,437.8,435.6,437.5,136330000
1990-01-19,440.5,441.2,439.2,440.9,152170000
1990-01-22,439.7,440.7,431.7,431.9,130490000
1990-01-23,432.5,433.8,428.9,430.4,141440000
1990-01-24,419.9,427.2,419.8,425.7,163430000
1990-01-25,428.3,429,425.1,425.2,130500000
1990-01-26,424.2,425.9,419.5,421.3,136340000
1990-01-29,422.8,422.9,416.5,418.1,118590000
1990-01-30,416.2,417.5,410,410.7,160160000
1990-01-31,412.2,415.9,411.3,415.8,148000000
1990-02-01,416.8,417.9,416.2,417.8,135470000
1990-02-02,418.8,423.3,417.6,422.2,135020000
1990-02-05,422.9,424.8,422.4,424.7,108350000
1990-02-06,425,425.2,422.2,424,119700000
1990-02-07,422,426.9,421.8,426.8,149300000
1990-02-08,428.8,430.2,427.1,427.3,140030000
1990-02-09,428.7,429.1,427.5,428.8,125330000
1990-02-12,428.8,428.8,425.8,426.4,113030000
1990-02-13,425.3,427,423.9,425.8,127230000
1990-02-14,426.8,427.2,425.5,426.6,139540000
1990-02-15,426.3,429.7,425.9,429.6,152380000
1990-02-16,430,430.9,428.9,429,120220000
1990-02-20,425.4,427.9,421.8,423.8,108280000
1990-02-21,418.9,421.9,418.4,421.5,120100000
1990-02-22,422.6,425.1,422.2,422.8,134870000
1990-02-23,421.1,421.5,418.1,419.5,117220000
1990-02-26,419.5,421,418.7,421,114600000
1990-02-27,422.1,423.5,421.4,422.6,130850000
1990-02-28,423.3,425.8,422.6,425.8,129400000
1990-03-01,425.3,427.7,424.5,427.2,134240000
1990-03-02,428.2,431,427.6,431,132370000
1990-03-05,430.8,431.2,429.4,430.2,111000000
1990-03-06,429.3,432.6,428.6,432.3,139150000
1990-03-07,433.1,433.5,432.1,432.5,167550000
1990-03-08,433.6,436.6,432.6,436.5,145730000
1990-03-09,437,437.1,435.4,436.8,135120000
1990-03-12,435.3,436.6,435,436.6,103840000
1990-03-13,436.1,437,434.6,434.6,123620000
1990-03-14,435.7,436.4,434.5,436.2,122180000
1990-03-15,436.7,438.4,436.3,438.1,128680000
1990-03-16,440.4,443.1,439.6,442.2,176040000
1990-03-19,440.4,442.9,439,442.9,129400000
1990-03-20,443.2,443.3,439.7,440.1,142220000
1990-03-21,439.6,440.9,439.2,439.3,131080000
1990-03-22,439.2,439.3,433.2,434.5,146220000
1990-03-23,436.1,437.8,435.2,437.3,130740000
1990-03-26,438.8,440,438.1,438.8,96280000
1990-03-27,437.7,439.7,437,439.5,106910000
1990-03-28,437,439.2,435.7,436.7,132260000
1990-03-29,436.2,436.7,434.6,435.4,124190000
1990-03-30,434.7,436,433.2,435.5,126630000
1990-04-02,431.6,434.1,430.8,433.2,111380000
1990-04-03,434.7,437.7,434,437.7,134750000
1990-04-04,438.2,438.3,434.9,435.4,138380000
1990-04-05,433.42,433.42,433.42,433.42,134240000
1990-04-06,433,433.9,430.6,430.9,136570000
1990-04-09,430.6,431.2,429.9,430.2,112370000
1990-04-10,430,432.1,429.9,431.9,129500000
1990-04-11,432.6,433.8,432.3,433.5,133820000
1990-04-12,435.1,436.8,434.3,436.3,141410000
1990-04-16,438.4,438.5,436.2,436.7,124650000
1990-04-17,434,435.9,433.5,435.4,136450000
1990-04-18,435.5,436.1,431.3,431.5,149750000
1990-04-19,430.2,431,428.9,429,145640000
1990-04-20,429.7,429.8,424.9,425.8,150320000
1990-04-23,423.4,425.3,418.2,420.1,125990000
1990-04-24,421.7,422.3,418.7,419.2,126790000
1990-04-25,420,420.7,419.2,420.6,121710000
1990-04-26,421.7,422,419.4,421.1,115930000
1990-04-27,420.6,421.4,417.5,418,116010000
1990-04-30,417.5,420.1,417,420.1,105790000
1990-05-01,422,422.2,420.7,421.9,124130000
1990-05-02,422.8,423.6,422.3,423.6,143260000
1990-05-03,425,426.6,424.4,425.4,160850000
1990-05-04,427.4,428.6,425.7,428.6,136810000
1990-05-07,429.3,431.6,429.1,431.2,122690000
1990-05-08,431.1,431.9,430.7,431.8,133840000
1990-05-09,431.4,431.9,430.5,431.3,146630000
1990-05-10,431.8,433.5,431.1,433.2,142490000
1990-05-11,434.5,438.2,433.8,438.1,167560000
1990-05-14,440.2,443.1,438.8,441.6,177170000
1990-05-15,441,442.6,440,442.5,162330000
1990-05-16,442.3,442.9,440.4,442.9,152490000
1990-05-17,445,445.7,443.4,445.7,171410000
1990-05-18,446,448.5,445,448.3,191410000
1990-05-21,448.9,452.9,448.4,452.9,169470000
1990-05-22,455.2,455.6,452.2,453.9,190160000
1990-05-23,453.8,456.9,453.2,456.9,188740000
1990-05-24,457.5,458.9,457.1,458.3,174330000
1990-05-25,454.6,456.2,453,453.7,152190000
1990-05-29,454.1,457.6,453.7,457.5,134000000
1990-05-30,459.4,459.8,457.7,458.8,169350000
1990-05-31,458.2,460,457.5,459,157260000
1990-06-01,459.5,462.5,459.5,462.1,168060000
1990-06-04,462.8,465.6,460.5,465.6,142170000
1990-06-05,467.2,467.6,464,464.6,173460000
1990-06-06,463.4,465.2,463.2,465,156520000
1990-06-07,465.8,466.6,462.4,464.1,151040000
1990-06-08,463.1,463.7,459.3,460.9,137900000
1990-06-11,459.4,462.8,458.5,462.8,112220000
1990-06-12,464.7,466.6,463,466.6,163290000
1990-06-13,467.4,469.4,467,468.9,163550000
1990-06-14,467.8,468.5,465.8,467.1,155170000
1990-06-15,466.8,468.3,466.2,467.6,168500000
1990-06-18,465.7,467,460.5,460.8,157650000
1990-06-19,459.8,461,458.7,460.5,142980000
1990-06-20,462,462.3,459.6,460.8,148090000
1990-06-21,460.3,461.3,459.2,461.3,144290000
1990-06-22,462.7,462.9,459.3,459.3,167540000
1990-06-25,459.1,459.7,455.5,455.6,113560000
1990-06-26,457.6,458.1,455.2,455.4,131620000
1990-06-27,454.3,457.1,453.2,456.9,137450000
1990-06-28,458.4,460.5,457.5,460.4,148820000
1990-06-29,461.1,462.5,460.7,462.3,158810000
1990-07-02,461.6,462.4,461.3,462,114150000
1990-07-03,461.2,461.8,460.8,461.8,131020000
1990-07-05,460,461.4,458.3,459.2,97760000
1990-07-06,458.7,460.7,457.6,460.5,101400000
1990-07-09,461.3,462.2,460.6,461.7,118500000
1990-07-10,461.9,462.7,460.7,461,142270000
1990-07-11,460.5,463.9,460.3,463.9,159030000
1990-07-12,464.9,467.2,463.3,467.2,153700000
1990-07-13,467.6,470.3,467,468.4,160590000
1990-07-16,468.7,470.1,468.1,469.6,138070000
1990-07-17,469.5,470,463.9,464.5,167810000
1990-07-18,463.2,464.2,459.8,460.8,158990000
1990-07-19,457.2,458.9,455.3,458.2,182560000
1990-07-20,459.6,459.7,455.1,455.3,174580000
1990-07-23,451.8,454.6,441.3,444.6,168880000
1990-07-24,444.5,445.8,438.2,442.6,160500000
1990-07-25,444.4,445.8,442.9,445.5,141600000
1990-07-26,446,447,444.4,445.4,136060000
1990-07-27,444.2,445.4,442.2,442.6,121800000
1990-07-30,439.3,441.9,436.9,439.4,120440000
1990-07-31,439.3,440,436.8,438.2,135150000
1990-08-01,437.7,438.6,435.1,435.9,128980000
1990-08-02,430.2,433.4,427.4,428.9,146540000
1990-08-03,423.5,428.3,408.1,417.5,203170000
1990-08-06,403.7,414.6,399.5,400,174810000
1990-08-07,401.1,406.6,401.1,402.1,165470000
1990-08-08,404.1,408,402.9,407.7,144850000
1990-08-09,409.7,413.2,408.5,413,129930000
1990-08-10,412.6,413,406.3,408,112030000
1990-08-13,404.8,408.5,404.1,408.3,87640000
1990-08-14,409.3,410.6,408.5,410.3,107490000
1990-08-15,412.8,413.3,410.9,411.5,105240000
1990-08-16,408.6,410.6,402.3,402.3,114900000
1990-08-17,396.4,400.5,389.7,393.5,146950000
1990-08-20,393.6,394,388.4,388.6,115470000
1990-08-21,380.6,386.7,375.8,379.7,166490000
1990-08-22,381.6,382.9,374.8,374.8,146100000
1990-08-23,363.8,372.4,359.7,360.2,202760000
1990-08-24,365.2,367.3,362.2,367.3,161080000
1990-08-27,377.5,382.2,370,381.3,129400000
1990-08-28,381.3,383.3,380.6,382.9,117800000
1990-08-29,381.6,383.5,380.5,381.8,118070000
1990-08-30,381.5,383.1,378.5,378.7,106300000
1990-08-31,378.3,381.3,377.3,381.2,79850000
1990-09-04,379,381.7,378.6,381.7,78140000
1990-09-05,383,383.2,381.2,382.4,89050000
1990-09-06,380.7,381.9,377.7,378.8,98730000
1990-09-07,376.8,380.6,376.6,380.4,103160000
1990-09-10,383.9,385.2,381.5,381.7,96260000
1990-09-11,380.6,381.7,378.1,379.5,100070000
1990-09-12,380.2,381.1,378.3,380.3,98470000
1990-09-13,380.3,381.6,375.8,376.2,105650000
1990-09-14,374.1,375.3,372.7,374.4,103490000
1990-09-17,373.6,374.7,372.7,374.1,94020000
1990-09-18,372.1,373.2,370.2,372.2,115070000
1990-09-19,373.2,373.8,371.6,371.7,120870000
1990-09-20,369.6,370.8,364.2,364.4,107920000
1990-09-21,362.9,364.2,360.4,362.3,124240000
1990-09-24,358.2,361.1,351.1,352.2,114830000
1990-09-25,353.3,354.8,351.6,354.8,109930000
1990-09-26,353.9,355,349.1,350,118710000
1990-09-27,351.3,352.5,340.3,341.2,153280000
1990-09-28,334.6,344.5,334.6,344.5,157510000
1990-10-01,349,354.7,346.3,354.7,124380000
1990-10-02,360.2,360.9,356.3,356.4,135810000
1990-10-03,355.1,356.2,351.2,351.5,106030000
1990-10-04,350.1,350.7,348,349.9,104990000
1990-10-05,344.4,349.8,343.2,347.4,109640000
1990-10-08,349.8,350.3,347.4,348.1,74910000
1990-10-09,344.9,346.6,338.6,339.1,109580000
1990-10-10,336,337.9,333,333.3,121040000
1990-10-11,331.5,334,324.3,325.6,140850000
1990-10-12,326.5,327.9,323,327.6,132330000
1990-10-15,329.5,330.1,325.9,329.5,104220000
1990-10-16,328.5,329.7,325,325.4,117130000
1990-10-17,325.1,328,324.1,326.8,121780000
1990-10-18,328.8,334,327.4,334,139290000
1990-10-19,338.4,338.8,335.8,337.4,159110000
1990-10-22,338,342.1,336.7,341.1,114670000
1990-10-23,340.4,342.6,340,341.1,120080000
1990-10-24,339.6,341.1,338.9,341,126730000
1990-10-25,341.7,342.2,338.4,339.7,104390000
1990-10-26,337.7,338.7,334.2,334.4,101500000
1990-10-29,334.5,335.4,330.4,330.8,92230000
1990-10-30,330,330.3,327,329.8,109010000
1990-10-31,330.4,331.5,328.9,329.8,118780000
1990-11-01,328.6,330.6,327.8,330.6,107950000
1990-11-02,331.6,336.6,331,336.5,112650000
1990-11-05,339,340.8,337.1,340.8,99000000
1990-11-06,341.7,342.7,340.2,340.5,110730000
1990-11-07,339.3,340.2,336.2,336.8,109800000
1990-11-08,335.9,338.3,335.5,336.4,106910000
1990-11-09,338.7,342,337.4,342,113350000
1990-11-12,344.8,351.5,343.3,351.5,119300000
1990-11-13,351.9,353.5,350.6,352.9,123370000
1990-11-14,353.1,356.9,352.1,356.9,130810000
1990-11-15,355.5,356.3,353.6,354.5,117970000
1990-11-16,351.9,354,349.1,350.9,131970000
1990-11-19,352.6,353.3,351.1,352.7,108260000
1990-11-20,352.1,353.4,348,348.3,126680000
1990-11-21,348.3,348.8,346.5,348.8,116670000
1990-11-23,348.8,349.7,348.5,349,69420000
1990-11-26,346.2,348.9,345.5,348.9,84730000
1990-11-27,350,354.1,349.6,354.1,114600000
1990-11-28,354.8,356.9,354.3,355.1,128590000
1990-11-29,353.9,355.8,353.2,355.8,114190000
1990-11-30,354.1,359.1,353.9,359.1,131280000
1990-12-03,361.1,362.2,359.8,361.3,123810000
1990-12-04,360.6,364.2,360.5,364.1,124850000
1990-12-05,364.9,371,364,370.9,148080000
1990-12-06,377.4,378,371.2,372.3,189440000
1990-12-07,371.7,372,369.1,371.5,124580000
1990-12-10,370.4,371.6,369.8,371.5,111250000
1990-12-11,369.8,370.9,367.8,368,128700000
1990-12-12,368.3,370.4,367,370.4,122300000
1990-12-13,370.8,371.7,370.1,371.5,122020000
1990-12-14,369.7,370.7,367,368.8,119500000
1990-12-17,364.7,367.4,364.6,365.7,111870000
1990-12-18,366.7,370.2,366.1,370.2,131980000
1990-12-19,370.7,371.6,370.2,371.2,146210000
1990-12-20,369,372.6,368,372.3,167400000
1990-12-21,372.2,373.8,371.6,373.6,147610000
1990-12-24,371.9,373.2,371.7,372.4,44210000
1990-12-26,372.7,373.3,371.7,372.4,72370000
1990-12-27,372.2,372.9,370.3,371.1,102720000
1990-12-28,369.6,371.3,369.4,371.2,132330000
1990-12-31,370.3,373.8,369.8,373.8,128870000
1991-01-02,373,373.5,371.8,372.2,92020000
1991-01-03,371.2,371.8,367.4,367.5,108390000
1991-01-04,366.5,367.9,365.9,367.2,103830000
1991-01-07,363.5,365.8,360.1,360.2,109460000
1991-01-08,359.1,360.5,358.2,359,111730000
1991-01-09,362.4,365,357.1,357.5,145780000
1991-01-10,358.9,361.9,358.3,361.9,110140000
1991-01-11,362.1,362.2,360.5,361.8,107650000
1991-01-14,355.2,358.7,353,355.8,101810000
1991-01-15,354.9,357.4,354.5,357.3,102570000
1991-01-16,358.6,365.2,357.6,365.2,122160000
1991-01-17,379.1,380.2,371.6,375.8,212350000
1991-01-18,373.1,377.1,371.8,377,138660000
1991-01-21,374.5,379.8,374.4,379.7,96960000
1991-01-22,380.1,381.6,378.3,379,131180000
1991-01-23,379,384.1,378.2,383.9,133840000
1991-01-24,386.7,391.8,384.9,391.3,176560000
1991-01-25,391.8,395.1,391.1,394.3,158790000
1991-01-28,394.5,397.6,393.6,396.8,128500000
1991-01-29,396,400.7,395.7,400.6,152060000
1991-01-30,401.9,408.5,400.4,408.5,202660000
1991-01-31,409.8,414.2,408.6,414.2,177260000
1991-02-01,415.1,418.9,413.5,417.7,168220000
1991-02-04,418.8,424.9,417.5,424.8,185940000
1991-02-05,427.2,432.2,425.4,432.2,208510000
1991-02-06,432.3,439.3,430.4,439.2,219590000
1991-02-07,439.1,442.5,433.3,435,245600000
1991-02-08,434.1,437,433.1,436.8,168190000
1991-02-11,444.1,444.2,444.1,444.1,184840000
1991-02-12,443.6,445.4,442.5,444,200740000
1991-02-13,443.8,448,442.8,448,176580000
1991-02-14,449.4,450.3,443.1,444.3,191670000
1991-02-15,447.9,449.1,445.4,448.7,155030000
1991-02-19,448.2,450.3,447.5,450.3,132890000
1991-02-20,447.3,449.5,445.8,446,142240000
1991-02-21,447.2,447.7,446.2,446.4,142810000
1991-02-22,447.8,453,446.4,449,177010000
1991-02-25,453.6,454.2,451.1,451.1,149260000
1991-02-26,448.4,449.7,446.4,447.7,130460000
1991-02-27,447,451,446.8,450.8,161920000
1991-02-28,452.8,453.5,450.3,453.1,171460000
1991-03-01,450.6,456.7,450.3,456.7,160530000
1991-03-04,458.1,461.4,457.2,461.1,149790000
1991-03-05,463.6,473.5,461.9,473.1,224880000
1991-03-06,478,478.5,473.7,473.8,283080000
1991-03-07,474.7,476.2,472.4,475.74,191890000
1991-03-08,478.2,478.8,475.1,475.11,187910000
1991-03-11,473,474,466.6,467.15,161250000
1991-03-12,465.6,467.16,461.17,461.4,162510000
1991-03-13,461.33,468.32,461.12,468.18,162950000
1991-03-14,471.01,472.53,466.74,467.79,199410000
1991-03-15,466.98,468.55,464.28,466.29,157720000
1991-03-18,465.75,468.03,463.54,466.27,138290000
1991-03-19,460.17,464.36,459.04,462.81,149340000
1991-03-20,462.21,466.12,461.88,466.09,161440000
1991-03-21,468.31,469.41,464.25,464.6,206920000
1991-03-22,464.31,464.78,463.04,464.15,168080000
1991-03-25,465.3,469.1,464.76,468.49,148570000
1991-03-26,470.28,478.64,469.1,478.57,191970000
1991-03-27,481.38,482.95,479.36,482.37,194380000
1991-03-28,482.34,483.32,481.77,482.3,184300000
1991-04-01,480.18,481.63,479.12,480.86,126190000
1991-04-02,483.65,491.22,481.85,491.2,199630000
1991-04-03,493.33,496.37,492.29,495.05,229810000
1991-04-04,494.64,499.5,494.34,497.57,216110000
1991-04-05,498.58,499.24,494.01,495.79,200260000
1991-04-08,494.47,495.77,493.89,495.65,148930000
1991-04-09,497.44,497.44,491.97,492.46,170470000
1991-04-10,492.73,493.81,488.79,490.76,172700000
1991-04-11,494.91,499.49,492.44,499.31,197910000
1991-04-12,501.4,502.29,498.51,501.62,185850000
1991-04-15,500.02,501.28,497.78,500.84,167800000
1991-04-16,501.18,506.81,500.36,506.75,223450000
1991-04-17,509.62,512.68,508.04,511.31,267560000
1991-04-18,509.36,510.6,506.46,506.62,255530000
1991-04-19,503.28,505.45,500.51,501.19,218010000
1991-04-22,497.71,500.12,493.07,494.38,153440000
1991-04-23,497.73,498.36,494.38,496.08,161550000
1991-04-24,496.42,498.64,496.11,498.45,158230000
1991-04-25,497.7,498.79,495.86,496.03,169580000
1991-04-26,493.14,495.28,492.3,494.64,149200000
1991-04-29,495.28,496.05,487.7,487.74,140300000
1991-04-30,487.38,487.49,479.63,484.72,201470000
1991-05-01,481.94,487.86,481.46,487.85,185190000
1991-05-02,490.64,492.33,488.93,491.13,174790000
1991-05-03,490.57,492.13,489.77,492.1,142110000
1991-05-06,490.78,491.63,489.29,491.48,119580000
1991-05-07,493.69,494.05,491.37,491.51,156930000
1991-05-08,490.28,493.17,489.92,492.51,158510000
1991-05-09,494.98,497.94,493.52,497.81,179620000
1991-05-10,498.97,500.02,493.17,493.42,158350000
1991-05-13,494.29,495.4,491.6,493.93,126000000
1991-05-14,491.85,492.78,488.09,488.79,155030000
1991-05-15,486.12,487.54,476.58,478.08,186740000
1991-05-16,481.36,482.73,479.15,481.77,154270000
1991-05-17,480.18,481.51,478.44,481.38,146200000
1991-05-20,480.52,481.87,479.32,480.1,125390000
1991-05-21,481.96,484.65,480.72,483.6,166460000
1991-05-22,485.92,487.94,484.54,487.29,161750000
1991-05-23,489.13,489.96,488.03,489.6,170850000
1991-05-24,490.93,492.78,490,492.67,128000000
1991-05-28,494.51,497.17,493.38,497.17,126330000
1991-05-29,497.76,500.24,497.16,499.05,147630000
1991-05-30,499.3,503.72,498.93,503.19,150610000
1991-05-31,504.23,506.12,501.98,506.11,157380000
1991-06-03,505.84,507.46,504.38,507.1,142160000
1991-06-04,505.53,507.25,504.32,507.25,157150000
1991-06-05,506.82,508.04,504.76,505.2,158310000
1991-06-06,505.53,505.92,502.63,502.94,161530000
1991-06-07,500.58,501.79,496.91,498.54,145820000
1991-06-10,498.4,498.88,495.47,495.85,113810000
1991-06-11,497.16,498.73,495.88,496.62,140320000
1991-06-12,493.63,495.62,489.05,491.05,156910000
1991-06-13,490.27,491.7,489.91,491.14,127700000
1991-06-14,493.95,495.21,491.98,495.07,135000000
1991-06-17,494.76,495.99,494.18,494.32,116600000
1991-06-18,494.2,494.68,490.83,491.59,145420000
1991-06-19,487.57,490.33,484.32,485.36,150830000
1991-06-20,483.78,486.3,482.66,485.88,143920000
1991-06-21,487.37,487.67,485.31,485.82,151130000
1991-06-24,482.79,484.71,475.14,475.23,124120000
1991-06-25,477.19,478.12,472.98,473.3,129030000
1991-06-26,472.4,473.79,470.92,473.08,136480000
1991-06-27,474.42,476.28,473.79,476.24,138910000
1991-06-28,475.75,476.43,470.97,475.92,160330000
1991-07-01,478.06,481.56,476.97,481.31,121930000
1991-07-02,480.78,480.92,478.62,478.78,136540000
1991-07-03,475.15,477.03,473.18,474.32,125020000
1991-07-05,474.17,475.08,473.21,474.05,56260000
1991-07-08,471.83,479.52,471.24,479.51,121790000
1991-07-09,481.59,485.11,480.87,483.64,151480000
1991-07-10,484.4,489.29,484.4,487.17,171610000
1991-07-11,486.75,488.5,486.21,488.37,140030000
1991-07-12,490.12,492.71,488.13,492.71,155470000
1991-07-15,493.64,496.33,493.08,496.19,137950000
1991-07-16,496.7,497.39,493.6,493.6,156950000
1991-07-17,492.95,493.56,491.31,493.42,160940000
1991-07-18,494.16,496.95,493.86,496.8,171730000
1991-07-19,497.63,498.67,496.32,497.55,177000000
1991-07-22,497.44,497.56,494.41,494.99,127910000
1991-07-23,494.44,495.98,489.65,489.65,144700000
1991-07-24,487.9,490.25,487.42,487.42,147250000
1991-07-25,487.9,490.51,487.58,490.28,134740000
1991-07-26,490.62,492.97,490.48,492.69,124560000
1991-07-29,492.35,493.51,490.98,493.35,121670000
1991-07-30,495.06,498.27,494.22,498.27,152260000
1991-07-31,499.62,502.13,498.34,502.04,160320000
1991-08-01,502.27,504.3,501.73,504.15,160100000
1991-08-02,506.52,507.25,504.33,505.67,148490000
1991-08-05,504.29,505.01,502.5,502.61,117090000
1991-08-06,502.66,505.39,501.49,505.2,149720000
1991-08-07,506.78,507.65,505.6,507.46,177270000
1991-08-08,508.45,510.24,507.88,509.39,161590000
1991-08-09,509.15,509.9,507.59,508.31,140780000
1991-08-12,507.64,510.23,507.23,510,114070000
1991-08-13,511.52,515.19,510.91,514.4,166820000
1991-08-14,516.23,517.93,515.3,517.68,108730000
1991-08-15,517.77,518.4,515.32,515.67,159480000
1991-08-16,514.73,515.81,510.89,512.47,135100000
1991-08-19,489.36,504.97,487.08,497.64,161590000
1991-08-20,502.28,504,499.1,502.05,145430000
1991-08-21,510.67,517.97,505.51,517.97,192750000
1991-08-22,517.85,519.14,516.34,518.3,157460000
1991-08-23,519.21,521.4,516.26,521.06,172120000
1991-08-26,520.43,521.47,519.34,521.38,112280000
1991-08-27,522.2,522.22,519.29,521.75,139670000
1991-08-28,522.45,526.29,521.89,526.29,165660000
1991-08-29,527.03,527.71,525.34,526.39,158800000
1991-08-30,525.64,526.5,523.63,525.68,129400000
1991-09-03,526.3,526.53,520.87,520.91,134330000
1991-09-04,520.7,521.6,517.3,517.92,154070000
1991-09-05,517.87,518.76,516.41,516.93,167420000
1991-09-06,516.86,518.29,516.44,516.94,149330000
1991-09-09,516.48,518.07,516.34,518.07,105850000
1991-09-10,516.45,518.25,511.05,511.28,146780000
1991-09-11,511.9,514.8,511.35,514.76,151800000
1991-09-12,518.36,521.13,516.76,521.13,172800000
1991-09-13,520.29,521.57,516.15,516.71,166630000
1991-09-16,516.31,516.99,514.11,515.68,137570000
1991-09-17,516.08,516.17,513.89,515.17,166960000
1991-09-18,514.23,518.72,513.82,518.55,133250000
1991-09-19,519.74,523.47,519.17,522.67,203950000
1991-09-20,525.07,528.17,523.98,527.19,226510000
1991-09-23,526.26,526.46,524.12,524.69,158860000
1991-09-24,525.5,526.54,523.06,526.47,179750000
1991-09-25,526.5,528.42,526.01,527.82,178120000
1991-09-26,525.23,528.29,524.98,526.94,172340000
1991-09-27,529.14,529.21,523.96,524.48,168300000
1991-09-30,524.62,526.88,522.38,526.88,141030000
1991-10-01,527.14,528.85,525.88,528.51,162680000
1991-10-02,528.46,529.21,526.14,526.33,179610000
1991-10-03,524.53,525.75,519.81,520.51,179370000
1991-10-04,520.34,522.65,519.92,520.4,151230000
1991-10-07,517.94,519.63,515.94,516.2,133850000
1991-10-08,515.73,517.25,514.81,517.25,158960000
1991-10-09,516.43,517.23,513.8,513.81,165400000
1991-10-10,514.48,516.41,513.21,515.94,166800000
1991-10-11,517.97,519.16,517.16,519.05,145010000
1991-10-14,521.02,525.66,519.79,525.66,117080000
1991-10-15,526.76,534.11,526.64,534.11,177930000
1991-10-16,535.22,540.94,525.66,540.94,223330000
1991-10-17,538.16,539.88,535.31,536.27,226840000
1991-10-18,537.28,539.15,536.92,538.9,212130000
1991-10-21,538.31,538.95,535.78,536.96,158140000
1991-10-22,539.36,539.49,536.87,537.14,180130000
1991-10-23,537.89,538.42,534.14,535.17,199760000
1991-10-24,533.96,535.43,527.63,528.75,199360000
1991-10-25,526.81,528.4,524.93,525.13,173950000
1991-10-28,526.57,529.41,526.57,529.41,145910000
1991-10-29,531.1,534.53,529.87,534.51,182350000
1991-10-30,537.55,541.35,535.61,541.32,202590000
1991-10-31,541.79,543.01,540.96,542.98,228520000
1991-11-01,542.17,543.61,539.89,540.93,205420000
1991-11-04,539.07,540.74,536.65,537.5,154800000
1991-11-05,537.83,540.37,537.25,538.82,176980000
1991-11-06,539.27,540.7,537.81,539.48,191180000
1991-11-07,540.18,545.49,540.07,545.28,216080000
1991-11-08,549.04,549.26,546.38,548.08,211430000
1991-11-11,549.17,551.16,548.62,550.71,153630000
1991-11-12,553.44,555.99,551.91,555.68,214620000
1991-11-13,551.83,556.22,550.95,556.17,208490000
1991-11-14,557.71,558.16,553,554.84,220530000
1991-11-15,551.63,554.52,531.22,531.29,255480000
1991-11-18,529.94,535.08,525.56,534.73,227150000
1991-11-19,529.36,533.41,516.39,523.47,219630000
1991-11-20,526.83,527.92,524.2,526.12,172910000
1991-11-21,526.97,530.46,526.16,530.33,188910000
1991-11-22,530.25,530.89,524.07,526.46,167080000
1991-11-25,523.92,526.58,522.88,522.88,142320000
1991-11-26,523.25,525.19,517.98,522.23,172790000
1991-11-27,522.1,522.81,521.35,522.78,134410000
1991-11-29,522,524.26,521.71,523.9,66310000
1991-12-02,519.48,530.91,518.63,530.91,145910000
1991-12-03,531.45,533.6,530.94,533.34,166380000
1991-12-04,533.75,536.08,533.2,535.28,167290000
1991-12-05,535.68,536.7,533.21,534.03,170630000
1991-12-06,532.48,537.53,531.63,536.3,171830000
1991-12-09,537.28,538.81,534.9,535.35,155390000
1991-12-10,534.96,535.93,531.78,534.23,157620000
1991-12-11,534.95,536.72,529.22,531.64,174440000
1991-12-12,533.35,536.08,532.39,536.02,168070000
1991-12-13,539.01,541.06,536.9,540.9,178700000
1991-12-16,541.13,543.92,540.45,543.73,148400000
1991-12-17,543.03,544.04,539.59,539.7,191120000
1991-12-18,538.05,540.21,537.25,539.84,176780000
1991-12-19,536.06,538.16,533.7,534.53,174580000
1991-12-20,538.26,539.84,535.68,535.76,189260000
1991-12-23,535.88,543.94,535.36,543.9,184320000
1991-12-24,545.42,550.9,544.22,549.56,133450000
1991-12-26,551.43,559.69,549.83,559.3,133280000
1991-12-27,562.05,566.54,560.14,565.71,163370000
1991-12-30,568.41,579.75,566.86,579.75,224080000
1991-12-31,584.77,586.35,578.4,586.34,257460000
1992-01-02,580.04,586.45,576.13,586.45,181380000
1992-01-03,589.18,592.83,587.33,592.65,214200000
1992-01-06,595.08,598.01,593.13,597.9,237720000
1992-01-07,595.36,602.5,594.33,602.29,262250000
1992-01-08,601.08,610.68,598.53,610.32,315129984
1992-01-09,614.43,621.03,611.57,619.8,327820000
1992-01-10,618.71,619.26,610.56,615.7,259430000
1992-01-13,614.14,617.63,613.1,617.63,211900000
1992-01-14,618.23,625.76,617.97,625.75,268060000
1992-01-15,627.92,631.34,625.12,630.82,293280000
1992-01-16,631.8,632.99,625.44,627.34,302260000
1992-01-17,628.17,629.48,625.12,626.85,282489984
1992-01-20,625.12,626.98,619.26,619.38,209690000
1992-01-21,608.96,611.71,604.87,604.87,265440000
1992-01-22,608.47,620.69,605.81,620.68,251170000
1992-01-23,624.73,626.85,620.83,622.86,274369984
1992-01-24,623.27,625.86,621.54,624.68,240940000
1992-01-27,625.38,625.8,621,621,196450000
1992-01-28,622.44,623.33,619.05,621.29,320960000
1992-01-29,621.9,626.32,616.28,616.31,248240000
1992-01-30,615.83,621.37,615.47,621.37,216200000
1992-01-31,621.61,622.37,619.12,620.21,226160000
1992-02-03,620.57,623.83,619.77,623.43,194610000
1992-02-04,626.11,631.29,624.43,631,226150000
1992-02-05,633.39,637.94,632.29,636.97,270110016
1992-02-06,638.96,640.75,636.25,637.67,244210000
1992-02-07,639.24,640.16,631.56,634.95,238050000
1992-02-10,633.62,634.88,632.21,634.13,191600000
1992-02-11,634.46,635.12,631.83,633.37,214330000
1992-02-12,635.31,644.92,633.63,644.92,253450000
1992-02-13,646.09,646.09,638.33,639.1,217000000
1992-02-14,637.47,638.78,635.87,636.43,206290000
1992-02-18,636.21,637.25,626.4,626.41,218700000
1992-02-19,621.59,625.02,619.18,622.41,248440000
1992-02-20,626.32,632.58,623.83,632.23,247090000
1992-02-21,633.3,633.99,628.16,629.75,246850000
1992-02-24,628.93,630.6,624.32,624.93,172920000
1992-02-25,623.55,625.81,617.08,621.4,194500000
1992-02-26,626.42,632.55,623.02,632.4,225090000
1992-02-27,636.06,636.38,633.86,633.95,205540000
1992-02-28,636.34,636.54,631.29,633.47,204640000
1992-03-02,634.04,635.47,632.4,635.47,176940000
1992-03-03,634.95,637.21,634.08,634.25,204550000
1992-03-04,632.03,635.31,630.29,630.29,212960000
1992-03-05,627.78,630.26,620.99,621.97,221920000
1992-03-06,620.61,621.89,613.95,615.95,193070000
1992-03-09,617.18,618.04,615.47,615.82,162120000
1992-03-10,618.69,624.21,617.33,623.46,200560000
1992-03-11,622.88,623.52,616.52,617.14,192150000
1992-03-12,616.1,617.75,612.25,615.92,189530000
1992-03-13,619.3,619.8,616.9,618.62,165610000
1992-03-16,618.11,618.95,615.27,617.94,140850000
1992-03-17,620.21,623.44,619.14,623.27,173770000
1992-03-18,625.51,626.27,624.04,624.94,179270000
1992-03-19,627.01,627.35,625.34,625.96,189970000
1992-03-20,625.82,626.63,623.66,624.28,191500000
1992-03-23,623.17,624.03,621.72,621.83,148860000
1992-03-24,622.87,623.92,617.36,618.68,186920000
1992-03-25,616.65,620.04,616.54,619.48,191950000
1992-03-26,619.8,621.73,614.95,615.4,175500000
1992-03-27,612.78,614.63,602.53,604.67,203960000
1992-03-30,605.03,606.56,601.58,602.07,154210000
1992-03-31,600.35,605.16,599.6,603.77,192050000
1992-04-01,598.62,602.34,597.66,602.09,180170000
1992-04-02,601.73,603.17,593.42,593.82,194640000
1992-04-03,592.83,593.98,587.93,590.01,193930000
1992-04-06,592.68,596.39,590.88,596.29,153120000
1992-04-07,596.15,597.97,581.48,581.61,210060000
1992-04-08,574.89,579.6,567.15,573.68,243470000
1992-04-09,575.88,586.75,575.44,586.75,198750000
1992-04-10,590.59,592.24,584.09,584.24,175210000
1992-04-13,584.03,588.15,583.7,588.15,128020000
1992-04-14,592.34,597.79,590.1,594.81,195600000
1992-04-15,599.64,600.61,596.25,600.03,218570000
1992-04-16,598.23,600.21,591.6,591.81,198480000
1992-04-20,586.5,590.69,575.11,577.2,178050000
1992-04-21,576.64,579.04,573.07,575.05,201780000
1992-04-22,575.16,579.13,574.54,578.23,198890000
1992-04-23,580.67,581.09,571.99,576.05,201880000
1992-04-24,576.41,576.86,571.99,572.89,165970000
1992-04-27,571.24,572.4,566.94,566.94,162140000
1992-04-28,566.01,566.97,557.06,560.33,187480000
1992-04-29,563.03,569.97,561.78,569.94,180380000
1992-04-30,571.88,578.69,571.24,578.68,180120000
1992-05-01,579.73,580.97,575.39,578.14,147290000
1992-05-04,581.28,584.36,579.2,583.54,144230000
1992-05-05,584.44,588.9,583.84,588.07,169940000
1992-05-06,589.86,591.21,588.71,589.36,171420000
1992-05-07,589.41,590.17,586.33,587.16,170280000
1992-05-08,587.03,588.38,584.92,585.76,154710000
1992-05-11,586.45,588.14,585.92,587.13,141070000
1992-05-12,586.72,588.41,582.53,583.96,162340000
1992-05-13,583.29,584.76,582.14,582.38,171750000
1992-05-14,580.58,582.85,574.72,576.46,185180000
1992-05-15,572.6,575.21,571.01,574.43,142890000
1992-05-18,576.82,578.43,575.8,576.53,129350000
1992-05-19,576.53,578.28,575.04,578.05,156670000
1992-05-20,578.98,580.42,578.02,580.29,160230000
1992-05-21,579.12,580.55,577.38,579.1,175860000
1992-05-22,579.64,581.17,578.96,580.3,124860000
1992-05-26,579.58,580.43,575.27,575.65,126740000
1992-05-27,576.28,577.77,575.67,577.35,138340000
1992-05-28,576.51,580.64,576.1,580.49,153200000
1992-05-29,583.24,585.96,581.34,585.31,188630000
1992-06-01,583.67,588.38,582.13,588.37,141570000
1992-06-02,589.2,590.25,587.64,589.18,164960000
1992-06-03,588.17,591.07,587.97,589.93,171860000
1992-06-04,589.77,590.56,588.14,588.26,168120000
1992-06-05,588.21,589.47,584.23,585.43,168390000
1992-06-08,584.71,585.37,581.5,582.01,129050000
1992-06-09,581.33,583.04,572.24,573.8,182220000
1992-06-10,573.25,574.69,569.59,569.71,157030000
1992-06-11,567.69,569.75,566.79,567.68,160150000
1992-06-12,570.17,571.64,569.21,569.52,149510000
1992-06-15,568.48,570.72,567.98,569.01,132360000
1992-06-16,569.06,569.61,564.06,564.07,163180000
1992-06-17,562.18,563.91,552.86,553.24,190570000
1992-06-18,552.18,553.46,548.55,549.17,187860000
1992-06-19,551.42,554.3,550.8,554.2,177570000
1992-06-22,552.4,553.21,546.01,549.73,151190000
1992-06-23,553.2,554.95,551.63,553.36,165670000
1992-06-24,552.62,553.9,551.15,551.39,152330000
1992-06-25,552.09,552.86,546.23,548.2,171220000
1992-06-26,547.19,548.22,545.95,547.84,150110000
1992-06-29,550.92,558.81,549.03,558.8,159520000
1992-06-30,559.67,563.98,559.32,563.6,195190000
1992-07-01,563.73,569.05,563.24,568.99,186080000
1992-07-02,570.02,571.19,562.83,563.35,194650000
1992-07-06,560.73,563.33,560.18,563.17,134770000
1992-07-07,564.34,565.01,556.96,557.41,174410000
1992-07-08,556.09,557.62,553.76,557.57,161650000
1992-07-09,560.41,564.75,558.64,564.75,175840000
1992-07-10,566.66,568.57,564.58,567.8,151510000
1992-07-13,568.56,571.08,567.71,570.22,132930000
1992-07-14,571.17,575.38,570.64,575.21,167200000
1992-07-15,575.84,577.14,575.02,575.47,169380000
1992-07-16,573.39,576.19,572.41,576.19,172690000
1992-07-17,571.55,574.56,567.74,570.52,146770000
1992-07-20,560.85,567.38,560.76,564.28,117830000
1992-07-21,566.31,569.29,565.77,568.63,155320000
1992-07-22,566.17,567.34,563.61,563.88,168350000
1992-07-23,564.86,565.73,563.5,565.24,164560000
1992-07-24,564.34,566.34,562.63,565.61,167790000
1992-07-27,565.96,565.96,564.15,564.73,128130000
1992-07-28,566.25,571.65,565.68,571.63,173310000
1992-07-29,574.56,577.56,572.73,577.49,210940000
1992-07-30,576.66,578.86,575.95,578.8,168750000
1992-07-31,579.62,581.01,577.88,580.83,168790000
1992-08-03,579.62,582.63,579.57,582.36,141300000
1992-08-04,583.84,583.84,580.35,581.32,168490000
1992-08-05,579.12,580.93,576.26,576.87,163780000
1992-08-06,575.23,576.13,572.98,574.02,156830000
1992-08-07,573.15,576.73,572.47,573.74,149680000
1992-08-10,573.44,574.3,572.18,573.14,120450000
1992-08-11,573.71,574.58,570.03,571.6,145140000
1992-08-12,572.46,573.06,570.8,570.85,144150000
1992-08-13,571.87,572.44,570.57,570.99,143180000
1992-08-14,571,573.18,571,573.18,145650000
1992-08-17,573.42,573.61,571.67,572.47,132560000
1992-08-18,571.08,572.45,570.15,570.87,140340000
1992-08-19,571.32,571.68,567.61,567.61,156140000
1992-08-20,567.92,568.56,565.98,567.86,155490000
1992-08-21,570.11,570.66,562.42,563.7,167300000
1992-08-24,559.27,561.89,554.94,555.39,138460000
1992-08-25,554.64,555.03,550.36,554.22,152410000
1992-08-26,555.03,559.04,554.93,558.8,145870000
1992-08-27,562.56,564.27,561.11,563.27,155490000
1992-08-28,562.81,563.9,562.31,563.56,127110000
1992-08-31,562.87,564.08,561.36,563.12,133530000
1992-09-01,562.51,565.64,562.36,565.61,156870000
1992-09-02,566.49,571.47,565.74,571.25,170330000
1992-09-03,572.48,575.79,572.22,574.88,186500000
1992-09-04,573.36,574.76,572.65,573.44,122380000
1992-09-08,572.72,573.04,569.51,571.17,123880000
1992-09-09,571.56,575.04,571,574.89,170290000
1992-09-10,575.68,581.27,575.13,581.24,200940000
1992-09-11,582.21,584.01,581.36,583.01,188330000
1992-09-14,587.99,594.21,586.15,594.21,227000000
1992-09-15,590.45,592.53,586.39,587.86,183010000
1992-09-16,583.4,588.03,582.16,585.89,181510000
1992-09-17,587.77,589.21,586.7,587.82,183160000
1992-09-18,587.53,589.13,586.51,589.12,199420000
1992-09-21,588.24,588.9,586.59,588.58,159460000
1992-09-22,588.44,588.86,582.27,583,204920000
1992-09-23,581.93,583.43,580.34,582.96,193240000
1992-09-24,584.47,586.04,583.55,585.93,180690000
1992-09-25,585.47,586.56,574.74,577.2,198490000
1992-09-28,574.99,575.63,573.14,575.34,124360000
1992-09-29,575.1,577.78,574.7,577.63,158860000
1992-09-30,578.54,583.29,578.08,583.27,187130000
1992-10-01,581.08,582.48,577.83,578.33,185130000
1992-10-02,576.6,578.19,571.41,571.63,169960000
1992-10-05,565.66,569.21,551.72,565.21,223690000
1992-10-06,566.08,571.3,565.62,570.55,195540000
1992-10-07,572.23,573.79,568.85,569.2,156520000
1992-10-08,571.76,574.56,570.46,573.88,197850000
1992-10-09,571.74,574.15,569.5,570.52,170240000
1992-10-12,571.4,573.95,570.84,573.84,127850000
1992-10-13,574.52,577.74,574.16,576.44,167560000
1992-10-14,575.04,578.33,574.74,576.22,175690000
1992-10-15,576.02,578.69,573.89,578.64,173780000
1992-10-16,577.66,582.61,577.62,582.61,183830000
1992-10-19,583.11,590.73,582.34,590.67,198130000
1992-10-20,593.87,595.75,591.39,592.7,232360000
1992-10-21,594.25,597.37,593.14,597.15,222050000
1992-10-22,596.47,597.71,594.89,597.12,229750000
1992-10-23,598.25,599.09,596.74,597.3,229240000
1992-10-26,596.62,599,595.82,598.92,168800000
1992-10-27,598.5,600.44,595.1,596.95,202570000
1992-10-28,596.81,601.54,596.12,601.39,208600000
1992-10-29,603.26,606.37,602.64,605.82,211470000
1992-10-30,605.99,606.58,602.43,605.17,193080000
1992-11-02,603.76,607.59,603.62,607.57,179350000
1992-11-03,606.69,608.31,603.6,604.58,187370000
1992-11-04,604.44,606.31,603.31,605.52,189530000
1992-11-05,605.94,614.16,605.39,614.08,238450000
1992-11-06,614.05,616.97,612.7,616.82,229150000
1992-11-09,616.84,622.48,616.01,622.05,245430000
1992-11-10,624.1,628.15,622.73,627.76,262160000
1992-11-11,629.18,635.11,628.26,634.92,273240000
1992-11-12,636.02,637.09,633.34,634.37,259470000
1992-11-13,634.05,637.16,633.06,637.16,201470000
1992-11-16,635.63,637.54,633.47,634.01,188080000
1992-11-17,632.8,634.15,626.55,627.07,224320000
1992-11-18,627.12,635.06,627.12,634.86,233260000
1992-11-19,636.65,639.84,635.84,638.57,258250000
1992-11-20,639.07,642.96,638.67,642.6,248040000
1992-11-23,638.37,642.16,636.64,638.84,208140000
1992-11-24,639.89,646.5,639.81,645.94,244920000
1992-11-25,647.31,648.33,646.24,648.33,222270000
1992-11-27,648.81,650.64,648.57,649.49,93930000
1992-11-30,650.74,652.75,648.84,652.73,217800000
1992-12-01,650.58,654.27,650.27,653.95,237120000
1992-12-02,653.9,654.69,651.37,652.91,243180000
1992-12-03,652.26,656.81,651.39,656.36,239030000
1992-12-04,658.06,661.92,656.85,661.6,261110000
1992-12-07,662.84,666.55,661.8,666.53,226270000
1992-12-08,667.38,667.98,664.63,667.12,274700000
1992-12-09,664.86,667.69,662.4,663.92,269870016
1992-12-10,662.04,662.96,656.43,658.93,241350000
1992-12-11,656.26,657.45,654.62,655.79,213170000
1992-12-14,656.39,657.09,654.66,654.73,194500000
1992-12-15,652.77,653.89,648.75,650.75,248930000
1992-12-16,651.22,652.79,648.98,649.63,258270000
1992-12-17,651.49,658.52,650.27,658.46,247940000
1992-12-18,659.87,662.29,659.42,661.29,244060000
1992-12-21,660.78,662.63,660.01,662.46,202910000
1992-12-22,663.74,664.13,658.43,660.84,247700000
1992-12-23,662.12,662.97,660.69,662.96,252890000
1992-12-24,663.18,665.98,662.77,665.88,106260000
1992-12-28,665.66,666.39,663.87,666.25,144070000
1992-12-29,667.3,671.18,666.91,669.01,199710000
1992-12-30,670.26,671.86,668.57,671.85,193480000
1992-12-31,673,676.95,672.1,676.95,203190000
1993-01-04,675.31,676.78,671.42,671.8,188870000
1993-01-05,670.52,674.35,670.51,674.34,229400000
1993-01-06,678.44,681.89,676.73,681.85,270020000
1993-01-07,681.56,685.3,677.82,678.21,296929984
1993-01-08,677.19,677.86,672.68,677.21,232820000
1993-01-11,677.46,682.44,676.2,682.4,195740000
1993-01-12,681.44,682.9,677.09,679.45,233770000
1993-01-13,679.21,686.97,677.62,686.78,244700000
1993-01-14,690.32,695.81,688.2,695.7,286960000
1993-01-15,692.46,699.23,691.68,697.15,295440000
1993-01-18,694.69,698.29,694.45,698.13,240740000
1993-01-19,698.38,699.67,695.74,696.81,277889984
1993-01-20,696.82,699.19,695.94,697.44,271320000
1993-01-21,696.48,701.08,695.58,700.77,281329984
1993-01-22,700.59,703.71,700.37,701.63,294720000
1993-01-25,703.66,708.5,702,706.95,264590000
1993-01-26,709.88,711.03,706.36,707.16,296340000
1993-01-27,705.82,707.02,694.96,697.9,281720000
1993-01-28,695.39,697.67,692.94,694.67,267210000
1993-01-29,696.96,697.18,693.84,696.34,236950000
1993-02-01,697.98,702.14,696.77,701.77,213940000
1993-02-02,702.25,705.13,700.98,705.12,254080000
1993-02-03,707.68,709.34,706.03,708.67,291729984
1993-02-04,710.03,711.28,706.74,708.85,284660000
1993-02-05,706.83,708.25,696.76,700.98,293209984
1993-02-08,701.45,702.23,697.6,698.44,222070000
1993-02-09,697.41,700.73,691.3,692.21,276980000
1993-02-10,695.01,696.35,692.51,695.02,259410000
1993-02-11,696.99,697.53,695.28,695.88,235770000
1993-02-12,696.04,696.64,690.4,690.54,214600000
1993-02-16,683.04,689.17,663.42,665.39,303720000
1993-02-17,662.95,665.88,655.72,659.43,275520000
1993-02-18,668,669,657.22,662.45,298620000
1993-02-19,664.79,666.17,661.18,663.61,243300000
1993-02-22,661.4,663.5,652.19,652.42,277440000
1993-02-23,651.78,654.9,647.79,651.4,270920000
1993-02-24,651.32,662.66,649.37,662.46,280920000
1993-02-25,661.03,667.2,659.12,667.07,259390000
1993-02-26,667.61,670.94,666.49,670.77,217330000
1993-03-01,670.88,672.94,668.9,669.51,186040000
1993-03-02,669.28,677.87,668.74,677.72,207080000
1993-03-03,678.43,683.92,678.43,683.92,237380000
1993-03-04,679.7,683.29,677.6,680.73,232050000
1993-03-05,678.8,683.35,678.66,681.37,214240000
1993-03-08,682.93,687.72,681.72,687.23,219940000
1993-03-09,689.32,690.43,687.39,688.96,232270000
1993-03-10,688.57,693.04,688.08,692.87,245200000
1993-03-11,693.81,695.99,693.45,694.28,247070000
1993-03-12,687.79,692.9,686.89,692.78,288300000
1993-03-15,693.89,695.56,693.12,695.21,187580000
1993-03-16,697.05,697.41,695.07,695.47,229270000
1993-03-17,693.38,694.94,686.63,687.4,245090000
1993-03-18,689.38,690.04,687.25,687.41,231710000
1993-03-19,687.98,689.82,682.72,682.72,235640000
1993-03-22,677.71,681.62,674.49,676.62,213030000
1993-03-23,679.15,679.8,674.8,675.04,226150000
1993-03-24,674.9,676.56,671.68,674.36,243330000
1993-03-25,675.67,681.46,675.31,681.01,219300000
1993-03-26,682.94,683.74,680.01,681.54,204510000
1993-03-29,681.28,684.11,680.74,680.76,194480000
1993-03-30,682.55,686.25,682.01,686.25,121570000
1993-03-31,689.48,692.56,687.8,690.13,257920000
1993-04-01,690.82,691.15,685.95,686.64,246690000
1993-04-02,677.85,683.9,669.83,669.85,279260000
1993-04-05,669.74,671.69,667.31,670.71,190840000
1993-04-06,672.6,673.63,663.91,664.14,217530000
1993-04-07,664.85,669.08,664,668.88,212540000
1993-04-08,668.18,669.35,665.3,666.33,220880000
1993-04-12,670.31,673.67,668.27,673.12,214150000
1993-04-13,676.37,678.06,673.41,673.83,256950000
1993-04-14,672.86,674.25,672.21,673.94,243110000
1993-04-15,671.26,673.13,668.4,670.32,246950000
1993-04-16,669.44,671.08,666.18,666.78,226780000
1993-04-19,664.2,667.22,660.08,663.03,222850000
1993-04-20,663.71,664.17,657.84,661.97,251320000
1993-04-21,663.11,664.59,660.22,664.04,248440000
1993-04-22,663.35,668.53,662.35,663.51,263780000
1993-04-23,661.47,664.08,657.8,658.41,243390000
1993-04-26,656.79,658.33,645.76,645.87,212320000
1993-04-27,645.98,652.65,644.71,652.52,236790000
1993-04-28,655.54,658.17,654.04,658.16,220510000
1993-04-29,657.61,658.79,654.38,658.45,204960000
1993-04-30,660.68,664.92,659.68,661.42,226960000
1993-05-03,662.75,666.74,661.43,666.71,202330000
1993-05-04,671.42,678.34,669.38,678.16,268769984
1993-05-05,678.78,683.81,676.62,683.26,289190016
1993-05-06,683.76,684.38,679.03,680.04,260220000
1993-05-07,680.32,682.44,679.42,681.44,226110000
1993-05-10,682.48,684.2,682.22,682.82,206450000
1993-05-11,681.03,683.32,680.21,683.06,223270000
1993-05-12,681.8,683,680.62,681.69,246370000
1993-05-13,677.91,680.86,674.23,675.64,262530000
1993-05-14,674.81,676.38,673.73,676.37,229170000
1993-05-17,678.46,678.69,675.73,677.96,209900000
1993-05-18,680.3,680.95,678.01,680.78,277710016
1993-05-19,681.76,690.46,678.89,690.43,318310016
1993-05-20,693.88,697.9,691.63,697.43,343230016
1993-05-21,695.96,696.87,692.48,694.29,278180000
1993-05-24,692.55,696.32,691.28,694.69,205220000
1993-05-25,692.93,695.08,692.72,695.04,252570000
1993-05-26,695.74,704.09,694.79,704.09,293390016
1993-05-27,706.37,707.05,703.57,704.59,277790016
1993-05-28,701.17,704.01,695.11,700.53,235750000
1993-06-01,700.96,706.24,700.07,704.28,236780000
1993-06-02,705.16,706.52,702.95,705.86,274320000
1993-06-03,704.82,706.63,702.68,706.22,260080000
1993-06-04,703.32,704.57,701.05,702.01,251880000
1993-06-07,701.91,703.69,694.45,694.61,247860000
1993-06-08,691.46,693.14,686.15,687.74,262310000
1993-06-09,687,691.39,686.35,689.24,263050000
1993-06-10,689.1,689.51,685.69,688.05,242280000
1993-06-11,693.63,693.63,690.25,693.19,235210000
1993-06-14,694.71,697.46,694.15,696.41,208430000
1993-06-15,698.96,699.52,696.13,697.34,236790000
1993-06-16,697.95,698.27,693.18,696.25,239900000
1993-06-17,696.38,697.17,694.4,695.94,245440000
1993-06-18,696.13,697.47,689.59,689.59,249920000
1993-06-21,688.57,690.76,687.06,688.74,208470000
1993-06-22,688.66,689.9,685.98,686.77,258170000
1993-06-23,686.68,687.46,683.97,684.79,259950000
1993-06-24,683.3,689.13,682.89,688.72,227150000
1993-06-25,689.95,695.69,689.66,694.81,219360000
1993-06-28,697.72,702.84,696.21,702.84,227010000
1993-06-29,703.57,704.43,699.87,701.07,251050000
1993-06-30,703.66,705.42,702.13,703.95,265900000
1993-07-01,702.01,704.42,700.76,703.59,225790000
1993-07-02,702.39,704.66,701.69,704.49,182540000
1993-07-06,705.5,705.92,700.88,702.22,199370000
1993-07-07,697.61,700.19,697.37,698.79,236010000
1993-07-08,698.93,702.75,698.31,702.71,254670000
1993-07-09,701.7,705.96,701.5,705.81,213730000
1993-07-12,706.84,707.93,704.96,707.67,202520000
1993-07-13,707.69,709.08,707.13,708.47,256530000
1993-07-14,708.77,713.96,707.87,712.49,290560000
1993-07-15,710.34,712.18,708.09,708.69,300220000
1993-07-16,705.43,707.94,698.85,699.73,282880000
1993-07-19,699.39,699.64,694.53,695.83,239620000
1993-07-20,697.86,701.96,695.66,701.9,261650000
1993-07-21,700.06,701.45,698.61,700.08,255930000
1993-07-22,700.83,701.39,694.74,695.52,256820000
1993-07-23,697.59,700.64,696.54,700.24,237580000
1993-07-26,702.25,705.41,700.53,704.54,226150000
1993-07-27,703.86,704.99,699.82,701,271489984
1993-07-28,701.77,705.69,701.6,705.59,265340000
1993-07-29,706.72,708.65,706.29,707.24,275200000
1993-07-30,703.33,706.54,702.37,704.7,256700000
1993-08-02,706.38,708.12,705.06,707.66,224350000
1993-08-03,709.27,709.86,707.87,709.01,247520000
1993-08-04,708.96,713.97,708.44,713.79,253380000
1993-08-05,715.3,715.83,713.81,715.5,269820000
1993-08-06,716.61,718.36,715.91,718.08,251110000
1993-08-09,717.54,720.95,717.41,718.49,236180000
1993-08-10,718.74,718.9,716.14,717.08,260860000
1993-08-11,718.42,718.81,717.65,718.77,291800000
1993-08-12,721.47,721.51,715.08,717.12,271289984
1993-08-13,717.68,718.28,716.55,718.26,233590000
1993-08-16,721.18,727,720,726.89,245600000
1993-08-17,727.31,731.02,727.1,731.01,273529984
1993-08-18,736.35,737.29,732.98,734.83,233180000
1993-08-19,732.66,734.37,730.01,730.48,289169984
1993-08-20,729.92,731.35,729.04,730.96,260380000
1993-08-23,729.94,731.24,729.36,730.86,226930000
1993-08-24,731.94,735.49,730.66,735.14,283380000
1993-08-25,735.76,737.45,732.41,733.66,327230016
1993-08-26,730.46,732.97,727.61,731.39,290449984
1993-08-27,731.54,734.09,730.88,734.07,247340000
1993-08-30,735.59,738.42,734.69,737.38,225070000
1993-08-31,739.5,742.91,738.42,742.84,269900000
1993-09-01,743.65,746.41,742.21,746.15,281360000
1993-09-02,748.24,749.4,747.19,748.65,294780000
1993-09-03,747.86,749.72,746.69,749.71,218700000
1993-09-07,749.18,749.54,738.42,739.35,244220000
1993-09-08,734.62,737.54,724.48,730.73,307520000
1993-09-09,732.19,737.89,731.63,737.71,265500000
1993-09-10,740.39,744.63,739.23,744.31,254200000
1993-09-13,744.21,745.42,740.08,740.32,230330000
1993-09-14,734.27,737.41,729.68,732.64,266750000
1993-09-15,731.23,739.62,730.48,739.55,285460000
1993-09-16,739.35,740.65,738.07,739.8,220150000
1993-09-17,739.15,741.6,736.83,740.11,263170000
1993-09-20,742.29,744.41,739.88,740.21,228850000
1993-09-21,740.32,741.55,730.15,733.56,284809984
1993-09-22,737.89,745.54,735.72,745.54,289360000
1993-09-23,748.44,752.4,746.55,752.26,334040000
1993-09-24,752.56,754.67,751.78,754.65,309990016
1993-09-27,757.95,760,756.45,759.95,266560000
1993-09-28,760,763.68,759.21,763.66,283400000
1993-09-29,765.58,766.57,762.22,763.17,341320000
1993-09-30,760.27,763.02,759.9,762.78,306209984
1993-10-01,761.62,763.53,761.15,763.23,290020000
1993-10-04,763.55,765.5,762.88,764.84,237500000
1993-10-05,766.42,767.45,759.67,762.27,306430016
1993-10-06,764.38,767.36,763.11,764.77,297940000
1993-10-07,764.9,765.54,761.27,762.49,294190016
1993-10-08,763.53,765.07,758.9,764.27,281400000
1993-10-11,766.44,767.84,764.47,767.65,251120000
1993-10-12,772.18,772.82,770.23,772.46,316310016
1993-10-13,775.24,779.01,774.2,778.97,415360000
1993-10-14,782.27,785.95,780.28,785.41,382750016
1993-10-15,788.13,791.2,785.55,787.42,368800000
1993-10-18,788.11,789.22,782.6,782.91,343720000
1993-10-19,781.17,782.33,767.77,768.71,378720000
1993-10-20,770.98,772.09,766.96,768.25,336910016
1993-10-21,768.88,771.33,765.75,771.28,338569984
1993-10-22,774.19,776.82,771.26,772.68,361740000
1993-10-25,774.12,774.36,767.79,769.75,284460000
1993-10-26,768.37,770.48,763.06,765.46,295900000
1993-10-27,767.35,772.08,765.93,771.88,302150016
1993-10-28,772.5,776.79,770.87,773.49,312140000
1993-10-29,774.78,779.58,773.75,779.26,304660000
1993-11-01,780.37,784.03,779.3,783.77,273129984
1993-11-02,783.78,785.66,779.8,785.66,324660000
1993-11-03,783.95,786.1,771.65,772.95,348809984
1993-11-04,770.01,772.56,756.59,757.26,327880000
1993-11-05,757.26,762.99,748.59,762.99,333680000
1993-11-08,763.95,768.03,761.34,766.21,253640000
1993-11-09,773.05,774.42,769.47,769.84,316769984
1993-11-10,770.75,776.77,770.01,776.5,303849984
1993-11-11,779.26,780.86,777.45,778.98,318740000
1993-11-12,779.72,780.71,777.96,779.32,307750016
1993-11-15,778.76,780.02,772.15,772.45,271140000
1993-11-16,771.79,772.77,767.16,771.69,312689984
1993-11-17,769.98,773.28,761.28,762.36,359649984
1993-11-18,759.84,763.31,753.58,754.34,372060000
1993-11-19,752.18,755.32,750.22,751.56,391110016
1993-11-22,746.27,749.38,737.67,738.13,302140000
1993-11-23,742.95,746.87,740.18,746.82,279550016
1993-11-24,750.94,753.19,748.09,753.18,240370000
1993-11-26,753.77,755.02,753.6,754.87,80290000
1993-11-29,756.4,756.4,751.39,751.54,243130000
1993-11-30,751.01,755.11,748.68,754.39,285840000
1993-12-01,759.9,764.24,757.4,763.81,323880000
1993-12-02,765.41,766.73,762.27,766.73,299129984
1993-12-03,768.73,772.24,768.57,772.22,327870016
1993-12-06,767.51,771.44,765.61,771.09,292660000
1993-12-07,770.88,771.93,767.77,769.35,298840000
1993-12-08,766.16,768.13,765.99,767.89,293440000
1993-12-09,764.42,766.4,760.51,761.49,302790016
1993-12-10,760.36,761.84,758.1,760.74,308249984
1993-12-13,759.78,760.95,757.31,759.72,270009984
1993-12-14,758.86,760.18,750.96,751.47,304880000
1993-12-15,751.26,753.12,750.3,752.97,287600000
1993-12-16,754.82,756.34,753.2,755.53,286969984
1993-12-17,758.71,760.12,757.17,759.23,310630016
1993-12-20,759.65,760.58,758.6,760.15,266180000
1993-12-21,758.28,774.04,754.63,755.63,291200000
1993-12-22,752.45,756.7,752.34,756.07,301660000
1993-12-23,757.62,759.18,756.88,758.7,246050000
1993-12-27,758.75,761.09,758.15,761.06,182550000
1993-12-28,761,764.57,760.25,764.56,247610000
1993-12-29,764.1,768.48,763.6,768.48,266390000
1993-12-30,768.64,771.28,767.7,771.08,262690000
1993-12-31,771.42,776.87,770.29,776.8,253850000
1994-01-03,774.11,777.29,768.41,770.76,253020000
1994-01-04,771.43,774.78,771.02,774.28,298600000
1994-01-05,775.23,778.21,773.69,778.05,349880000
1994-01-06,780.36,781.21,778.25,780.41,349209984
1994-01-07,779.29,783.39,778.2,782.94,330060000
1994-01-10,783.05,787.49,782.92,786.69,313350016
1994-01-11,785.93,787.32,784.34,785.52,321929984
1994-01-12,788.2,788.43,782.68,786.87,322540000
1994-01-13,784.36,787.85,783.97,787.81,290110016
1994-01-14,789.99,793.14,788.78,792.31,299660000
1994-01-17,791.68,792.74,790.83,792.18,243450000
1994-01-18,791.94,793.17,791.26,793.02,319440000
1994-01-19,789.64,792.08,787.32,789.28,337870016
1994-01-20,790.32,793.03,789.84,793.03,340169984
1994-01-21,794.31,794.65,792.59,794.28,349430016
1994-01-24,793.89,794.42,789.88,790.65,303880000
1994-01-25,789.98,791.21,783.53,786.39,352350016
1994-01-26,785.13,789.5,784.87,788.8,316489984
1994-01-27,789.13,793.32,788.46,792.88,314489984
1994-01-28,795.03,796.54,793.6,796.53,347489984
1994-01-31,797.77,800.63,797.2,800.47,329920000
1994-02-01,798.42,799.99,794.92,797.24,339750016
1994-02-02,796.96,799.69,796.72,799.57,334950016
1994-02-03,798.44,798.91,794.85,797.79,331620000
1994-02-04,797.24,797.83,777.18,777.28,376030016
1994-02-07,770.64,779.32,767.3,779.2,370020000
1994-02-08,780.27,783.08,777.77,782.7,309940000
1994-02-09,783.48,787.52,783.12,786.53,330190016
1994-02-10,788.15,788.48,782.72,783.42,339289984
1994-02-11,781.03,783.13,778.33,781.39,208190000
1994-02-14,783.61,785.88,782.16,785.45,282510016
1994-02-15,786.38,790.58,785.62,790.12,296640000
1994-02-16,792.64,793.46,790.25,792.62,338500000
1994-02-17,796.14,796.21,788.69,790.24,354809984
1994-02-18,791.47,792.36,784.91,788.85,300630016
1994-02-22,787.41,791.21,785.81,791.15,263270000
1994-02-23,792.64,793.12,788.51,789.11,295470016
1994-02-24,780.76,786.18,777.69,779.44,348950016
1994-02-25,781.71,783.8,779.83,783.78,285649984
1994-02-28,788.24,792.93,785.62,792.5,287550016
1994-03-01,792.1,793.42,783.58,788.64,307310016
1994-03-02,773.01,783.52,772.03,783.47,326640000
1994-03-03,784.6,786.97,783.79,784.58,318360000
1994-03-04,786.9,790.88,785.36,790.55,318180000
1994-03-07,793.63,795.71,792.06,795.05,303240000
1994-03-08,794.09,795.36,790.36,792.12,304660000
1994-03-09,792.96,794.76,789.29,793.05,316900000
1994-03-10,793.87,795.04,787.01,789.09,326790016
1994-03-11,786.66,789.69,786.3,789.2,279249984
1994-03-14,790.47,793.24,789.71,792.8,265500000
1994-03-15,794.46,795.65,792.44,793.52,303080000
1994-03-16,794.81,799.02,794.46,798.99,338009984
1994-03-17,800.39,804.31,800.06,803.85,324270016
1994-03-18,799.21,804.43,799.19,803.93,311449984
1994-03-21,800.16,803.39,797.12,797.3,261550000
1994-03-22,795.91,797.49,794.86,796.34,305230016
1994-03-23,798.88,799.29,796.28,797.51,334150016
1994-03-24,793.65,796.85,783.28,786.68,373500000
1994-03-25,785.81,787.69,783.38,783.45,281289984
1994-03-28,780.01,784.64,767.46,772.5,300920000
1994-03-29,770.41,773.41,755.29,755.29,309560000
1994-03-30,746.13,753.27,741.8,744.91,398190016
1994-03-31,743.92,747.7,731.85,743.46,413950016
1994-04-04,723.06,737.13,721.61,727.41,313720000
1994-04-05,739.55,751.08,731.95,750.95,330809984
1994-04-06,751.55,752.45,745.39,750.72,293820000
1994-04-07,750.97,755.3,750.46,755.17,284689984
1994-04-08,753.23,755.35,746.09,748.71,268820000
1994-04-11,747.5,749.45,746.27,748.11,238170000
1994-04-12,746.17,747.83,738.02,739.22,290760000
1994-04-13,740.48,741.59,723.95,727.38,343360000
1994-04-14,727.38,730.7,721.57,727.31,313100000
1994-04-15,728.22,729.98,726.88,727.97,278920000
1994-04-18,731.12,731.28,719.72,720.45,246580000
1994-04-19,722.35,723.25,709.1,712.85,328190016
1994-04-20,716.32,717.72,703.4,705.52,335340000
1994-04-21,709.62,718.74,707.11,718.74,341230016
1994-04-22,721.84,724.23,720.07,722.56,319540000
1994-04-25,723.85,731.11,723.56,730.8,238290000
1994-04-26,733.53,734.38,731.31,734.21,285540000
1994-04-28,736.03,736.22,730.96,731.69,308689984
1994-04-29,729.73,734.37,728.59,733.84,263810000
1994-05-02,733.97,740.94,732.72,740.68,254080000
1994-05-03,741.85,742.46,736.25,739.37,302080000
1994-05-04,739.38,741.46,737.43,740.3,278820000
1994-05-05,741.36,742.43,739.92,740.55,275369984
1994-05-06,732.19,737.4,730.02,732.86,249510000
1994-05-09,729.96,731.73,722.49,722.96,223840000
1994-05-10,727.4,729.33,724.08,725,300040000
1994-05-11,724.54,725.59,716.61,717,312280000
1994-05-12,721.17,722.16,718.98,719.61,270710016
1994-05-13,717.32,720.14,713.25,716.92,318729984
1994-05-16,715.23,716.96,711.09,711.91,233560000
1994-05-17,708.41,712.14,703.84,711.52,318169984
1994-05-18,715.5,722.58,714.62,721.9,305489984
1994-05-19,723.26,728.95,722.52,727.31,335750016
1994-05-20,727.21,727.33,725.06,726.7,283620000
1994-05-23,727.6,728.11,723.02,724.95,230700000
1994-05-24,727.89,732.02,726.58,731.47,279569984
1994-05-25,729.06,732.9,727.51,732.07,274180000
1994-05-26,733.87,734.43,730.14,731.64,276720000
1994-05-27,730.51,733.59,729.37,733.14,205520000
1994-05-31,730.83,735.42,730.5,735.19,214430000
1994-06-01,733.18,735.99,730.57,735.52,300340000
1994-06-02,737.65,739.73,735.63,739.5,297820000
1994-06-03,738.6,743.69,729.74,742.38,279000000
1994-06-06,743.29,744.94,741.94,743.43,288369984
1994-06-07,742.47,742.67,738.95,739.3,255550000
1994-06-08,737.96,740.33,728.7,729.79,326070016
1994-06-09,730.11,730.43,727.19,728.88,283080000
1994-06-10,730.06,734.51,729.84,734.25,254310000
1994-06-13,733.13,734.54,731.64,731.7,213110000
1994-06-14,733.89,736.4,733.52,735.98,280889984
1994-06-15,738,738.39,734.45,735.84,265280000
1994-06-16,733.45,735.74,733.21,734.97,255370000
1994-06-17,735.45,735.78,728.84,729.35,278470016
1994-06-20,726.45,726.45,718.27,718.85,234170000
1994-06-21,716.42,716.42,706.02,708.79,296510016
1994-06-22,710.52,714.67,710.52,712.74,263700000
1994-06-23,712.91,714.01,700.24,700.85,310310016
1994-06-24,699.78,699.78,693.3,693.79,282460000
1994-06-27,694.16,702.93,690.95,702.68,241230000
1994-06-28,704.13,706.99,698.4,702.05,260090000
1994-06-29,702.58,707.96,702.51,704.01,268240000
1994-06-30,705.75,707.49,702.19,705.96,281780000
1994-07-01,706.29,706.98,703.44,706.85,201870000
1994-07-05,706.73,707.02,703.26,703.59,200100000
1994-07-06,702.47,702.47,699.41,701,263050000
1994-07-07,701.48,706.56,700.86,706.53,268580000
1994-07-08,705.6,709.17,703.64,707.46,257210000
1994-07-11,708.46,709.48,703.05,706.83,225660000
1994-07-12,707.32,709.83,703.5,709.59,249600000
1994-07-13,710.88,719.53,710.88,719.35,342160000
1994-07-14,720.35,725.19,720.35,721.56,351310016
1994-07-15,721.64,721.64,719.69,721.36,213820000
1994-07-18,722.3,722.64,720.15,722.62,249350000
1994-07-19,722.7,723.01,719.08,719.32,300460000
1994-07-20,719.57,719.57,711.08,712.77,297630016
1994-07-21,713.32,715.03,710.55,715.03,297470016
1994-07-22,716.76,717.13,713.93,716.68,293720000
1994-07-25,716.66,716.88,714.65,716.88,216640000
1994-07-26,717.1,717.1,714.43,715.66,268550016
1994-07-27,715.8,716.36,712.01,712.13,270680000
1994-07-28,712.06,714.31,711.87,712.43,267190000
1994-07-29,713.93,722.23,713.93,722.16,300809984
1994-08-01,722.84,724.91,722.67,724.85,269660000
1994-08-02,725.33,728.14,723.65,724.8,309760000
1994-08-03,725.28,725.41,723.5,723.69,285400000
1994-08-04,724.41,724.8,719.8,720.18,271129984
1994-08-05,718.66,718.91,715.91,718.67,230910000
1994-08-08,717.73,720.48,717.05,720.47,221810000
1994-08-09,720.46,722.61,719.75,722.61,267250000
1994-08-10,722.87,728.28,722.87,728.2,326430016
1994-08-11,727.64,731.76,724.92,728.2,321769984
1994-08-12,729.43,731.89,728.75,731.61,259460000
1994-08-15,732.11,733.42,730.67,732.89,243590000
1994-08-16,733.39,735.91,730.3,735.51,295560000
1994-08-17,737.01,742.73,737.01,742.66,335310016
1994-08-18,742.27,744.71,740.16,742.17,335280000
1994-08-19,743.46,743.83,739.6,742.43,282910016
1994-08-22,741.76,742.83,740.52,742.29,254750000
1994-08-23,743.32,749.54,743.13,747.98,333209984
1994-08-24,748.13,751.84,747.72,751.72,323480000
1994-08-25,752.19,756.54,751.57,754.8,308289984
1994-08-26,756.5,764.57,756.5,762.94,316809984
1994-08-29,763.44,765.97,762.91,763.21,284030016
1994-08-30,762.7,766.63,761.15,766.46,295140000
1994-08-31,765.73,767.6,764.55,765.62,323990016
1994-09-01,763,763,757.43,758.95,321840000
1994-09-02,759.52,761.2,758.14,759.23,236460000
1994-09-06,759.01,759.65,757.52,759.48,185150000
1994-09-07,760.51,765.12,760.07,764.28,283769984
1994-09-08,764.74,769.44,764.7,769.3,303060000
1994-09-09,766.21,766.21,761.47,763.73,277409984
1994-09-12,763.56,763.71,759.06,760.01,223400000
1994-09-13,761.86,765.97,761.86,765.83,283030016
1994-09-14,766.28,768.64,765.05,768.61,293060000
1994-09-15,768.41,778.66,768.41,778.66,298230016
1994-09-16,777.73,779.58,773.9,777.91,323300000
1994-09-19,778.13,779.09,776.45,776.72,261540000
1994-09-20,775.82,775.82,766.74,766.74,305630016
1994-09-21,767.13,767.24,758.08,760.71,322329984
1994-09-22,761.8,763.13,758.83,760.44,308590016
1994-09-23,759.88,762.24,756.82,757.46,321030016
1994-09-26,756.95,756.95,752.49,755.63,250460000
1994-09-27,755.14,756.18,753.32,755.37,273720000
1994-09-28,756.12,761.25,756.12,760.01,300240000
1994-09-29,759.7,760.13,756.31,759.34,284260000
1994-09-30,760.34,765.21,759.54,764.29,308100000
1994-10-03,764.47,764.48,760.33,760.88,244890000
1994-10-04,761.04,761.2,747.24,747.3,332849984
1994-10-05,746.19,746.46,737.62,746.28,347710016
1994-10-06,747.95,749.09,743.68,744.19,270209984
1994-10-07,745.23,750.11,745.23,749.96,275060000
1994-10-10,751.33,756.92,751.33,756.81,230260000
1994-10-11,758.37,766.18,758.37,765.57,367590016
1994-10-12,765.32,767.88,764.8,767,331569984
1994-10-13,770.1,774.74,767.52,767.89,372980000
1994-10-14,768.35,768.84,764.73,767.08,298120000
1994-10-17,767.07,767.93,765.05,765.78,290369984
1994-10-18,766.74,767.42,763.56,764.81,308800000
1994-10-19,765.45,771.19,764.21,770.62,343840000
1994-10-20,771.83,772.54,765.49,768.24,356180000
1994-10-21,767.44,767.44,763.39,765.38,354230016
1994-10-24,766.22,767.19,760.5,761.21,283980000
1994-10-25,757.23,758.37,754.47,758.26,292609984
1994-10-26,759.07,763.24,759.07,763.24,317600000
1994-10-27,763.78,767.49,763.78,767.47,315000000
1994-10-28,767.78,776.15,766.97,776.15,378500000
1994-10-31,775.87,778.81,774.5,777.49,313240000
1994-11-01,776.25,776.25,770.95,772.19,318760000
1994-11-02,772.26,776.86,771.19,771.82,360020000
1994-11-03,772.61,773.53,770.88,772.1,311390016
1994-11-04,772.7,773.51,766.08,766.08,280880000
1994-11-07,766.22,766.22,762.01,762.31,246170000
1994-11-08,762.61,767.64,762.61,767.54,298660000
1994-11-09,770.77,774.4,765.88,767.25,311110016
1994-11-10,766.5,768.76,763.98,764.38,267750000
1994-11-11,763.94,765.13,761.47,762.12,273270016
1994-11-14,763.61,768.18,763.61,768.14,263820000
1994-11-15,768.73,771.78,766.86,769.02,320350016
1994-11-16,769.73,770.9,768.42,769.64,309769984
1994-11-17,770.35,771.06,763.85,765.84,351200000
1994-11-18,766.57,767.41,762.96,764.67,303800000
1994-11-21,767.03,768,757.58,757.74,302150016
1994-11-22,756.57,756.57,741.2,741.21,353750016
1994-11-23,738.33,738.33,728.78,736.7,346560000
1994-11-25,737.22,742.57,737.22,742.52,98590000
1994-11-28,743.08,746.21,742.96,745.73,239300000
1994-11-29,746.47,751.7,745.88,751.48,305110016
1994-11-30,751.44,754.29,748.74,750.32,325710016
1994-12-01,748.83,749.2,739.94,740.61,275729984
1994-12-02,741.99,745.12,739.28,745.02,259950000
1994-12-05,745.53,747.81,744.73,745.71,247520000
1994-12-06,744.61,745.25,740.27,741.23,286350016
1994-12-07,740.24,740.24,733.59,734.27,272249984
1994-12-08,734.74,735.69,718.08,719.12,331750016
1994-12-09,719.26,719.42,710.94,719.05,334169984
1994-12-12,719.24,720.99,712.48,719.12,260890000
1994-12-13,719.92,720.61,718.02,719.49,263990000
1994-12-14,719.1,725.67,719.1,725.67,328510016
1994-12-15,727.04,730.7,727.04,730.68,342969984
1994-12-16,730.83,732.02,729.06,729.07,321460000
1994-12-19,728.75,729.16,726.66,727.89,280080000
1994-12-20,729.57,730.73,726.26,728.51,325500000
1994-12-21,729.72,737.13,729.72,737.12,349600000
1994-12-22,737.26,739.52,737.26,739.34,358680000
1994-12-23,739.03,743.17,739,742.19,216530000
1994-12-27,743.6,746.2,743.6,746.19,229080000
1994-12-28,746.39,746.55,740.79,742.46,261260000
1994-12-29,742.97,749.67,742.68,749.53,290960000
1994-12-30,749.26,751.98,746.87,751.96,332500000
1995-01-03,751.31,751.31,743.53,743.58,248750000
1995-01-04,744.77,746.42,740.47,745.84,290350016
1995-01-05,746.87,748.5,745.13,745.66,297510016
1995-01-06,746.27,750.73,745.76,749.69,312920000
1995-01-09,750.19,752.84,750.1,752.09,267090000
1995-01-10,754.27,759.22,754.27,756.52,353510016
1995-01-11,758.14,760.05,751.7,755.74,329520000
1995-01-12,755.66,757.05,754.65,756.51,302230016
1995-01-13,758.36,762.32,757.28,762.16,313630016
1995-01-16,762.3,769.13,762.19,768.16,301369984
1995-01-17,769.17,772.16,768.4,772.14,337329984
1995-01-18,773.01,774.31,769.18,772.38,348329984
1995-01-19,772.34,772.34,768.32,768.55,331830016
1995-01-20,767.99,768.12,759.32,762.05,342169984
1995-01-23,759.32,759.58,753.81,759.51,276420000
1995-01-24,760.52,763.33,759.82,763.2,298329984
1995-01-25,759.69,763.34,757.19,760.98,313100000
1995-01-26,761.05,762.32,757.56,757.56,295060000
1995-01-27,758.86,760.42,756.85,758.91,309380000
1995-01-30,759.63,760.57,751.49,751.83,259470000
1995-01-31,752.85,755.8,751.05,755.2,301430016
1995-02-01,756.68,762.33,756.68,758.31,309929984
1995-02-02,758.16,763.66,758.16,763.64,294260000
1995-02-03,766.51,773.94,766.51,772.06,379849984
1995-02-06,772.82,779.11,772.82,778.85,298480000
1995-02-07,779.79,780.93,776.97,778.97,320969984
1995-02-08,780.19,784.03,779.23,783.77,349420000
1995-02-09,785.04,787.89,784.97,785.44,381420000
1995-02-10,786.41,790.82,786.41,790.43,359380000
1995-02-13,789.7,792.09,788.72,789.42,300360000
1995-02-14,790.14,791.5,788.67,790.62,345249984
1995-02-15,790.76,795.63,789.74,795.63,382289984
1995-02-16,796.02,796.02,790.98,793.31,343990016
1995-02-17,791.99,791.99,786.83,786.97,294510016
1995-02-21,787.73,788.25,784.15,784.62,272620000
1995-02-22,783.96,788.26,783.51,787.93,302200000
1995-02-23,789.26,794.5,789.26,791.35,356980000
1995-02-24,790.8,791.8,787.12,791.08,318540000
1995-02-27,789.55,790.81,783.73,784.5,272260000
1995-02-28,785.53,794.01,784.72,793.73,323350016
1995-03-01,794.33,795.29,791.87,791.87,336510016
1995-03-02,792.4,793.69,790.72,793.68,297340000
1995-03-03,793.21,798.8,792.23,798.79,313590016
1995-03-06,796.53,797.79,791.7,797.77,265110000
1995-03-07,797.87,798.31,790.35,791.33,336760000
1995-03-08,793.05,795.81,791.51,795.81,313150016
1995-03-09,796.48,797.93,793.32,796.24,319470016
1995-03-10,795.96,802.22,795.78,802.22,330320000
1995-03-13,802.22,804.62,801.37,802.31,281070016
1995-03-14,804.46,809.18,804.46,808.24,347169984
1995-03-15,807.98,808.69,804.84,807.38,335510016
1995-03-16,807.18,809.59,806.8,809.34,340150016
1995-03-17,811.03,811.23,807.34,808.33,315350016
1995-03-20,808.35,810.66,807.4,810.49,277409984
1995-03-21,811.06,814.21,808.88,809.78,336150016
1995-03-22,808.65,809.43,806.7,809.1,315140000
1995-03-23,809.3,813.33,808.9,811.39,350790016
1995-03-24,812.96,818.67,812.87,818.66,402889984
1995-03-27,817.88,822.66,817.29,822.63,315230016
1995-03-28,822.91,826.17,821.57,826.14,350240000
1995-03-29,826.1,829.92,817.24,819.16,410380000
1995-03-30,820.65,822.24,811.23,816.86,363320000
1995-03-31,813.24,817.23,806.5,817.21,347849984
1995-04-03,816.06,818.28,812.25,818.05,273920000
1995-04-04,817.06,820.48,813.58,813.72,365640000
1995-04-05,813.68,816.32,810.89,816.32,348889984
1995-04-06,816.93,818.16,813.52,813.8,348320000
1995-04-07,814.84,816.19,811.56,814.69,331460000
1995-04-10,814.44,821.36,813.9,821.26,300920000
1995-04-11,824.12,825.74,821.69,824.83,355649984
1995-04-12,825.49,828.56,823.69,828.53,345180000
1995-04-13,829.06,832.9,828.86,832.64,359830016
1995-04-17,835.15,839.5,829.91,830.82,366500000
1995-04-18,833.37,834.45,825.01,825.74,377080000
1995-04-19,825.07,825.23,812.75,816.55,453960000
1995-04-20,817.89,819.1,813.95,819.01,408860000
1995-04-21,821.39,823.67,820.43,823.44,394510016
1995-04-24,823.25,829.48,821.53,828.91,318700000
1995-04-25,829.62,832.07,828.69,831.28,375489984
1995-04-26,830.47,836.91,829.17,836.91,392409984
1995-04-27,837.15,842.62,837.15,840.95,417550016
1995-04-28,841.66,844.42,837.45,843.98,375830016
1995-05-01,844.72,846.42,841.63,841.63,315660000
1995-05-02,841.93,842.82,839.43,841.79,348489984
1995-05-03,842.75,850.27,842.75,850.26,398809984
1995-05-04,851.5,856.79,846.07,846.75,421000000
1995-05-05,849.07,850.79,842.57,843.53,331889984
1995-05-08,843.48,849.84,842.76,849.29,320160000
1995-05-09,850.42,851.89,845.36,848.17,381750016
1995-05-10,850.48,851.99,845.75,847.62,380030016
1995-05-11,847.12,853.84,846.13,853.83,390710016
1995-05-12,853.74,859.88,852.52,858.94,404569984
1995-05-15,859.74,863.39,857.98,863.06,350040000
1995-05-16,863.39,868.86,862.56,868.25,382100000
1995-05-17,869.5,874.51,869.5,871.93,404110016
1995-05-18,872.53,874.44,864.05,864.06,388180000
1995-05-19,862.28,864.83,858.66,864.57,337190016
1995-05-22,865.57,871.58,865.42,871.18,344140000
1995-05-23,872.01,879.66,872.01,879.64,414920000
1995-05-24,882.9,885.92,875.99,877.98,439209984
1995-05-25,877.74,878.76,871.65,877.32,381560000
1995-05-26,876.26,876.26,870.04,871.87,302720000
1995-05-30,872.77,873.7,857.74,858.7,320360000
1995-05-31,859.17,864.58,851.72,864.58,376150016
1995-06-01,865.67,870.21,864.21,868.82,354420000
1995-06-02,867.12,875.12,863.84,872.97,351969984
1995-06-05,875.25,884.18,875.25,882.85,372350016
1995-06-06,882.83,885.83,879.4,879.4,387500000
1995-06-07,880.41,883.06,878.32,881.58,378420000
1995-06-08,882.18,886.3,882.18,886.13,378560000
1995-06-09,885.72,885.79,880.48,884.38,382600000
1995-06-12,885.55,889.33,885.55,887.98,352760000
1995-06-13,890.51,894.23,890.05,894.23,402980000
1995-06-14,892.26,896.28,891.02,895.72,421449984
1995-06-15,896.33,903.86,896.33,902.68,412280000
1995-06-16,904.37,908.65,904.14,908.65,403209984
1995-06-19,909.9,922.09,909.84,922.09,407000000
1995-06-20,924.11,929.85,924.01,929.83,444489984
1995-06-21,931.61,933.75,926,929.19,455280000
1995-06-22,941.17,941.17,931.26,940.09,474080000
1995-06-23,938.65,940.1,936.73,938.87,447260000
1995-06-26,938.33,939.14,926.79,926.98,384980000
1995-06-27,925.19,928.62,918.89,919.56,417489984
1995-06-28,918.08,921.99,913.02,920.52,395320000
1995-06-29,921.04,927.78,919.88,926.81,368600000
1995-06-30,928.02,934.03,928.02,933.45,402140000
1995-07-03,933.99,935.33,931.99,934.53,130770000
1995-07-05,937.05,943.48,937.05,941.82,370320000
1995-07-06,943.32,953,942.59,952.93,425540000
1995-07-07,952.9,969.77,952.64,969.76,512200000
1995-07-10,970.41,977.84,970.11,976.63,457320000
1995-07-11,975.39,975.53,970.2,970.22,443750016
1995-07-12,975.9,988.71,975.77,988.63,514470016
1995-07-13,989.27,999.59,988.25,994.15,530100000
1995-07-14,988.96,999.33,984.29,999.33,433600000
1995-07-17,1000.73,1007.18,1000.73,1005.89,466420000
1995-07-18,1005.65,1006.65,987.24,988.53,483649984
1995-07-19,988.53,988.53,936.97,952.87,597910016
1995-07-20,955.97,961.55,952.06,960.57,480830016
1995-07-21,959.25,967.51,957.95,961.77,468689984
1995-07-24,964.12,978.71,964.12,978.57,404089984
1995-07-25,984.01,994.73,983.64,993.75,499929984
1995-07-26,996.77,1002.57,996.77,1000.18,483900000
1995-07-27,1002.43,1011.84,1002.43,1010.66,508520000
1995-07-28,1009.99,1010.99,1003.28,1005.28,458560000
1995-07-31,1006.43,1023.03,995.76,1001.21,385569984
1995-08-01,1001.57,1001.72,986.17,991.11,436320000
1995-08-02,995.11,1001.33,983.53,983.75,486329984
1995-08-03,980.17,982.98,970.81,982.7,451900000
1995-08-04,983.8,991.46,983.8,991.09,378860000
1995-08-07,992.78,997.16,992.78,995.22,362449984
1995-08-08,997.31,999.69,995.05,997.12,403670016
1995-08-09,1003.4,1005.93,1002.67,1005.1,476489984
1995-08-10,1005.86,1007.04,998.88,1000.61,452260000
1995-08-11,1004.08,1006.54,999.52,1004.11,375760000
1995-08-14,1004.19,1012.44,1003.35,1012.44,371320000
1995-08-15,1014.59,1015.83,1007.18,1012.37,424440000
1995-08-16,1016.19,1025.76,1015.64,1025.75,472040000
1995-08-17,1026.39,1030.51,1023.92,1029.24,496820000
1995-08-18,1032.63,1034.13,1028.48,1031.28,470540000
1995-08-21,1033.02,1035.19,1017.74,1019.7,437980000
1995-08-22,1021.48,1025.56,1016.39,1025.29,466030016
1995-08-23,1027.33,1029.46,1024.65,1028.19,430809984
1995-08-24,1028.26,1029.23,1019.2,1020.93,449460000
1995-08-25,1021.53,1022.73,1019.07,1019.97,383360000
1995-08-28,1020.7,1021.49,1008,1008.15,397790016
1995-08-29,1007.86,1007.99,989.48,1003.64,470640000
1995-08-30,1006.96,1012.74,1006.96,1012.61,401840000
1995-08-31,1013.88,1020.64,1013.65,1020.11,375820000
1995-09-01,1019.42,1020.6,1016.93,1019.47,292449984
1995-09-05,1021.73,1039.3,1021.73,1039.3,387000000
1995-09-06,1040.67,1046.33,1040.67,1044.28,464049984
1995-09-07,1048.48,1053.98,1047.75,1051.08,489860000
1995-09-08,1052.58,1060.04,1048.13,1060.03,464600000
1995-09-11,1060.47,1068.17,1060.47,1066.56,441840000
1995-09-12,1068.7,1070.23,1064.12,1065,467929984
1995-09-13,1065.34,1069.82,1062.9,1067.4,498920000
1995-09-14,1068.23,1069.63,1063.72,1066.96,484609984
1995-09-15,1062.94,1062.94,1047.7,1051.1,520200000
1995-09-18,1052,1052.16,1041.68,1050.18,406980000
1995-09-19,1049.01,1060.66,1049.01,1060.32,466680000
1995-09-20,1063.42,1066.95,1063.42,1065.09,514820000
1995-09-21,1062.73,1063.8,1054.63,1058.51,469689984
1995-09-22,1055.68,1055.68,1048.04,1053.39,439040000
1995-09-25,1053.53,1053.91,1042.64,1046.15,312670016
1995-09-26,1048.04,1052.88,1038.04,1038.05,426670016
1995-09-27,1035,1035,1008.44,1026.54,523529984
1995-09-28,1028.49,1047.06,1028.49,1047.05,448420000
1995-09-29,1047.79,1051.4,1040.24,1043.54,463580000
1995-10-02,1041.39,1043.04,1027.16,1027.57,393760000
1995-10-03,1027.99,1028.66,1012.25,1020.45,456000000
1995-10-04,1017.04,1017.04,1001.71,1002.27,386390016
1995-10-05,1002.07,1014.21,1000.03,1014.2,456560000
1995-10-06,1017.94,1022.81,1011.4,1012.04,450009984
1995-10-09,1006.81,1006.81,982.36,984.74,403569984
1995-10-10,978.64,984.46,959.36,983.47,532680000
1995-10-11,992.63,1001.58,990.87,1001.57,454220000
1995-10-12,1003.58,1015.64,1003.58,1015.63,421760000
1995-10-13,1020.33,1024.32,1018.16,1018.38,425540000
1995-10-16,1018.33,1021.45,1016.51,1018.13,325980000
1995-10-17,1021.53,1035.44,1018.74,1035.44,434620000
1995-10-18,1045.32,1050.65,1042.78,1045.37,544550016
1995-10-19,1042.8,1047.82,1039.4,1046.97,470889984
1995-10-20,1046.64,1048.01,1036.86,1039.53,428030016
1995-10-23,1035.28,1038.05,1031.27,1036.92,368550016
1995-10-24,1039.53,1042.13,1038.18,1039.24,445689984
1995-10-25,1040.1,1040.93,1026.44,1026.47,456100000
1995-10-26,1026.2,1027.53,1007.44,1017.57,479020000
1995-10-27,1016.41,1025.56,1012.54,1025.55,440320000
1995-10-30,1028.17,1040.15,1028.17,1039.69,416390016
1995-10-31,1043.57,1046.03,1035.93,1036.06,469860000
1995-11-01,1037.3,1040.61,1034.39,1040.5,437200000
1995-11-02,1042.11,1057.33,1041.96,1057.32,499400000
1995-11-03,1059.15,1065.66,1056.54,1065.66,451920000
1995-11-06,1065.63,1067.8,1061.45,1062.14,390760000
1995-11-07,1058.99,1058.99,1038.63,1043.9,519030016
1995-11-08,1046,1053.77,1044.97,1047.94,476910016
1995-11-09,1057.03,1065.64,1057.03,1065.59,478190016
1995-11-10,1063.72,1068.81,1060.93,1063.87,473140000
1995-11-13,1063.21,1065.78,1057.34,1058.46,395980000
1995-11-14,1054.14,1054.76,1040.62,1040.62,447249984
1995-11-15,1044.16,1045.94,1033.21,1041.85,459390016
1995-11-16,1038.33,1048.94,1037.17,1044.48,492420000
1995-11-17,1045.27,1046.93,1042.23,1045.03,477980000
1995-11-20,1048.07,1049.89,1029.47,1029.47,438110016
1995-11-21,1029.24,1029.24,1016.58,1024.99,537910016
1995-11-22,1027.36,1031.26,1021.24,1021.24,418960000
1995-11-24,1022.84,1030.18,1022.84,1030.17,136100000
1995-11-27,1034,1037.82,1029.07,1029.32,439220000
1995-11-28,1030.65,1050.06,1029.51,1050.05,497080000
1995-11-29,1052.68,1057.58,1049.55,1057.57,534400000
1995-11-30,1056.77,1061.88,1056.01,1059.2,542960000
1995-12-01,1060.66,1060.83,1053.25,1055.31,495080000
1995-12-04,1057.95,1072.3,1056.93,1069.79,505030016
1995-12-05,1071.24,1074.85,1064.14,1065.89,567379968
1995-12-06,1067.86,1069.8,1055.47,1061.73,567670016
1995-12-07,1061.89,1061.89,1048.27,1053.17,491230016
1995-12-08,1056.43,1062.44,1052.29,1062.41,455910016
1995-12-11,1064.68,1065.73,1061.48,1061.5,423760000
1995-12-12,1061.98,1061.98,1051.75,1052.07,463860000
1995-12-13,1054.46,1058.6,1053.02,1056.54,484120000
1995-12-14,1057.03,1058.34,1038.17,1038.19,565699968
1995-12-15,1041.11,1041.76,1028.22,1030.48,581830016
1995-12-18,1029.12,1029.12,1001.53,1002.56,576640000
1995-12-19,1005.43,1026.41,1004.73,1026.41,564329984
1995-12-20,1032.51,1036.28,1025.03,1025.27,567889984
1995-12-21,1030.24,1040.65,1030.24,1040.64,532800000
1995-12-22,1041.48,1046.89,1041.48,1046.89,420600000
1995-12-26,1047.56,1049.63,1045.57,1049.37,332769984
1995-12-27,1049.9,1051.27,1046.05,1048.13,384320000
1995-12-28,1044.38,1044.38,1039.56,1042.22,449670016
1995-12-29,1042.26,1052.18,1040.25,1052.13,541910016
1996-01-02,1052.83,1058.88,1048.47,1058.65,399620000
1996-01-03,1056.36,1058.92,1045.32,1046.26,506550016
1996-01-04,1047.2,1047.64,1021.57,1029.82,629969984
1996-01-05,1022.41,1033.47,1017.69,1033.47,548129984
1996-01-08,1034.94,1035.62,1031.34,1032.37,142690000
1996-01-09,1031.61,1031.61,997.66,998.81,545790016
1996-01-10,991.93,1003.24,987.98,990.21,603420032
1996-01-11,999.92,1011.1,998.29,1011.1,513200000
1996-01-12,1013.26,1014.91,1001.92,1008.23,485300000
1996-01-15,1009.96,1010.24,988.57,988.57,422660000
1996-01-16,994.31,995.88,977.79,995.87,561849984
1996-01-17,987.28,1006.24,986.32,998.3,613689984
1996-01-18,1003.37,1007.43,999.47,1007.24,536760000
1996-01-19,1009.6,1019.52,1009.05,1018.45,571120000
1996-01-22,1019.72,1029.47,1019.14,1029.44,484430016
1996-01-23,1029.53,1031.61,1027.29,1028.04,533870016
1996-01-24,1032.69,1043.46,1032.69,1043.46,593000000
1996-01-25,1045.17,1046,1035.25,1035.95,582809984
1996-01-26,1034.71,1040.97,1032.26,1040.96,513609984
1996-01-29,1042.53,1044.49,1039.87,1042.51,434380000
1996-01-30,1045.35,1052.3,1045.35,1051.3,542190016
1996-01-31,1052.21,1059.81,1048.14,1059.79,561169984
1996-02-01,1058.26,1069.46,1057.82,1069.46,583070016
1996-02-02,1071.65,1076.32,1069.9,1072.11,561260032
1996-02-05,1072.95,1083.36,1070.8,1083.34,512040000
1996-02-06,1084.08,1090.6,1084,1089.08,589489984
1996-02-07,1088.87,1089.98,1081.26,1084.88,611640000
1996-02-08,1084.93,1093.51,1080.65,1093.17,556579968
1996-02-09,1093.39,1098.85,1089.97,1094.6,552649984
1996-02-12,1094.84,1098.94,1094.66,1095.38,494040000
1996-02-13,1084.45,1093.76,1079.94,1087.22,525249984
1996-02-14,1089.6,1093.44,1083.83,1088.03,515889984
1996-02-15,1087.59,1092.26,1086.67,1090.54,493760000
1996-02-16,1091.39,1092.01,1085.62,1090.71,459680000
1996-02-20,1085.52,1088.95,1080.03,1083.24,459680000
1996-02-21,1085.12,1096.94,1084.96,1096.85,485809984
1996-02-22,1100.17,1117.53,1100.17,1117.11,641139968
1996-02-23,1118.6,1121.89,1109.15,1117.79,583520000
1996-02-26,1116.53,1119.1,1111.09,1113.05,473800000
1996-02-27,1114.13,1115.39,1105.17,1106.17,514460000
1996-02-28,1109.6,1114.92,1106.67,1107.55,543440000
1996-02-29,1102.17,1105.46,1098.09,1100.05,533230016
1996-03-01,1098.94,1100.29,1082.97,1086.08,587169984
1996-03-04,1088.91,1091.77,1083.26,1084.88,474380000
1996-03-05,1084.24,1096.82,1083.24,1096.81,491900000
1996-03-06,1096.89,1099.07,1091.82,1091.82,532540000
1996-03-07,1092.77,1095.37,1090.48,1093.12,509360000
1996-03-08,1080.82,1081.3,1057.87,1063.73,583640000
1996-03-11,1065,1080.64,1064.64,1080.5,457880000
1996-03-12,1078.72,1078.72,1066.04,1073.05,459340000
1996-03-13,1079.91,1089.03,1077.99,1088.64,482340000
1996-03-14,1090.87,1096.45,1090.87,1091.07,512870016
1996-03-15,1092.69,1099.66,1089.84,1099.59,514420000
1996-03-18,1102.78,1114.43,1102.78,1114.42,498780000
1996-03-19,1118.02,1119.84,1110.28,1112.5,520590016
1996-03-20,1110.74,1111.75,1099.42,1101.82,529620000
1996-03-21,1102.64,1104.1,1098.76,1099.79,499240000
1996-03-22,1101.82,1103.4,1096.23,1102.22,475630016
1996-03-25,1104.31,1107.09,1087.03,1087.09,476710016
1996-03-26,1085.12,1090.17,1079.9,1088.35,544620032
1996-03-27,1091.34,1098.76,1089.71,1093.88,500520000
1996-03-28,1091.09,1096.72,1089.77,1094.83,483209984
1996-03-29,1097.68,1105.34,1097.68,1101.4,514089984
1996-04-01,1105.77,1107.29,1102.94,1106.57,463880000
1996-04-02,1107.98,1111.43,1106.85,1111.29,492190016
1996-04-03,1109.71,1115.9,1106.63,1115.85,529750016
1996-04-04,1116.05,1119.35,1114.73,1118.21,503889984
1996-04-08,1106.32,1106.67,1093.66,1105.66,517700000
1996-04-09,1111.26,1115.14,1107.34,1109.15,561670016
1996-04-10,1108.98,1117.69,1105.1,1105.28,556310016
1996-04-11,1105.15,1108.7,1092.44,1097.14,534300000
1996-04-12,1098.61,1101.68,1096.19,1100.94,483760000
1996-04-15,1102.8,1110.49,1102.69,1110.44,461860000
1996-04-16,1118.32,1124.92,1117.59,1124.92,613920000
1996-04-17,1124.35,1126.53,1118.28,1120.87,577800000
1996-04-18,1124.81,1142.86,1124.81,1136.3,577320000
1996-04-19,1141.99,1143.31,1137.7,1138.7,593120000
1996-04-22,1143.08,1153.52,1143.08,1153.5,582590016
1996-04-23,1155.31,1166.77,1153.45,1166.76,650190016
1996-04-24,1171.44,1176.85,1170.32,1176.83,728620032
1996-04-25,1177.99,1184.19,1174.35,1184.17,720790016
1996-04-26,1184.78,1188.89,1183.09,1186.89,643299968
1996-04-29,1186.67,1188.86,1184.05,1188.2,553980032
1996-04-30,1189.4,1190.87,1185.58,1190.52,604790016
1996-05-01,1190.48,1200.19,1190.15,1199.66,654270016
1996-05-02,1199.76,1199.76,1178.24,1178.33,646950016
1996-05-03,1184.44,1193.47,1181.49,1184.6,705219968
1996-05-06,1186.83,1189.85,1179.05,1186.31,680150016
1996-05-07,1188.43,1189.69,1181.3,1182.67,806499968
1996-05-08,1180.74,1183.44,1163.21,1183.43,756920000
1996-05-09,1184.85,1189.84,1184.79,1187.82,635710016
1996-05-10,1193.16,1202.78,1193.16,1202.76,606019968
1996-05-13,1204.33,1221.87,1204.03,1221.87,595270016
1996-05-14,1226.07,1234.96,1226.07,1234.49,690200000
1996-05-15,1236.27,1242.92,1233.41,1233.56,687990016
1996-05-16,1228.97,1239.31,1225.39,1239.31,620950016
1996-05-17,1242.1,1243.3,1240.74,1241.88,630659968
1996-05-20,1246,1249.26,1243.27,1248.11,589729984
1996-05-21,1250.48,1252.81,1244.42,1244.42,690480000
1996-05-22,1243.45,1248.43,1240.79,1247.38,693400000
1996-05-23,1249.19,1252.37,1245.52,1248.65,757950016
1996-05-24,1249.9,1251.73,1247.16,1247.8,610280000
1996-05-28,1249.6,1251.23,1235.86,1236.3,643129984
1996-05-29,1237.01,1238.44,1222.96,1225.63,636099968
1996-05-30,1226.88,1235.47,1222.95,1233.48,605030016
1996-05-31,1238.97,1243.74,1235.56,1243.43,607689984
1996-06-03,1242.54,1243.35,1238.12,1238.73,525169984
1996-06-04,1242.06,1244.86,1240.2,1243.68,645710016
1996-06-05,1242.73,1249.85,1241.85,1249.15,649939968
1996-06-06,1252,1254.12,1232.52,1232.52,673889984
1996-06-07,1222.1,1229.78,1206.53,1229.76,600979968
1996-06-10,1231.5,1233.55,1229.14,1230.04,476470016
1996-06-11,1233.45,1237.4,1230.06,1230.76,554300032
1996-06-12,1235.85,1240.78,1234.62,1235.47,543980032
1996-06-13,1236.24,1236.76,1222.02,1225.65,564470016
1996-06-14,1225.15,1225.57,1213.18,1213.18,509880000
1996-06-17,1215.3,1217.13,1207.03,1207.64,448160000
1996-06-18,1207.26,1207.26,1182.48,1183.08,621350016
1996-06-19,1185.33,1187.95,1177.71,1179.27,600609984
1996-06-20,1181.4,1182.39,1152.79,1167.34,669830016
1996-06-21,1174.31,1176.11,1171.16,1175.44,540110016
1996-06-24,1177.93,1185.39,1176.42,1182.9,500470016
1996-06-25,1185.45,1186.33,1172.46,1172.58,553660032
1996-06-26,1171.37,1171.37,1147.75,1153.29,605340032
1996-06-27,1153.7,1166.18,1148.33,1166.01,566009984
1996-06-28,1171.61,1185.04,1171.61,1185.02,628769984
1996-07-01,1185.64,1198.04,1185.64,1197.45,501849984
1996-07-02,1196.9,1196.9,1191.14,1191.15,517630016
1996-07-03,1191.3,1191.4,1180.89,1181.6,499320000
1996-07-05,1172.81,1172.81,1158.34,1158.35,216200000
1996-07-08,1157.69,1160.98,1148.36,1148.82,446400000
1996-07-09,1154.78,1157.15,1152.28,1153.59,486900000
1996-07-10,1153.24,1154.08,1132.63,1141.19,538009984
1996-07-11,1141.19,1141.22,1094.22,1106.36,694929984
1996-07-12,1111.72,1113.33,1095.36,1103.49,541539968
1996-07-15,1102.52,1103.5,1059.36,1060.19,587009984
1996-07-16,1056.15,1065.33,1008.44,1053.47,877329984
1996-07-17,1070.77,1087.66,1053.47,1086.65,701139968
1996-07-18,1093.74,1109.86,1086.65,1109.82,640339968
1996-07-19,1106.85,1109.82,1092.24,1097.68,531609984
1996-07-22,1096.28,1097.7,1067.85,1081.39,419110016
1996-07-23,1084.61,1085.73,1047.89,1049.07,598040000
1996-07-24,1030.5,1049.06,1017.64,1042.37,678049984
1996-07-25,1049.79,1062.4,1041.89,1062.39,541900032
1996-07-26,1065.84,1079.63,1062.39,1079.44,473140000
1996-07-29,1079.21,1082.14,1066.3,1066.47,417780000
1996-07-30,1072.47,1075.57,1063.2,1071.95,418470016
1996-07-31,1073.66,1082.12,1070.99,1080.59,481220000
1996-08-01,1081.34,1098.92,1080.41,1098.85,500640000
1996-08-02,1109.02,1125.98,1098.85,1124.92,577240000
1996-08-05,1127.91,1129.23,1120.04,1120.53,394230016
1996-08-06,1118.1,1128.89,1113.87,1128.87,450040000
1996-08-07,1132.88,1141.4,1128.18,1141.11,534140000
1996-08-08,1139.15,1141.12,1136.26,1137.51,470100000
1996-08-09,1134.1,1141.3,1132.04,1137.27,457369984
1996-08-12,1136.69,1139.8,1130.16,1138.27,366740000
1996-08-13,1135.46,1138.28,1123.92,1126.15,405240000
1996-08-14,1127.94,1133.76,1126.15,1133.51,428620000
1996-08-15,1132.04,1136.04,1129.63,1134.69,457750016
1996-08-16,1135.77,1137.77,1132.47,1133.65,420750016
1996-08-19,1133.92,1135.11,1128.99,1130.91,350169984
1996-08-20,1132,1132.79,1124.59,1124.67,406169984
1996-08-21,1122.17,1128.81,1118.62,1126.84,416540000
1996-08-22,1129.98,1143.96,1126.82,1143.96,495049984
1996-08-23,1142.83,1146.82,1140.42,1143.05,434320000
1996-08-26,1144.36,1144.36,1137.29,1139.22,422089984
1996-08-27,1141.71,1149.04,1141.71,1149.02,491129984
1996-08-28,1150.11,1153.9,1150.11,1153.88,461520000
1996-08-29,1152.86,1152.86,1143.76,1145.03,419990016
1996-08-30,1147.71,1148.49,1139,1141.5,336609984
1996-09-03,1133.3,1142.36,1123.14,1142.29,394510016
1996-09-04,1143.64,1145.81,1140.54,1143.82,439820000
1996-09-05,1139.35,1139.35,1125.66,1125.66,461969984
1996-09-06,1128.76,1141.56,1128.76,1139.39,471020000
1996-09-09,1140.79,1149.15,1140.79,1148.71,437009984
1996-09-10,1149.16,1150.85,1144.37,1149.43,479129984
1996-09-11,1145.77,1154.39,1143.9,1153.95,487020000
1996-09-12,1156.28,1166.79,1151.66,1165.81,543500032
1996-09-13,1175.85,1188.68,1175.85,1188.67,638560000
1996-09-16,1190.04,1199.59,1190.04,1193.96,575520000
1996-09-17,1204.04,1205.28,1187.5,1203.31,632220032
1996-09-18,1201.18,1213.39,1196.91,1205.71,552929984
1996-09-19,1204.67,1213.13,1203.36,1212.09,563280000
1996-09-20,1213.8,1221.03,1210.19,1219.69,590560000
1996-09-23,1216.69,1216.69,1207.8,1211.47,366280000
1996-09-24,1210.96,1220.51,1210.76,1215.27,583420032
1996-09-25,1219.66,1224.66,1219.66,1224.66,622590016
1996-09-26,1228.29,1237.26,1222.72,1227.98,721820032
1996-09-27,1229.69,1231.58,1226.59,1230.05,561539968
1996-09-30,1229.14,1233.96,1226.09,1226.92,524289984
1996-10-01,1223.73,1227.44,1214.6,1221.51,542529984
1996-10-02,1224.01,1236.13,1221.51,1236.11,576590016
1996-10-03,1237.25,1239.11,1232.95,1233.09,575390016
1996-10-04,1240.12,1247.57,1240.12,1247.56,562729984
1996-10-07,1247.14,1252.59,1246.9,1250.87,480670016
1996-10-08,1253.41,1256.72,1239.85,1240.15,561769984
1996-10-09,1247.55,1249.57,1235.47,1237.98,566240000
1996-10-10,1235.13,1243.14,1232.64,1236.97,579110016
1996-10-11,1241.97,1248.5,1241.97,1248.27,526809984
1996-10-14,1250.67,1256.81,1250.67,1256.36,438409984
1996-10-15,1267.56,1269.62,1252.54,1258.1,571219968
1996-10-16,1256.73,1256.73,1244.94,1250.99,546750016
1996-10-17,1253.58,1255.66,1241.96,1241.96,580140032
1996-10-18,1242.92,1243.33,1238.24,1242.48,545880000
1996-10-21,1241.95,1253.32,1233.85,1236.41,489140000
1996-10-22,1233.17,1236.41,1215.48,1220,600390016
1996-10-23,1219.02,1228.33,1215.08,1227.88,549809984
1996-10-24,1230.92,1235.67,1226.61,1227,541760000
1996-10-25,1227.13,1230.37,1222.38,1222.6,551670016
1996-10-28,1225.39,1229.63,1215.72,1215.89,502500000
1996-10-29,1219.94,1222.13,1202.36,1203.05,549440000
1996-10-30,1206,1208.05,1203.05,1206.23,537520000
1996-10-31,1209.04,1221.61,1206.23,1221.51,567369984
1996-11-01,1223.72,1224.82,1218.27,1221.78,544419968
1996-11-04,1223.47,1224.12,1218.23,1220.48,436620000
1996-11-05,1223.1,1231.74,1223.1,1229.07,567880000
1996-11-06,1230.8,1245.5,1228.62,1245.49,621939968
1996-11-07,1245.65,1256.79,1243.63,1254.14,651200000
1996-11-08,1254.32,1257.62,1248.72,1257.51,543609984
1996-11-11,1258.24,1262.77,1256.43,1262.67,435160000
1996-11-12,1267.38,1268.6,1255.59,1256.53,593409984
1996-11-13,1259.73,1261.9,1254.33,1260.72,574950016
1996-11-14,1260.95,1270.9,1256.89,1270.36,602310016
1996-11-15,1273.06,1274.76,1257.55,1261.8,613020032
1996-11-18,1263.08,1263.29,1250.21,1254.57,492940000
1996-11-19,1253.86,1262.94,1252.97,1262.62,547459968
1996-11-20,1264.77,1272.46,1261.76,1264.94,558920000
1996-11-21,1267.75,1268.62,1256.01,1258.08,569870016
1996-11-22,1262.86,1274.66,1262.86,1274.36,669240000
1996-11-25,1275.41,1281.22,1272.45,1280.37,622819968
1996-11-26,1281.7,1283.88,1271.54,1281.2,627420032
1996-11-27,1281.98,1287.42,1279.15,1287.32,493289984
1996-11-29,1287.97,1293.75,1287.32,1292.61,207100000
1996-12-02,1294.78,1299.82,1287.01,1299.82,515460000
1996-12-03,1303.68,1313.38,1299.35,1300.37,681120000
1996-12-04,1300.92,1303.27,1288.63,1297.02,626419968
1996-12-05,1299.55,1303.43,1296.73,1300.12,602409984
1996-12-06,1275.9,1293.87,1258.89,1287.68,644540032
1996-12-09,1296.18,1316.31,1287.65,1316.27,574009984
1996-12-10,1325.15,1328.95,1312.28,1312.55,676520000
1996-12-11,1300.85,1312.55,1291.51,1309.12,628969984
1996-12-12,1320.55,1324.38,1298.28,1298.33,581260032
1996-12-13,1291.4,1298.39,1281.43,1284.91,553660032
1996-12-16,1289.72,1292.24,1257.78,1260.98,518000000
1996-12-17,1255.28,1266.62,1251.03,1266.32,613230016
1996-12-18,1274.51,1285.71,1266.38,1285.38,617600000
1996-12-19,1292.83,1296.93,1285.38,1295.86,645670016
1996-12-20,1303.03,1304.56,1286.76,1288.56,628630016
1996-12-23,1290.68,1291.28,1276.93,1279.52,483680000
1996-12-24,1280.56,1287.63,1277.81,1287.63,261250000
1996-12-26,1289.74,1294.66,1287.57,1294.57,384560000
1996-12-27,1296.18,1297.15,1291.06,1291.38,390280000
1996-12-30,1295.18,1297.01,1287.7,1287.75,559630016
1996-12-31,1289.24,1291.88,1285.45,1291.03,666009984
1997-01-02,1292.65,1293.63,1272.34,1280.7,492350016
1997-01-03,1288.02,1310.84,1280.7,1310.68,519140000
1997-01-06,1314.34,1321.47,1310.63,1316.4,588140032
1997-01-07,1316.91,1327.82,1312.08,1327.73,577740032
1997-01-08,1329.6,1330.77,1319.94,1320.35,666489984
1997-01-09,1325.23,1327.24,1320.33,1326.2,621950016
1997-01-10,1317.38,1332.02,1311.78,1332.02,659529984
1997-01-13,1335.45,1337.77,1328.71,1330.91,612089984
1997-01-14,1337.38,1349.01,1330.91,1346.36,629070016
1997-01-15,1347.7,1347.84,1333.41,1333.53,681169984
1997-01-16,1340.14,1347.39,1333.53,1340.46,712969984
1997-01-17,1340.61,1350.53,1339.8,1349.05,673120000
1997-01-20,1351.14,1365.62,1349.05,1364.28,592380032
1997-01-21,1363.44,1377.49,1360.61,1376.97,681849984
1997-01-22,1377.85,1388.06,1373.3,1388.06,720790016
1997-01-23,1393.15,1400.53,1378.23,1378.37,795360000
1997-01-24,1375.6,1379.95,1360.48,1363.83,721430016
1997-01-27,1367.41,1368,1352.18,1352.81,537779968
1997-01-28,1365.91,1370.69,1349.28,1354.37,658960000
1997-01-29,1359.32,1360.76,1349.54,1355.17,599260032
1997-01-30,1362.05,1371.03,1360.63,1371.02,653640000
1997-01-31,1374.98,1381.97,1374.98,1379.85,679190016
1997-02-03,1383.97,1384.51,1374.57,1376.05,537539968
1997-02-04,1376.7,1377.78,1362.81,1373.75,606160000
1997-02-05,1373.95,1375.05,1339.64,1348.44,680460032
1997-02-06,1351.11,1351.71,1340.54,1346.4,623489984
1997-02-07,1354.91,1360.53,1346.29,1357.71,644310016
1997-02-10,1360.46,1362.21,1335.34,1335.34,629500032
1997-02-11,1342.11,1342.71,1319.69,1331.51,650979968
1997-02-12,1337.48,1358.97,1336.57,1358.96,669230016
1997-02-13,1364.52,1373.75,1358.95,1370.81,730409984
1997-02-14,1370.25,1373.04,1364.24,1367.19,587209984
1997-02-18,1369.16,1370.32,1358.05,1365.79,563710016
1997-02-19,1366.34,1370.43,1362.37,1365.58,616099968
1997-02-20,1362.62,1365.62,1345.62,1347.4,609670016
1997-02-21,1346.46,1347.77,1332.05,1334.32,612769984
1997-02-24,1328.4,1345.34,1325.16,1345.08,574060032
1997-02-25,1349.81,1355.67,1342.68,1347.69,700880000
1997-02-26,1350.17,1351.97,1333.24,1340.55,640940032
1997-02-27,1339.62,1340.95,1312.59,1312.66,673500032
1997-02-28,1310.97,1313.9,1296.88,1309,686880000
1997-03-03,1306.21,1311.96,1301.83,1311.18,531980000
1997-03-04,1316.2,1330.04,1316.2,1317.37,597100032
1997-03-05,1322.38,1329.28,1320.73,1329.09,660099968
1997-03-06,1331.46,1332.34,1314.9,1315.43,641409984
1997-03-07,1319.74,1324.23,1308.96,1311.8,636329984
1997-03-10,1312.72,1322.72,1306.79,1322.72,562649984
1997-03-11,1323.91,1326.08,1314.42,1316.76,573769984
1997-03-12,1314.97,1314.97,1300.77,1304.13,564220032
1997-03-13,1302.48,1307.66,1291.7,1293.28,553470016
1997-03-14,1299.73,1303,1291.86,1292.97,589900032
1997-03-17,1289.36,1292.97,1265.17,1279.43,580849984
1997-03-18,1282.6,1283.01,1264.52,1269.34,540270016
1997-03-19,1264.35,1264.35,1239.76,1249.29,704760000
1997-03-20,1252.53,1262.66,1243.04,1259.26,632060032
1997-03-21,1263.61,1267.28,1253.71,1254.07,571120000
1997-03-24,1251.07,1251.07,1230.96,1242.64,594969984
1997-03-25,1247.11,1253.87,1241.52,1248.06,544049984
1997-03-26,1252.87,1269.08,1248.06,1269.08,591609984
1997-03-27,1274.83,1277.36,1241.24,1249.51,579950016
1997-03-31,1246.35,1246.35,1220.4,1221.7,583640000
1997-04-01,1211.28,1222.26,1206.72,1216.93,599440000
1997-04-02,1217.44,1217.44,1199.41,1201,583249984
1997-04-03,1199.12,1213.77,1196.22,1213.76,580489984
1997-04-04,1208.65,1236.73,1206.51,1236.73,667640000
1997-04-07,1245.83,1256.12,1245.83,1251.35,568270016
1997-04-08,1253.05,1257.4,1245.57,1257.37,522449984
1997-04-09,1263.95,1267.41,1248.44,1249.43,564040000
1997-04-10,1248.31,1248.31,1235.57,1235.77,520769984
1997-04-11,1224.35,1224.35,1206.9,1206.9,533990016
1997-04-14,1209.04,1216.42,1199.68,1216.41,471240000
1997-04-15,1221.95,1228.5,1205.93,1212.88,572049984
1997-04-16,1209.33,1215.44,1202.77,1210.27,575510016
1997-04-17,1214.1,1224.14,1210.27,1217.07,600609984
1997-04-18,1232.46,1233.01,1217.07,1222.57,574960000
1997-04-21,1221.98,1223.42,1202.6,1203.95,546339968
1997-04-22,1205.23,1212.74,1194.16,1212.74,619440000
1997-04-23,1214.64,1228.33,1213.04,1227.14,584320000
1997-04-24,1238,1242.16,1227.93,1228.1,586819968
1997-04-25,1224.42,1228.27,1209.19,1209.29,497289984
1997-04-28,1211.87,1220.08,1203.97,1217.03,453000000
1997-04-29,1233.25,1242.64,1233.25,1242.63,573420032
1997-04-30,1238.95,1263.99,1237.81,1260.76,657059968
1997-05-01,1263.93,1273,1260.94,1270.5,615619968
1997-05-02,1275.51,1305.38,1275.51,1305.33,723590016
1997-05-05,1311.7,1339.86,1311.7,1339.24,835139968
1997-05-06,1334.45,1334.45,1324.25,1328.3,741910016
1997-05-07,1321.83,1333.56,1319.75,1322.91,610710016
1997-05-08,1317.76,1337.74,1316.05,1330.83,620049984
1997-05-09,1338.8,1343.01,1325.61,1335.05,544809984
1997-05-12,1339.05,1345.11,1339.05,1344.19,529710016
1997-05-13,1343.83,1346.22,1332.1,1333.59,578609984
1997-05-14,1337.34,1339.98,1328.07,1335.55,612480000
1997-05-15,1335.56,1353.98,1334.92,1353.58,595400000
1997-05-16,1347.53,1347.53,1339.94,1340.73,562760000
1997-05-19,1343.32,1344.91,1335.95,1341.24,451060000
1997-05-20,1342.17,1363.89,1338.42,1363.88,531940000
1997-05-21,1373.15,1380.9,1373.15,1373.75,654889984
1997-05-22,1376.18,1378.26,1366.76,1372.6,551360000
1997-05-23,1377.73,1389.75,1377.73,1389.72,539440000
1997-05-27,1388,1409.39,1386.83,1409.21,634040000
1997-05-28,1411.65,1414.26,1403.73,1410.18,646840000
1997-05-29,1412.49,1414.25,1401.85,1403.04,611459968
1997-05-30,1355.8,1403.25,1352.65,1400.32,713769984
1997-06-02,1407.07,1408.49,1394.72,1404.79,555219968
1997-06-03,1397.49,1397.49,1384.67,1384.91,586409984
1997-06-04,1387.46,1392.99,1375.45,1379.67,594220032
1997-06-05,1385.74,1393.79,1385.74,1390.05,560950016
1997-06-06,1390.13,1405.29,1387.63,1404.84,586009984
1997-06-09,1410.69,1416.77,1410.69,1412.04,558860032
1997-06-10,1410.31,1415.66,1398.22,1401.69,664990016
1997-06-11,1401.14,1408.01,1394.44,1407.85,623699968
1997-06-12,1404.53,1414.63,1399.67,1411.32,630230016
1997-06-13,1411.71,1426.73,1410.76,1423.03,593870016
1997-06-16,1423.74,1432,1421.74,1431.95,500070016
1997-06-17,1429.64,1445.6,1426.26,1443.11,618760000
1997-06-18,1433.47,1433.47,1428.84,1432.43,588339968
1997-06-19,1433.36,1448.45,1432.43,1447.14,651740032
1997-06-20,1447.45,1453.39,1444.42,1447.1,612259968
1997-06-23,1444.84,1451.07,1433.33,1434.32,553910016
1997-06-24,1443.93,1452.68,1443.93,1452.43,630080000
1997-06-25,1453.88,1467.29,1439.1,1446.24,672870016
1997-06-26,1442.5,1447.82,1435.1,1436.38,612940032
1997-06-27,1441.29,1444.95,1436.38,1438.15,548480000
1997-06-30,1439.47,1448.68,1432.07,1442.07,637020032
1997-07-01,1442.65,1444.12,1432.42,1438.25,589030016
1997-07-02,1443.24,1455.8,1437.15,1455.61,622390016
1997-07-03,1464.07,1469.36,1464.07,1467.61,371760000
1997-07-07,1472.61,1477.25,1466.57,1470.74,546110016
1997-07-08,1471.45,1485.16,1469.94,1485.1,635390016
1997-07-09,1491.84,1494.89,1483.21,1486.63,707870016
1997-07-10,1485.67,1491.97,1476.21,1490.93,637320000
1997-07-11,1489.71,1503.31,1485.31,1502.62,651459968
1997-07-14,1506.97,1523.88,1506.97,1523.88,677580032
1997-07-15,1534.57,1543.19,1523.88,1542.11,726929984
1997-07-16,1561.41,1581.45,1561.41,1580.63,836200000
1997-07-17,1581.25,1582.63,1564.57,1568.85,750889984
1997-07-18,1559.5,1559.5,1535.74,1547.99,668550016
1997-07-21,1548.1,1549.23,1530.23,1536.23,535710016
1997-07-22,1539,1564.01,1538.55,1563.86,647960000
1997-07-23,1571.33,1578.03,1562.37,1567.65,693280000
1997-07-24,1565.87,1571.03,1553.23,1569.13,742099968
1997-07-25,1571.69,1576.95,1561.42,1569.58,666600000
1997-07-28,1573.09,1574.13,1560.51,1563.53,589500032
1997-07-29,1560.47,1572.32,1557.56,1572.32,632300032
1997-07-30,1573.13,1589.81,1570.79,1588.05,724950016
1997-07-31,1591.56,1595.76,1585.09,1593.81,677689984
1997-08-01,1594.67,1599.03,1580.5,1594.33,584019968
1997-08-04,1593.09,1605.74,1593.09,1605.45,593299968
1997-08-05,1610.21,1621.77,1587.25,1621.53,731870016
1997-08-06,1623.24,1635.03,1617.21,1630.44,780350016
1997-08-07,1637.14,1638.26,1623.8,1624.18,747459968
1997-08-08,1612.37,1614.86,1586.6,1598.52,691649984
1997-08-11,1599.16,1601.09,1570.5,1586.74,613980032
1997-08-12,1592.65,1601.15,1575.89,1576.24,637480000
1997-08-13,1594.25,1597.48,1571.59,1583.4,648369984
1997-08-14,1587.12,1591.57,1577.95,1586.69,575880000
1997-08-15,1583.27,1583.27,1561.85,1562.03,540240000
1997-08-18,1563.45,1569.53,1545.13,1569.52,545600000
1997-08-19,1579.38,1600.72,1579.38,1600.71,654019968
1997-08-20,1603.29,1628.81,1599.11,1628.7,713529984
1997-08-21,1626.88,1628.8,1605.82,1607.36,703630016
1997-08-22,1581.68,1607.36,1574.77,1598.69,628780032
1997-08-25,1601.11,1610.9,1596.38,1601.57,567740032
1997-08-26,1596.04,1601.94,1591.04,1591.3,664840000
1997-08-27,1593.73,1598.25,1583.12,1595.54,635430016
1997-08-28,1586.1,1586.1,1572.09,1581.32,664030016
1997-08-29,1580,1591.32,1578.97,1587.32,498240000
1997-09-02,1595.07,1618.38,1595.07,1618.09,583880000
1997-09-03,1619.96,1629.4,1616.4,1618.24,652520000
1997-09-04,1618,1625.99,1616.55,1624.63,669769984
1997-09-05,1633.01,1639.9,1633.01,1635.77,644380032
1997-09-08,1641.72,1648.7,1641.72,1645.35,648040000
1997-09-09,1646.59,1659.37,1645.04,1656.22,711409984
1997-09-10,1655.67,1655.67,1639.16,1639.25,724200000
1997-09-11,1635.31,1640.89,1620.52,1639.86,708040000
1997-09-12,1642.98,1649.89,1633.65,1649.33,690960000
1997-09-15,1649.76,1654.74,1634.76,1634.92,663569984
1997-09-16,1643.79,1669.18,1643.79,1668.6,745329984
1997-09-17,1673.66,1675.69,1662.53,1666.47,770019968
1997-09-18,1671.57,1680.18,1667.71,1670.02,718240000
1997-09-19,1668.87,1680.37,1666.91,1680.36,679859968
1997-09-22,1684.31,1697.32,1684.31,1689.45,703720000
1997-09-23,1691.98,1697.36,1686.38,1697.36,755209984
1997-09-24,1700.69,1702.49,1686.52,1687.41,784480000
1997-09-25,1685.78,1688.81,1675.56,1678.89,732460032
1997-09-26,1686,1689.18,1677.69,1682.24,678780032
1997-09-29,1685.3,1695.53,1680.62,1694.98,635550016
1997-09-30,1691.18,1694.01,1685.51,1685.69,779729984
1997-10-01,1690.79,1696.63,1680.76,1690.3,970680000
1997-10-02,1693.34,1702.93,1692.11,1702.41,704979968
1997-10-03,1718.17,1726.59,1706.23,1715.87,765240000
1997-10-06,1722.39,1724.47,1716.6,1721.91,715449984
1997-10-07,1725.85,1739.86,1725.85,1737.27,777299968
1997-10-08,1739.91,1741.81,1727.58,1741.77,786409984
1997-10-09,1734.99,1748.78,1731.34,1745.85,780590016
1997-10-10,1739.2,1745.85,1736.11,1739.03,707020032
1997-10-13,1744.88,1747.85,1739.03,1742.12,653120000
1997-10-14,1744.83,1747.05,1723.28,1732.79,749289984
1997-10-15,1715.3,1732.79,1713.91,1723.37,816140032
1997-10-16,1730.85,1732.53,1691.92,1699.66,833830016
1997-10-17,1699.66,1699.66,1645.87,1666.85,921830016
1997-10-20,1675.16,1686.45,1666.78,1685.45,683660032
1997-10-21,1699.76,1712.9,1699.76,1712.54,789340032
1997-10-22,1716.49,1717.3,1704.83,1708.08,774910016
1997-10-23,1708.08,1708.08,1662.99,1671.25,818880000
1997-10-24,1686.07,1691.6,1642.69,1650.92,936240000
1997-10-27,1650.92,1650.92,1531.56,1532.75,906360000
1997-10-28,1484.72,1603.22,1465.84,1603.02,1395000064
1997-10-29,1614.59,1626.24,1596.94,1602.75,900600000
1997-10-30,1572.89,1596.22,1564.65,1570.41,754110016
1997-10-31,1594.12,1599.71,1570.41,1593.61,710009984
1997-11-03,1609.62,1630.16,1609.62,1629.98,642760000
1997-11-04,1627.24,1634.49,1622.21,1631.15,631089984
1997-11-05,1639.94,1644.42,1634.12,1637.33,695500032
1997-11-06,1638.14,1638.14,1622.36,1623.44,629489984
1997-11-07,1597.27,1623.43,1587.31,1602.4,673200000
1997-11-10,1609.77,1616.82,1589.76,1590.72,589740032
1997-11-11,1594.45,1596.18,1580.52,1584.86,567560000
1997-11-12,1584.86,1584.86,1540.59,1541.71,706289984
1997-11-13,1554.79,1559.25,1508.41,1559.25,772649984
1997-11-14,1565.68,1585.44,1565.68,1583.51,705390016
1997-11-17,1601.95,1631.46,1583.47,1614.11,652880000
1997-11-18,1614.67,1616.42,1600.2,1600.44,575209984
1997-11-19,1596.29,1603.11,1594.05,1601.22,552579968
1997-11-20,1607.66,1627.48,1607.66,1626.56,687990016
1997-11-21,1636.58,1654.43,1616.39,1620.75,679100032
1997-11-24,1612.94,1620.75,1584.56,1586.99,556720000
1997-11-25,1593.3,1596.56,1580.27,1589.04,642000000
1997-11-26,1593.57,1597.79,1591.55,1594.5,517560000
1997-11-28,1595.84,1604.24,1595.84,1600.55,209930000
1997-12-01,1608.56,1630.72,1608.56,1630.72,610620032
1997-12-02,1625.48,1625.48,1605.12,1606.37,650360000
1997-12-03,1603.99,1615.14,1591.05,1615.13,717889984
1997-12-04,1621.72,1624.64,1610.68,1613.42,695120000
1997-12-05,1608.03,1633.91,1606.92,1633.9,663219968
1997-12-08,1639.39,1652.84,1639,1651.54,634419968
1997-12-09,1636.97,1636.97,1619.83,1620.55,802080000
1997-12-10,1611.88,1621.19,1585.15,1596.61,741630016
1997-12-11,1577.55,1596.6,1550.76,1558.54,823740032
1997-12-12,1564.06,1567.82,1533.62,1536.58,760430016
1997-12-15,1540.41,1542.72,1515.69,1536.56,792569984
1997-12-16,1541.25,1561.18,1539.07,1553,784929984
1997-12-17,1563.53,1568.54,1546.56,1547.37,757459968
1997-12-18,1548.67,1549.55,1516.41,1523.19,740419968
1997-12-19,1506.86,1525.88,1486.51,1524.74,794540032
1997-12-22,1533.46,1544.45,1526.82,1532.06,627100032
1997-12-23,1531.6,1533.11,1509.25,1509.91,614300032
1997-12-24,1516.66,1518.21,1497.67,1499.53,312169984
1997-12-26,1501.15,1511.38,1501.15,1511.38,204700000
1997-12-29,1521.79,1537.49,1521.79,1537.45,645089984
1997-12-30,1539.55,1565.48,1539.55,1565.03,758360000
1997-12-31,1565.87,1580.73,1560.94,1570.35,795459968
1998-01-02,1574.1,1581.53,1563.77,1581.53,434140000
1998-01-05,1585.77,1602.51,1582.99,1594.12,681560000
1998-01-06,1588.07,1594.12,1576.26,1580.14,635699968
1998-01-07,1574.01,1580.14,1547.52,1561.7,691340032
1998-01-08,1555.91,1566.56,1550.7,1555.54,645049984
1998-01-09,1555.54,1555.66,1497.37,1503.22,813459968
1998-01-12,1482.01,1507.72,1465.61,1507.58,698329984
1998-01-13,1519.62,1542.18,1519.62,1541.63,742030016
1998-01-14,1549.8,1550.71,1535.98,1548.76,691680000
1998-01-15,1545.82,1554.85,1541.29,1547.06,659449984
1998-01-16,1557.69,1564.96,1557.69,1562.88,701230016
1998-01-20,1567.8,1590.14,1567.8,1590.14,715489984
1998-01-21,1583.4,1590.48,1578.43,1587.92,716849984
1998-01-22,1577.88,1585.05,1573.28,1576.51,660499968
1998-01-23,1582.52,1584.95,1568.18,1575.93,647390016
1998-01-26,1578.33,1579.31,1556.91,1561.46,588240000
1998-01-27,1562.23,1580.04,1559.26,1578.9,680550016
1998-01-28,1586.49,1611.5,1586.49,1610.82,777609984
1998-01-29,1609.08,1629.54,1608.35,1619.49,827969984
1998-01-30,1624.53,1628.2,1615.42,1619.36,729510016
1998-02-02,1640.06,1653.94,1640.06,1652.89,808120000
1998-02-03,1654.23,1666.54,1649.31,1666.34,764140032
1998-02-04,1663.46,1681.17,1661.11,1680.44,820449984
1998-02-05,1692.22,1701.2,1675.1,1676.9,865990016
1998-02-06,1675.51,1694.56,1675.4,1694.35,753820032
1998-02-09,1699.92,1701.58,1686.21,1690.43,688620032
1998-02-10,1692.29,1713.54,1692.11,1709.04,835560000
1998-02-11,1708.99,1714.15,1703.78,1708.55,760089984
1998-02-12,1702.89,1714.62,1692.37,1714.34,769560000
1998-02-13,1709.4,1715.11,1707.6,1710.42,683180032
1998-02-17,1721.02,1723.4,1700.91,1703.43,691969984
1998-02-18,1702.79,1715.74,1701.36,1715.73,687480000
1998-02-19,1723.9,1730.88,1717.47,1727.01,738870016
1998-02-20,1731.84,1731.84,1713.84,1728.13,745760000
1998-02-23,1744.21,1751.76,1735.57,1751.76,731710016
1998-02-24,1755.75,1757.96,1738.71,1738.71,774920000
1998-02-25,1746.84,1766.66,1746.73,1766.48,845059968
1998-02-26,1766.71,1777.13,1763.86,1777.11,782680000
1998-02-27,1778.02,1783.74,1769.99,1770.51,816160000
1998-03-02,1778.72,1781.07,1756.94,1758.54,747030016
1998-03-03,1748.96,1757.18,1741.15,1757.14,783120000
1998-03-04,1750.48,1762.32,1748.57,1759.7,731200000
1998-03-05,1714.59,1714.59,1708.48,1711.92,874259968
1998-03-06,1722.59,1753.49,1722.59,1753.49,791520000
1998-03-09,1747.94,1747.94,1725.16,1725.16,739340032
1998-03-10,1741.58,1748.66,1741.58,1748.51,799920000
1998-03-11,1756.03,1763.4,1756.03,1756.85,838449984
1998-03-12,1763.71,1766.23,1749.78,1764.06,756150016
1998-03-13,1775.01,1780.9,1768.62,1771.66,752289984
1998-03-16,1779.41,1788.4,1779.41,1788.18,690209984
1998-03-17,1787.94,1788.81,1769.93,1779.3,799939968
1998-03-18,1772.74,1788.74,1768.78,1788.28,757120000
1998-03-19,1789.55,1799.98,1789.55,1799.98,789289984
1998-03-20,1803.28,1807.03,1788.86,1789.16,756320000
1998-03-23,1784.95,1798.32,1783.19,1792.51,731510016
1998-03-24,1796.84,1813.45,1796.84,1812.44,803809984
1998-03-25,1837.62,1840.83,1812.76,1824.51,871649984
1998-03-26,1822.24,1832.6,1816.02,1828.54,725070016
1998-03-27,1837.11,1839.76,1818.48,1823.62,738419968
1998-03-30,1823.79,1826.63,1814.41,1818.7,655779968
1998-03-31,1823.48,1839.77,1818.61,1835.68,841000000
1998-04-01,1838.15,1848.95,1826.12,1847.66,835580032
1998-04-02,1847.96,1858.21,1845.72,1852.96,918089984
1998-04-03,1857.35,1865.8,1850.63,1855.4,863080000
1998-04-06,1859.24,1861.12,1828.72,1829.14,761070016
1998-04-07,1823.54,1823.54,1788.74,1798.71,776480000
1998-04-08,1801.11,1816.33,1798.35,1807.01,719600000
1998-04-09,1814.51,1821.75,1814.44,1820.24,755840000
1998-04-13,1824.07,1826.98,1810.26,1824.95,631849984
1998-04-14,1825.4,1844.76,1825.4,1843.03,777689984
1998-04-15,1852.89,1866.92,1852.89,1863.26,901950016
1998-04-16,1857.27,1863.34,1849.1,1858.24,854830016
1998-04-17,1854.5,1866.83,1849.58,1866.6,811929984
1998-04-20,1869.01,1888,1869.01,1887.14,808729984
1998-04-21,1894.99,1904.18,1882.7,1903.87,938569984
1998-04-22,1907.46,1931.83,1907.46,1917.61,1026049984
1998-04-23,1913.14,1913.14,1880.17,1881.39,891510016
1998-04-24,1878.57,1891.73,1860.26,1868.96,806249984
1998-04-27,1868.96,1868.96,1804.14,1820.31,796369984
1998-04-28,1842.49,1848.89,1820.3,1831.77,782220032
1998-04-29,1837.17,1854.23,1837.17,1851.64,792739968
1998-04-30,1868.12,1874.46,1868.12,1868.41,842049984
1998-05-01,1871.81,1875.52,1864.44,1873.44,774600000
1998-05-04,1880.12,1890.8,1873.43,1878.86,770840000
1998-05-05,1876.26,1876.26,1862.92,1864.91,767369984
1998-05-06,1872.59,1874.11,1855.6,1856.68,752819968
1998-05-07,1858.41,1859.57,1835.09,1835.14,716270016
1998-05-08,1832.17,1864.71,1832.17,1864.37,718440000
1998-05-11,1870.01,1877.65,1847.98,1848.07,723609984
1998-05-12,1847.44,1860.16,1839.21,1860.16,735840000
1998-05-13,1869.85,1871.77,1866.18,1866.18,783840000
1998-05-14,1857.77,1878.5,1854.21,1865.36,741310016
1998-05-15,1869.36,1870.75,1844.72,1846.77,755969984
1998-05-18,1838.53,1850.63,1822.56,1831.62,685929984
1998-05-19,1840.62,1849.55,1840.62,1845.87,678040000
1998-05-20,1850.16,1852.27,1827.49,1831.75,674390016
1998-05-21,1834.49,1840.76,1817.89,1820.99,681880000
1998-05-22,1810.82,1834.24,1801.62,1805,637350016
1998-05-26,1813.53,1817.92,1777.68,1778.09,676259968
1998-05-27,1759.63,1781.3,1742.05,1781.1,793889984
1998-05-28,1782.75,1796.73,1775.43,1794.62,644880000
1998-05-29,1800.33,1803.07,1778.09,1778.87,664240000
1998-06-01,1770.37,1779.34,1741.1,1746.82,645550016
1998-06-02,1757.92,1764.84,1746.82,1761.79,701070016
1998-06-03,1771.19,1774.58,1742.01,1742.31,727000000
1998-06-04,1753.33,1769.95,1753.33,1769.95,725200000
1998-06-05,1772.9,1782.92,1766.31,1782.92,679590016
1998-06-08,1783.47,1791.54,1778.54,1787.77,610089984
1998-06-09,1787.66,1801.04,1786.91,1800.76,709089984
1998-06-10,1791.25,1797.2,1773.25,1773.25,707459968
1998-06-11,1776.61,1779.88,1747.51,1749.75,718209984
1998-06-12,1748.46,1748.46,1715.71,1745.05,745640000
1998-06-15,1726.57,1745.05,1715.04,1715.75,629030016
1998-06-16,1728.74,1753.31,1715.75,1753.12,680419968
1998-06-17,1762.19,1787.06,1762.19,1776.4,830790016
1998-06-18,1776.35,1778.45,1767.95,1772.7,721699968
1998-06-19,1783.63,1785.25,1773.9,1781.29,712689984
1998-06-22,1782.56,1807.56,1777.23,1805.82,645910016
1998-06-23,1813.24,1844.58,1806.35,1844.57,807790016
1998-06-24,1858.36,1878.56,1837.16,1877.76,927390016
1998-06-25,1886.33,1894.71,1860.4,1863.25,838579968
1998-06-26,1865.35,1872.23,1862.75,1869.53,614630016
1998-06-29,1880.59,1891.67,1880.59,1891.08,659280000
1998-06-30,1882.73,1898.62,1878.87,1894.74,862200000
1998-07-01,1904.24,1914.46,1893.06,1914.46,857360000
1998-07-02,1908.75,1908.96,1891.1,1894,793329984
1998-07-06,1898.63,1909.87,1893.31,1909.47,691809984
1998-07-07,1912.26,1912.26,1897.34,1908.11,806449984
1998-07-08,1909.41,1935.9,1906.61,1935.39,841820032
1998-07-09,1935.55,1951.07,1931.99,1939.82,844840000
1998-07-10,1938.96,1943.89,1925.12,1943.04,709609984
1998-07-13,1948.32,1965.72,1946.63,1965.53,776950016
1998-07-14,1972.69,1979.64,1963.62,1968.41,843960000
1998-07-15,1974.56,1994.99,1926.44,1994.54,920300032
1998-07-16,2000.9,2004.92,1982.48,2000.56,904819968
1998-07-17,2005.58,2010.61,1994.4,2008.76,798320000
1998-07-20,2013.48,2022.4,2006.33,2014.25,722060032
1998-07-21,2018.46,2028.18,1977.62,1979.14,854220032
1998-07-22,1969.1,1980.42,1950.77,1969.75,828750016
1998-07-23,1970.83,1981.05,1935.22,1935.22,868000000
1998-07-24,1947.86,1974.33,1909.56,1930.99,805609984
1998-07-27,1916.31,1933.3,1887.48,1933.26,715580032
1998-07-28,1931.83,1937.93,1893.34,1896.53,803040000
1998-07-29,1908.27,1915.04,1878.16,1881.49,730540032
1998-07-30,1897.03,1919.64,1890.14,1919.58,739539968
1998-07-31,1920.09,1920.66,1871.72,1872.39,740540032
1998-08-03,1869.72,1870.65,1849.87,1851.1,655139968
1998-08-04,1863.77,1869.82,1784.4,1785.64,914990016
1998-08-05,1790.15,1804.6,1750.81,1788.2,902440000
1998-08-06,1777.88,1829.51,1776.82,1829.51,782280000
1998-08-07,1842.48,1864.9,1838.06,1846.77,810860032
1998-08-10,1847.21,1850.1,1834.88,1839.21,547009984
1998-08-11,1801.67,1801.67,1775.24,1792.7,732920000
1998-08-12,1809.67,1826.49,1809.67,1825.53,713640000
1998-08-13,1820.53,1831.49,1802.44,1802.54,636440000
1998-08-14,1815.74,1818,1782.37,1790.19,669100032
1998-08-17,1784.91,1818.12,1778.55,1818.04,626440000
1998-08-18,1826.88,1858.22,1826.88,1855.12,751830016
1998-08-19,1872.38,1874.31,1840.77,1842.69,735600000
1998-08-20,1835.12,1843.2,1828.93,1832.45,651590016
1998-08-21,1816.48,1816.48,1767.11,1797.61,785139968
1998-08-24,1803.77,1815.24,1787.95,1790.82,588240000
1998-08-25,1807.12,1818.03,1786.75,1798.17,688040000
1998-08-26,1776.91,1783.49,1762.42,1768.13,685859968
1998-08-27,1742.13,1742.13,1673.61,1686.41,959260032
1998-08-28,1690.07,1699.21,1624,1639.68,905539968
1998-08-31,1646.75,1655.19,1498.73,1499.25,1003779968
1998-09-01,1509.01,1577.51,1475.49,1575.09,1258680064
1998-09-02,1590.02,1627.09,1590.02,1592.85,938300032
1998-09-03,1572.44,1594.55,1552.27,1571.86,752249984
1998-09-04,1586.33,1593.92,1543.86,1566.52,623409984
1998-09-08,1566.52,1660.92,1566.52,1660.86,780329984
1998-09-09,1658.5,1680.71,1624.55,1624.55,695169984
1998-09-10,1624.54,1624.54,1568.23,1585.33,762920000
1998-09-11,1599.8,1642.08,1585.28,1641.64,706720000
1998-09-14,1660.31,1677.9,1641.64,1665.69,686720000
1998-09-15,1658.65,1678.24,1651.91,1678.11,664830016
1998-09-16,1684.03,1693.8,1672.32,1689.91,716800000
1998-09-17,1646.19,1689.91,1637.05,1646.25,683670016
1998-09-18,1658.08,1664.62,1644.46,1663.77,647160000
1998-09-21,1630.11,1680.43,1615.33,1680.43,548670016
1998-09-22,1693.53,1702.94,1680.43,1697.8,755180032
1998-09-23,1711.67,1760.35,1697.81,1760.27,932780032
1998-09-24,1753.19,1768.36,1713.77,1720.34,814080000
1998-09-25,1705.49,1744.06,1697.64,1743.59,700230016
1998-09-28,1757.9,1769.71,1725.65,1739.22,696680000
1998-09-29,1745.4,1750.1,1719.95,1734.05,781710016
1998-09-30,1716.71,1734.05,1686.1,1693.84,737760000
1998-10-01,1663.3,1693.84,1606.61,1612.33,856960000
1998-10-02,1609.45,1623.42,1569.06,1614.98,871449984
1998-10-05,1591.17,1614.98,1511.15,1536.69,877180032
1998-10-06,1570.5,1577.87,1500.6,1510.89,887180032
1998-10-07,1504.58,1523.03,1449.06,1462.61,940230016
1998-10-08,1420.94,1462.6,1343.87,1419.12,1209510016
1998-10-09,1447.34,1493.54,1419.11,1492.49,892830016
1998-10-12,1528.49,1560.25,1492.49,1546.08,764819968
1998-10-13,1541.13,1547.05,1504.7,1509.45,663539968
1998-10-14,1502.18,1553,1496.59,1540.97,750049984
1998-10-15,1541.8,1611.43,1538.59,1611.01,841670016
1998-10-16,1625.24,1634.74,1611.02,1620.95,977089984
1998-10-19,1618.14,1649.54,1613.85,1648.73,840920000
1998-10-20,1661.83,1688.16,1638.53,1639.19,1087340032
1998-10-21,1657.75,1675.4,1635.59,1674.75,831480000
1998-10-22,1672.03,1702.73,1659.67,1702.64,894000000
1998-10-23,1699.19,1710.65,1690.31,1693.86,826670016
1998-10-26,1706.18,1725.34,1693.86,1724.98,815569984
1998-10-27,1740.84,1769.04,1717.22,1717.63,965910016
1998-10-28,1710.28,1738.37,1708.4,1737.35,783820032
1998-10-29,1734.96,1758.14,1729.29,1757.19,899640000
1998-10-30,1768.7,1781.63,1766.05,1771.39,920009984
1998-11-02,1783.71,1801.27,1771.4,1800.91,889150016
1998-11-03,1798.28,1800.92,1779.38,1788.43,889000000
1998-11-04,1807.88,1828.44,1788.21,1823.57,1050449984
1998-11-05,1812.69,1838.5,1808.08,1837.1,918929984
1998-11-06,1834.8,1857.95,1833.75,1856.56,937630016
1998-11-09,1857.65,1867.5,1843.98,1861.05,845729984
1998-11-10,1859.23,1875.57,1847.01,1865.62,910480000
1998-11-11,1888.22,1892.54,1859.36,1862.11,935350016
1998-11-12,1853.24,1862.11,1843.54,1851.06,804300032
1998-11-13,1843.67,1859.97,1842.52,1847.99,804339968
1998-11-16,1868.44,1877.85,1844.07,1861.68,754179968
1998-11-17,1857.6,1887.53,1845.81,1878.52,823449984
1998-11-18,1878.26,1898.24,1848.19,1897.44,899110016
1998-11-19,1904,1930.34,1897.42,1919.68,981680000
1998-11-20,1935.65,1936.1,1915.75,1928.21,871040000
1998-11-23,1937.82,1977.81,1928.2,1977.42,951040000
1998-11-24,1972.91,1988.45,1965.38,1965.88,996809984
1998-11-25,1973.64,1985.21,1957.98,1985.21,815539968
1998-11-27,1994.91,2016.52,1985.21,2016.44,512929984
1998-11-30,2023.66,2025.04,1949.54,1949.54,1106520064
1998-12-01,1928.51,2003.88,1924.15,2003.75,1026049984
1998-12-02,1995.96,2005.79,1973.2,1995.21,982390016
1998-12-03,1995.29,2012.79,1954.31,1954.33,1040489984
1998-12-04,1984.39,2003.16,1975.06,2003.16,890579968
1998-12-07,2009.98,2040.88,2007.35,2040.64,810729984
1998-12-08,2042.6,2060.98,2018.15,2034.75,918889984
1998-12-09,2045.16,2052.71,2031.88,2050.42,855750016
1998-12-10,2051.59,2058.37,2015.72,2015.96,870689984
1998-12-11,2012.87,2035.03,2004.99,2029.31,783340032
1998-12-14,2013.43,2029.36,1962.06,1966.92,742440000
1998-12-15,1984.91,2012.65,1981.26,2012.6,766689984
1998-12-16,2023.32,2027.19,1996.84,2009.36,840979968
1998-12-17,2014.78,2043.89,2014.78,2043.88,791619968
1998-12-18,2057.77,2086.14,2055.83,2086.14,901529984
1998-12-21,2107.24,2143.81,2104.19,2138.03,958380032
1998-12-22,2144.22,2144.61,2105.54,2120.98,906739968
1998-12-23,2149.28,2172.57,2134.26,2172.54,965289984
1998-12-24,2171.3,2171.3,2162.67,2163.04,443630016
1998-12-28,2178.24,2190.11,2163.04,2180.3,861880000
1998-12-29,2184.43,2186.15,2161.83,2181.77,911180032
1998-12-30,2181.34,2196.64,2160.93,2166.95,919769984
1998-12-31,2169.38,2200.63,2165.74,2192.69,886630016
1999-01-04,2207.54,2233.57,2192.68,2208.05,936659968
1999-01-05,2207.75,2251.77,2206.49,2251.27,948350016
1999-01-06,2286.13,2320.95,2286.13,2320.86,1252649984
1999-01-07,2293.27,2333.7,2284.24,2326.09,1200899968
1999-01-08,2363.8,2369.55,2314.95,2344.41,1286690048
1999-01-11,2373.97,2384.72,2348.24,2384.59,1140930048
1999-01-12,2395.9,2396.3,2320.21,2320.75,1107299968
1999-01-13,2222.28,2353.33,2205.69,2316.81,1195469952
1999-01-14,2337.31,2338.29,2276.36,2276.82,1012270016
1999-01-15,2292.3,2348.72,2276.82,2348.2,1001160000
1999-01-19,2390.93,2408.43,2348.2,2408.17,1057489984
1999-01-20,2451.43,2474.38,2414.81,2415.49,1280979968
1999-01-21,2403.52,2403.52,2335.75,2344.72,1083859968
1999-01-22,2309.34,2365.11,2303.82,2338.88,1014739968
1999-01-25,2363.48,2369.69,2328.74,2369.31,870960000
1999-01-26,2388.97,2434.37,2384.63,2433.41,1030160000
1999-01-27,2455.25,2464.12,2406.78,2407.14,1034480000
1999-01-28,2442.52,2477.47,2407.14,2477.34,1013889984
1999-01-29,2486.28,2506.68,2454.71,2505.89,1057120000
1999-02-01,2522.38,2533.44,2500.35,2510.09,957110016
1999-02-02,2512.12,2512.12,2442.93,2463.42,963710016
1999-02-03,2453.23,2493.58,2448.55,2493.41,1057009984
1999-02-04,2496.49,2496.52,2409.99,2410.07,1099190016
1999-02-05,2419.93,2421.43,2346.82,2373.62,1013740032
1999-02-08,2405.31,2414.98,2358.05,2404.92,881779968
1999-02-09,2403.95,2403.95,2310.64,2310.79,909779968
1999-02-10,2304.25,2338.15,2289.9,2309.5,915619968
1999-02-11,2339.02,2405.76,2326.19,2405.55,961760000
1999-02-12,2375.99,2379,2319.74,2321.89,837560000
1999-02-16,2361.22,2368.41,2300.52,2313.87,819240000
1999-02-17,2277.58,2304.72,2242.27,2248.91,902780032
1999-02-18,2269.03,2273.08,2224.21,2260.55,859910016
1999-02-19,2276.61,2291.41,2260.55,2283.6,813480000
1999-02-22,2293.33,2342.41,2275.6,2342.01,843510016
1999-02-23,2360.68,2386.48,2342.01,2376.35,912110016
1999-02-24,2389.75,2405.29,2338.9,2339.38,931089984
1999-02-25,2329.39,2339.38,2286.91,2326.82,858700032
1999-02-26,2320.49,2326.82,2277.18,2288.03,901169984
1999-03-01,2286.83,2300.82,2264.32,2295.18,770800000
1999-03-02,2303.62,2317.57,2257.07,2259.03,894019968
1999-03-03,2274.04,2280.97,2235.19,2265.2,864380032
1999-03-04,2286.29,2311.18,2250.63,2292.89,889430016
1999-03-05,2329.58,2339.21,2292.89,2337.11,859200000
1999-03-08,2357.32,2398.19,2353.74,2397.62,970750016
1999-03-09,2396.52,2433.37,2385.52,2392.94,1032899968
1999-03-10,2407.1,2408.95,2378.81,2406,936670016
1999-03-11,2419.12,2437.39,2391.55,2412.25,1033580032
1999-03-12,2411.48,2412.25,2362.87,2381.53,918409984
1999-03-15,2392.54,2431.45,2375.83,2431.44,851480000
1999-03-16,2437.98,2450.01,2423.81,2439.27,977209984
1999-03-17,2440.22,2441.72,2419.85,2428.97,854320000
1999-03-18,2425.36,2463.01,2423.54,2462.96,937430016
1999-03-19,2480.39,2480.63,2420.21,2421.27,1054880000
1999-03-22,2428.39,2430.85,2395.29,2395.94,874200000
1999-03-23,2388.04,2395.94,2319.96,2322.84,976000000
1999-03-24,2326.63,2365.35,2305.64,2365.28,856520000
1999-03-25,2399.72,2434.89,2399.72,2434.8,939489984
1999-03-26,2425.05,2445.72,2410.46,2419.17,831139968
1999-03-29,2442.59,2492.84,2419.17,2492.84,876200000
1999-03-30,2492.17,2506.79,2477.62,2480.29,896110016
1999-03-31,2508.34,2520.63,2458.77,2461.4,1101200000
1999-04-01,2493.07,2502.46,2460.24,2493.37,848680000
1999-04-05,2523.98,2560.1,2515.7,2560.06,977920000
1999-04-06,2555.48,2582.37,2544.04,2563.17,1113990016
1999-04-07,2594.78,2596.25,2511.39,2544.43,1272749952
1999-04-08,2553.45,2573.97,2514.27,2573.39,1145880064
1999-04-09,2574.98,2599.2,2561.51,2593.05,1091379968
1999-04-12,2530.99,2606.24,2526.84,2598.81,1143330048
1999-04-13,2626.85,2632.51,2575.05,2583.5,1341699968
1999-04-14,2621.52,2628.19,2507.28,2507.28,1416189952
1999-04-15,2535.19,2536.34,2443.02,2521.77,1233959936
1999-04-16,2528.51,2528.51,2476.93,2484.04,1027070016
1999-04-19,2501.71,2501.71,2341.35,2345.61,1200989952
1999-04-20,2355.26,2409.78,2329.87,2409.64,1143740032
1999-04-21,2428.89,2489.84,2404.71,2489.08,1125280000
1999-04-22,2551.13,2561.79,2525.26,2561.61,1110460032
1999-04-23,2563.87,2603.1,2538,2590.69,1049670016
1999-04-26,2617.09,2661.51,2615.73,2652.05,1050470016
1999-04-27,2671.57,2677.76,2602.13,2602.41,1132009984
1999-04-28,2601.13,2610.91,2544.9,2550.37,1000819968
1999-04-29,2544.93,2553.1,2500.75,2528.44,1005649984
1999-04-30,2565.87,2578.06,2488.4,2542.86,994460032
1999-05-03,2546.33,2549.1,2512.37,2535.58,866009984
1999-05-04,2535.81,2557.21,2482.49,2485.12,921729984
1999-05-05,2498.15,2534.45,2430.65,2534.45,1038729984
1999-05-06,2532.41,2546.36,2464.57,2472.28,909640000
1999-05-07,2499.53,2507.72,2462.27,2503.62,867049984
1999-05-10,2516.84,2536.11,2500.74,2526.39,831129984
1999-05-11,2553.02,2574.37,2542.42,2566.68,954689984
1999-05-12,2584.57,2610.33,2548.24,2606.54,1032499968
1999-05-13,2621.74,2632.74,2581.75,2582,1069560000
1999-05-14,2549.33,2558.59,2519.53,2527.86,936350016
1999-05-17,2517.26,2561.85,2494.51,2561.84,787680000
1999-05-18,2569.59,2576.43,2543.32,2558.36,862099968
1999-05-19,2568.44,2577.93,2540.38,2577.4,964350016
1999-05-20,2585.46,2587.33,2542.23,2542.23,1004769984
1999-05-21,2551.42,2553.76,2509.24,2520.14,889329984
1999-05-24,2529.3,2529.3,2444.89,2453.66,919880000
1999-05-25,2454.63,2466.17,2379.61,2380.9,1048510016
1999-05-26,2407.86,2427.18,2339.12,2427.18,1099420032
1999-05-27,2421.1,2440.08,2400.94,2419.15,834390016
1999-05-28,2427.83,2470.64,2412.11,2470.52,681569984
1999-06-01,2467.51,2470.53,2411.97,2412.03,743680000
1999-06-02,2411.32,2436.57,2364.59,2432.41,895580032
1999-06-03,2440.75,2444.04,2402.29,2403.32,819310016
1999-06-04,2419.46,2478.34,2419.46,2478.34,885689984
1999-06-07,2490.83,2528.05,2478.34,2524.21,874769984
1999-06-08,2526.11,2534.48,2472.05,2474.56,847720000
1999-06-09,2495.12,2519.57,2491.71,2519.35,841720000
1999-06-10,2504.24,2523.49,2468.58,2484.62,796409984
1999-06-11,2495.59,2506.19,2442.87,2447.88,755120000
1999-06-14,2453.23,2456.17,2397.12,2398.31,835470016
1999-06-15,2403.47,2434.52,2397.4,2414.67,837020032
1999-06-16,2465.01,2517.85,2414.66,2517.83,1026529984
1999-06-17,2500.35,2549.99,2494.28,2544.15,892380032
1999-06-18,2524.81,2564.44,2524.81,2563.44,978110016
1999-06-21,2578.2,2630.28,2563.44,2630.28,903880000
1999-06-22,2618.34,2642.36,2580.26,2580.26,1002259968
1999-06-23,2569.4,2598.13,2557.46,2598.12,950569984
1999-06-24,2596.71,2598.13,2550.14,2553.99,911729984
1999-06-25,2573,2587.15,2542.36,2552.65,767889984
1999-06-28,2568.47,2602.45,2554.95,2602.44,761900032
1999-06-29,2602.98,2642.11,2594.32,2642.11,952190016
1999-06-30,2639.79,2696.87,2621.06,2686.12,1328060032
1999-07-01,2692.96,2711.76,2658.26,2706.18,1093090048
1999-07-02,2712.9,2741.02,2711.88,2741.02,850019968
1999-07-06,2760.01,2787.17,2733.63,2736.78,1135619968
1999-07-07,2742.33,2748.82,2724.37,2743.04,1033750016
1999-07-08,2744.48,2775.52,2731.12,2771.86,1048380032
1999-07-09,2785.34,2793.26,2767.37,2793.07,927180032
1999-07-12,2805.08,2812.35,2774.77,2790.44,981369984
1999-07-13,2768.82,2782.25,2755.84,2778.23,995390016
1999-07-14,2796.62,2818.14,2771.21,2818.13,1071089984
1999-07-15,2828.61,2840.03,2813.52,2839.37,1119320064
1999-07-16,2851.52,2871.9,2839.37,2864.48,1052960000
1999-07-19,2874.61,2874.92,2829.89,2830.29,945950016
1999-07-20,2806.37,2806.37,2728.81,2732.18,1081289984
1999-07-21,2742.83,2769.6,2728.37,2761.77,1019080000
1999-07-22,2749.05,2749.05,2679.35,2684.44,1038620032
1999-07-23,2700.86,2708.87,2668.43,2692.4,922040000
1999-07-26,2656.3,2666.66,2619.08,2619.19,843849984
1999-07-27,2658.26,2685.04,2650.18,2679.33,997520000
1999-07-28,2684.04,2709.76,2660.62,2705.84,964880000
1999-07-29,2663.96,2705.84,2627.8,2640.01,917000000
1999-07-30,2657.83,2676.45,2631.87,2638.49,877260032
1999-08-02,2638.31,2670.81,2617.22,2623.63,754220032
1999-08-03,2647.81,2649.21,2564.25,2587.99,1013500032
1999-08-04,2590.2,2604.11,2538.88,2540,964169984
1999-08-05,2539.24,2565.83,2474.41,2565.83,1167110016
1999-08-06,2552.03,2592.33,2535.63,2547.97,813729984
1999-08-09,2562.05,2563.72,2517.46,2518.98,748209984
1999-08-10,2513.14,2521.65,2442.22,2490.11,978230016
1999-08-11,2532.54,2565.15,2490.11,2564.98,911459968
1999-08-12,2567.21,2586.1,2548.51,2549.49,916769984
1999-08-13,2590.17,2637.82,2590.17,2637.81,934220032
1999-08-16,2644.67,2661.15,2623.05,2645.28,781569984
1999-08-17,2674.47,2680,2631.34,2671.23,898390016
1999-08-18,2671.13,2683.15,2657.39,2657.73,1045289984
1999-08-19,2637.74,2657.74,2612.28,2621.43,868280000
1999-08-20,2635.05,2648.41,2620.21,2648.33,795139968
1999-08-23,2670.7,2719.91,2648.33,2719.57,915630016
1999-08-24,2708.8,2777,2708.06,2752.37,1032160000
1999-08-25,2772.82,2810.1,2750.72,2805.6,1035950016
1999-08-26,2808.42,2819.9,2774.11,2774.62,1100060032
1999-08-27,2792.47,2795.18,2752.48,2758.9,806089984
1999-08-30,2763.83,2769.07,2703.1,2712.69,795939968
1999-08-31,2717.26,2739.9,2671.67,2739.35,970590016
1999-09-01,2752.33,2768.55,2739.11,2750.8,919329984
1999-09-02,2716.15,2750.82,2698.18,2734.24,836160000
1999-09-03,2793.66,2843.11,2734.24,2843.11,910409984
1999-09-07,2840.12,2860.16,2833.02,2837.26,911230016
1999-09-08,2824.02,2851.12,2806.6,2808.74,1005950016
1999-09-09,2826.6,2852.04,2807.95,2852.02,1029969984
1999-09-10,2880.73,2897.53,2855.28,2887.06,1129430016
1999-09-13,2879.78,2883.36,2844.76,2844.77,984440000
1999-09-14,2843.53,2870.26,2837.93,2868.29,1013000000
1999-09-15,2887.23,2888.9,2813.25,2814.17,1059049984
1999-09-16,2820.84,2820.84,2756.03,2806.72,960310016
1999-09-17,2825.86,2869.65,2824.19,2869.62,1005059968
1999-09-20,2877.53,2890.72,2858.79,2886.15,803340032
1999-09-21,2863.56,2863.56,2819.69,2821.1,1035910016
1999-09-22,2832.1,2858.19,2802.18,2858.16,1029880000
1999-09-23,2879.9,2880.1,2741.94,2749.83,1170630016
1999-09-24,2728.23,2746.78,2684.7,2740.41,1152000000
1999-09-27,2781.42,2794.16,2758.96,2761.75,942310016
1999-09-28,2752.24,2763.75,2694.74,2756.25,1103399936
1999-09-29,2756.25,2772.43,2728.9,2730.27,1121110016
1999-09-30,2744.35,2765.41,2717.89,2746.16,1210569984
1999-10-01,2729.04,2739.77,2698.01,2736.85,973609984
1999-10-04,2751.54,2795.99,2747.69,2795.97,914659968
1999-10-05,2795.97,2833.96,2765.37,2799.67,1193260032
1999-10-06,2822.6,2857.43,2822.6,2857.21,1170050048
1999-10-07,2874.75,2886.2,2847.18,2860.7,1216889984
1999-10-08,2861.72,2886.59,2825.86,2886.57,1035030016
1999-10-11,2890.73,2920.73,2890.54,2915.95,873260032
1999-10-12,2921.41,2923.32,2869.44,2872.43,1004089984
1999-10-13,2834.94,2864.22,2787.86,2801.27,1004720000
1999-10-14,2816.02,2821.69,2766.46,2806.84,1015489984
1999-10-15,2748.1,2763.04,2704.28,2731.83,1074739968
1999-10-18,2726.3,2730.49,2632.01,2689.15,997350016
1999-10-19,2725.57,2729.3,2674.9,2688.18,1093110016
1999-10-20,2745.62,2788.13,2728,2788.13,1053699968
1999-10-21,2727.74,2805.07,2724.74,2801.95,1123219968
1999-10-22,2827.23,2843.6,2807.54,2816.52,1175299968
1999-10-25,2813.29,2832.66,2793.54,2815.95,933190016
1999-10-26,2851.99,2859.92,2811.2,2811.47,1067420032
1999-10-27,2811.94,2812.5,2768.87,2802.52,1075340032
1999-10-28,2832.81,2875.48,2830.08,2875.22,1249159936
1999-10-29,2919.37,2978.63,2919.37,2966.43,1441379968
1999-11-01,2970.93,2997.9,2967.63,2967.65,1076080000
1999-11-02,2984.43,3014.84,2971.68,2981.63,1248540032
1999-11-03,3021.53,3040.94,3011.94,3028.51,1339049984
1999-11-04,3067.08,3077.41,3030.31,3055.95,1364610048
1999-11-05,3100.13,3118.06,3081.46,3102.29,1346320000
1999-11-08,3072.04,3148.2,3068.86,3143.97,1300800000
1999-11-09,3172.99,3174.81,3099.22,3125.04,1470419968
1999-11-10,3126.09,3186.57,3122.04,3155.96,1433250048
1999-11-11,3186.41,3201.38,3169.04,3197.29,1382840064
1999-11-12,3220.98,3222.99,3124.77,3221.15,1409069952
1999-11-15,3230.26,3236.35,3214.58,3219.54,1283340032
1999-11-16,3242.92,3295.52,3235.2,3295.52,1486979968
1999-11-17,3308.88,3324.24,3268.85,3269.39,1652649984
1999-11-18,3301.49,3347.11,3288.68,3347.11,1592920064
1999-11-19,3351.75,3373,3335.63,3369.25,1422349952
1999-11-22,3399.06,3400.23,3357.68,3392.56,1374759936
1999-11-23,3408.68,3411.23,3320.67,3342.87,1456310016
1999-11-24,3351.66,3420.5,3328.03,3420.5,1290550016
1999-11-26,3455.14,3469.35,3444.13,3447.81,730780032
1999-11-29,3458.13,3468.32,3421.36,3421.37,1543750016
1999-11-30,3424.61,3424.61,3326.53,3336.16,1548679936
1999-12-01,3341.1,3375.8,3321.57,3353.71,1434310016
1999-12-02,3371.85,3452.78,3371.85,3452.78,1458169984
1999-12-03,3507.3,3553.56,3507.3,3520.63,1539059968
1999-12-06,3531.24,3570.91,3507.72,3546.01,1373229952
1999-12-07,3573.3,3589.06,3532.41,3586.92,1564600064
1999-12-08,3588.82,3625.47,3579.51,3586.08,1676620032
1999-12-09,3643.57,3647.55,3514.91,3594.17,1787570048
1999-12-10,3633.55,3636.65,3560.91,3620.24,1594040064
1999-12-13,3624.67,3668.16,3597.98,3658.17,1582860032
1999-12-14,3669.21,3669.85,3571.26,3571.66,1596409984
1999-12-15,3546.73,3621.98,3503.7,3621.95,1648290048
1999-12-16,3669.23,3715.25,3666.23,3715.06,1430310016
1999-12-17,3792.23,3796.8,3742.68,3753.06,1572710016
1999-12-20,3782.06,3801.93,3747.79,3783.87,1324450048
1999-12-21,3798.25,3911.17,3785.78,3911.15,1486979968
1999-12-22,3935.49,3948.48,3878.06,3937.3,1473570048
1999-12-23,3966.46,4001.63,3958.17,3969.44,1272679936
1999-12-27,4001.9,4001.9,3902.35,3975.38,1154649984
1999-12-28,3977.88,4022.51,3943.04,3972.11,1237129984
1999-12-29,3990.54,4041.54,3987.88,4041.46,1158429952
1999-12-30,4079.03,4090.61,4026.19,4036.87,1107160064
1999-12-31,4056.99,4082.37,4032.33,4069.31,762979968
2000-01-03,4186.19,4192.19,3989.71,4131.15,1510070016
2000-01-04,4020,4073.25,3898.23,3901.69,1511840000
2000-01-05,3854.35,3924.21,3734.87,3877.54,1735670016
2000-01-06,3834.44,3868.76,3715.62,3727.13,1598320000
2000-01-07,3711.09,3882.67,3711.09,3882.62,1634930048
2000-01-10,4002.23,4072.36,3958.83,4049.67,1691709952
2000-01-11,4031.38,4066.66,3904.82,3921.19,1694460032
2000-01-12,3950.95,3950.98,3834.53,3850.02,1525900032
2000-01-13,3915.14,3957.47,3858.22,3957.21,1476969984
2000-01-14,4045.72,4091.95,4045.72,4064.27,1656630016
2000-01-18,4059.65,4148,4053.21,4130.81,1585229952
2000-01-19,4116.27,4164.65,4084.73,4151.29,1652210048
2000-01-20,4205.06,4227.35,4143.61,4189.51,1851299968
2000-01-21,4236.65,4238,4168.3,4235.4,1923680000
2000-01-24,4290.38,4303.15,4095.31,4096.08,1989049984
2000-01-25,4124.75,4167.63,4028.51,4167.41,1743629952
2000-01-26,4174.72,4174.72,4069.91,4069.91,1716999936
2000-01-27,4120.5,4140.09,3973.59,4039.56,1798460032
2000-01-28,4010.14,4048.31,3856.23,3887.07,1616370048
2000-01-31,3873.84,3940.46,3748.03,3940.35,1507629952
2000-02-01,3961.07,4053.16,3911.84,4051.98,1398240000
2000-02-02,4059.03,4125.75,4051.44,4073.96,1527879936
2000-02-03,4134.65,4211.06,4085.53,4210.98,1722329984
2000-02-04,4242.15,4294.84,4229.2,4244.14,1751449984
2000-02-07,4274.03,4321.96,4244.74,4321.77,1625539968
2000-02-08,4370.01,4428.48,4370.01,4427.5,1971180032
2000-02-09,4460.18,4460.76,4362.74,4363.24,1775590016
2000-02-10,4390.16,4485.67,4357.69,4485.63,1813590016
2000-02-11,4489.33,4489.79,4360.54,4395.45,1738589952
2000-02-14,4434.38,4435.96,4355.54,4418.55,1600850048
2000-02-15,4415.52,4440.62,4291.1,4420.77,1708930048
2000-02-16,4427.19,4477.64,4413.66,4427.65,1782130048
2000-02-17,4483.01,4553.14,4444.75,4548.92,2008440064
2000-02-18,4563.72,4564.45,4404.61,4411.74,1898409984
2000-02-22,4432.83,4443.94,4291.01,4382.12,1772290048
2000-02-23,4406.88,4567.97,4401.38,4550.33,1892800000
2000-02-24,4583.89,4620.03,4495.2,4617.65,1944050048
2000-02-25,4618.83,4662.93,4576.19,4590.5,1825500032
2000-02-28,4575.07,4626.72,4466.42,4577.85,1798070016
2000-02-29,4646.64,4698.46,4637.17,4696.69,2088839936
2000-03-01,4732.82,4796.9,4732.82,4784.08,2232339968
2000-03-02,4816.81,4829.01,4705.45,4754.51,2137080064
2000-03-03,4846.01,4914.79,4813.82,4914.79,2136530048
2000-03-06,4935.65,4980.15,4887.88,4904.85,2015580032
2000-03-07,4991.97,5006.78,4829.88,4847.84,2156410112
2000-03-08,4920.86,4923.14,4722.14,4897.26,2020130048
2000-03-09,4913.08,5047.96,4857.57,5046.86,2006809984
2000-03-10,5060.34,5132.52,5039.35,5048.62,1992169984
2000-03-13,4879.03,5027.73,4839.26,4907.24,1736269952
2000-03-14,4997.31,5013.49,4706.61,4706.63,1977820032
2000-03-15,4758.44,4758.44,4553.92,4582.62,1937799936
2000-03-16,4658.44,4717.76,4455.1,4717.39,2041510016
2000-03-17,4702.03,4805.94,4702.03,4798.13,1691529984
2000-03-20,4812.14,4822.7,4610,4610,1539859968
2000-03-21,4589.52,4712.24,4467.53,4711.68,1753309952
2000-03-22,4750.54,4900.42,4736.9,4864.75,1769510016
2000-03-23,4874.17,4975.66,4865.1,4940.61,1714160000
2000-03-24,4986.54,5078.86,4902.83,4963.03,1688969984
2000-03-27,4994.42,5022.23,4946.61,4958.56,1380380032
2000-03-28,4939.05,4952.93,4833.89,4833.89,1490089984
2000-03-29,4860.02,4860.02,4641.01,4644.67,1738269952
2000-03-30,4540.44,4683.88,4355.69,4457.89,1925859968
2000-03-31,4550.21,4606.48,4381.38,4572.83,2118099968
2000-04-03,4494.89,4572.84,4193.1,4223.68,1739920000
2000-04-04,4283.45,4283.45,3649.11,4148.89,2889100032
2000-04-05,4025.9,4286.88,4009.09,4169.22,1947699968
2000-04-06,4266.8,4324.09,4196.51,4267.56,1746450048
2000-04-07,4354.13,4446.45,4323.18,4446.45,1563430016
2000-04-10,4475.2,4475.2,4188.17,4188.2,1446140032
2000-04-11,4094.61,4182.96,4009.52,4055.9,1679389952
2000-04-12,4050.32,4077.92,3769.17,3769.63,1921090048
2000-04-13,3839.56,3914.68,3676.67,3676.78,1951500032
2000-04-14,3597.44,3615.64,3265.98,3321.29,2555780096
2000-04-17,3232.94,3539.77,3227.04,3539.16,2482830080
2000-04-18,3596.15,3794.97,3563.83,3793.57,2152719872
2000-04-19,3832.65,3851.56,3698.33,3706.41,1760269952
2000-04-20,3735.08,3751.33,3599.68,3643.88,1422729984
2000-04-24,3466.69,3496.82,3345.25,3482.48,1540710016
2000-04-25,3592.73,3711.57,3583.92,3711.23,1622909952
2000-04-26,3728.99,3777.08,3629.36,3630.09,1592829952
2000-04-27,3519.13,3774.11,3513.76,3774.03,1548760064
2000-04-28,3830.61,3873.85,3810.06,3860.66,1583709952
2000-05-01,3930.18,3982.38,3899.71,3958.08,1500610048
2000-05-02,3927.92,3948.63,3784.54,3785.45,1438040064
2000-05-03,3755.3,3759.21,3592.79,3707.31,1480050048
2000-05-04,3723.27,3762.47,3679.43,3720.24,1287849984
2000-05-05,3694.28,3818.4,3694.28,3816.82,1197289984
2000-05-08,3758.46,3765.22,3669.11,3669.38,1142710016
2000-05-09,3704.85,3708.74,3540.82,3585.01,1454780032
2000-05-10,3525.02,3531.48,3367.06,3384.73,1580109952
2000-05-11,3450.06,3502.53,3389.87,3499.58,1370230016
2000-05-12,3546.24,3619.69,3523.2,3529.06,1220039936
2000-05-15,3533.21,3607.77,3445.13,3607.65,1155810048
2000-05-16,3674.89,3729.12,3626.99,3717.57,1495270016
2000-05-17,3649.54,3690.82,3616.27,3644.96,1227379968
2000-05-18,3660.24,3663.84,3538.71,3538.71,1258610048
2000-05-19,3480.63,3506.18,3381.73,3390.4,1366930048
2000-05-22,3390.95,3390.95,3172.65,3364.21,1615480064
2000-05-23,3346.66,3389.6,3163.97,3164.55,1330439936
2000-05-24,3155.14,3276.19,3042.66,3270.61,2087980032
2000-05-25,3308.51,3365.84,3194.59,3205.35,1561840000
2000-05-26,3215.28,3256.63,3150.78,3205.11,1069440000
2000-05-30,3286.54,3460.24,3286.54,3459.48,1457360000
2000-05-31,3428.25,3501.51,3399.62,3400.91,1533730048
2000-06-01,3471.95,3583.27,3459.85,3582.5,1580240000
2000-06-02,3728.95,3814.5,3728.95,3813.38,1903209984
2000-06-05,3773.24,3875.66,3765.6,3821.76,1455960064
2000-06-06,3825.98,3884.01,3749.18,3756.37,1603059968
2000-06-07,3766.55,3839.37,3725.87,3839.26,1431219968
2000-06-08,3886.04,3890.02,3797.41,3825.56,1399250048
2000-06-09,3892.75,3893.67,3847.71,3874.84,1268720000
2000-06-12,3892.05,3892.05,3767.88,3767.91,1280999936
2000-06-13,3743.91,3851.43,3695.35,3851.06,1398790016
2000-06-14,3875.04,3883.34,3797,3797.41,1400300032
2000-06-15,3802.19,3849.94,3763.74,3845.74,1426630016
2000-06-16,3877.07,3883.15,3822.34,3860.56,1501190016
2000-06-19,3818.65,3990.79,3818.65,3989.83,1411399936
2000-06-20,4003.09,4050.58,3982.23,4013.36,1694520064
2000-06-21,3965.37,4073.16,3961.3,4064.01,1541900032
2000-06-22,4073.73,4073.73,3936.84,3936.84,1639539968
2000-06-23,3950.05,3957.68,3830.23,3845.34,1344960000
2000-06-26,3884.65,3935.12,3852.41,3912.12,1316960000
2000-06-27,3904.4,3945.75,3858.95,3858.96,1476019968
2000-06-28,3877.77,3974.48,3872.17,3940.34,1660130048
2000-06-29,3900.29,3929.1,3838.85,3877.23,1550989952
2000-06-30,3889.51,3967.49,3889.33,3966.11,2066390016
2000-07-03,3950.59,3995.85,3942.93,3991.93,600809984
2000-07-05,3949.76,3950.19,3859.2,3863.1,1342599936
2000-07-06,3872.91,3961.1,3820.34,3960.57,1482480000
2000-07-07,3978.38,4054.05,3960.81,4023.2,1486480000
2000-07-10,3993.62,4028.54,3976.2,3980.29,1395949952
2000-07-11,3970.42,4029.3,3936.75,3956.42,1714499968
2000-07-12,4024.59,4103.65,4001.73,4099.59,1775980032
2000-07-13,4128.81,4193.24,4111.16,4174.86,1881560064
2000-07-14,4221.8,4252.22,4174.6,4246.18,1678610048
2000-07-17,4243.55,4289.06,4215.86,4274.67,1584499968
2000-07-18,4233.49,4237.85,4161.89,4177.17,1501970048
2000-07-19,4154.37,4159.39,4047.43,4055.63,1445309952
2000-07-20,4106.63,4184.56,4106.63,4184.56,1719879936
2000-07-21,4154,4163.34,4093.76,4094.45,1545939968
2000-07-24,4109.65,4125.8,3976.51,3981.57,1460690048
2000-07-25,4015.41,4034.8,3955.36,4029.57,1471000064
2000-07-26,3998.03,4002.7,3906.55,3987.72,1754759936
2000-07-27,3938.14,3954.96,3841.62,3842.23,1791100032
2000-07-28,3855.1,3867.8,3642.28,3663,1769410048
2000-07-31,3692.43,3767.89,3615.79,3766.99,1512579968
2000-08-01,3760.95,3766.92,3682.45,3685.52,1341459968
2000-08-02,3684.12,3753.95,3651.81,3658.46,1476819968
2000-08-03,3554.68,3761.07,3521.14,3759.88,1828860032
2000-08-04,3812.31,3846.98,3751.22,3787.36,1438850048
2000-08-07,3819.38,3870.26,3795.61,3862.99,1319680000
2000-08-08,3850.87,3893.05,3839.58,3848.55,1461590016
2000-08-09,3915.26,3936.46,3849.77,3853.5,1517650048
2000-08-10,3843.58,3847.29,3759.99,3759.99,1349670016
2000-08-11,3741.62,3789.98,3686.86,3789.47,1333260032
2000-08-14,3804.69,3850.27,3767.37,3849.69,1232060032
2000-08-15,3846.83,3888.92,3831.96,3851.66,1353619968
2000-08-16,3878.58,3914.84,3844.17,3861.2,1401379968
2000-08-17,3858.88,3947.05,3857.75,3940.87,1440370048
2000-08-18,3958.7,3980.26,3925.95,3930.34,1447920000
2000-08-21,3966.23,3985.62,3917.94,3953.15,1269330048
2000-08-22,3970.16,4011.15,3957.85,3958.21,1413190016
2000-08-23,3935.51,4011.76,3902.11,4011.01,1461789952
2000-08-24,4020.99,4055.44,4004.77,4053.28,1546950016
2000-08-25,4049.84,4083.12,4025.59,4042.68,1285820032
2000-08-28,4049.18,4097.33,4048.01,4070.59,1373010048
2000-08-29,4074.21,4093.88,4056.26,4082.17,1489469952
2000-08-30,4076.5,4115.99,4065.82,4103.81,1537020032
2000-08-31,4127.19,4208.73,4127.19,4206.35,1903149952
2000-09-01,4252.15,4259.87,4192.89,4234.33,1472940032
2000-09-05,4205.94,4206.51,4143.18,4143.18,1668120064
2000-09-06,4136.84,4136.84,4013.34,4013.34,1757190016
2000-09-07,4047.02,4105.54,4035.12,4098.35,1634610048
2000-09-08,4081.96,4081.96,3977.47,3978.41,1508550016
2000-09-11,3961.16,4008.46,3880.69,3896.35,1483670016
2000-09-12,3925.42,3958.36,3834.34,3849.51,1596640000
2000-09-13,3794.92,3895.81,3794.29,3893.89,1656550016
2000-09-14,3963.1,3984.33,3897.18,3913.86,1699480064
2000-09-15,3905.09,3905.09,3806.88,3835.23,1777539968
2000-09-18,3838.63,3862.32,3702.54,3726.52,1613970048
2000-09-19,3766.04,3865.85,3740.65,3865.64,1707399936
2000-09-20,3863.08,3913.87,3795.08,3897.44,1802040064
2000-09-21,3864.6,3892.4,3813.12,3828.87,1616009984
2000-09-22,3616.16,3803.76,3614.66,3803.76,2164339968
2000-09-25,3852.53,3868.11,3737.5,3741.22,1774680064
2000-09-26,3762.65,3795.79,3677.73,3689.1,1825900032
2000-09-27,3740.62,3750.61,3622.66,3656.3,1948199936
2000-09-28,3638.94,3778.38,3626.55,3778.32,2001449984
2000-09-29,3749.27,3751.33,3670.31,3672.82,2018050048
2000-10-02,3714.48,3714.48,3559.84,3568.9,1799219968
2000-10-03,3624.93,3639.29,3454.65,3455.83,1958840064
2000-10-04,3440.6,3532.43,3382.53,3523.1,2129330048
2000-10-05,3499.96,3549.01,3459.58,3472.1,1872960000
2000-10-06,3477.7,3505.81,3314.91,3361.01,1870690048
2000-10-09,3352.15,3376.92,3233.19,3355.56,1437769984
2000-10-10,3326.89,3383.4,3229.01,3240.54,1874429952
2000-10-11,3152.33,3258.24,3103.53,3168.49,2340450048
2000-10-12,3241.26,3249.11,3071.25,3074.68,2128659968
2000-10-13,3054.55,3316.97,3054.55,3316.77,2070749952
2000-10-16,3315.48,3339.85,3262.37,3290.28,1788600064
2000-10-17,3335.4,3348.61,3173.68,3213.96,1936790016
2000-10-18,3106.95,3257.81,3026.11,3171.56,2519920128
2000-10-19,3330.25,3423.45,3314.89,3418.6,2343470080
2000-10-20,3402.96,3535.11,3401.88,3483.14,2171490048
2000-10-23,3483.38,3523.69,3432.44,3468.69,1690109952
2000-10-24,3495.45,3526.71,3401.05,3419.79,1880860032
2000-10-25,3347.24,3376.33,3210.74,3229.57,2170929920
2000-10-26,3245.4,3286.29,3081.36,3272.18,2292489984
2000-10-27,3320.69,3362.26,3231.63,3278.36,1963389952
2000-10-30,3243.88,3279.72,3149.24,3191.4,1741440000
2000-10-31,3223.44,3379.08,3223.44,3369.63,2146419968
2000-11-01,3316.51,3396.72,3289.46,3333.39,2024380032
2000-11-02,3387.28,3433.16,3370.02,3429.02,2226919936
2000-11-03,3447.32,3468.59,3401.77,3451.58,1846200064
2000-11-06,3469.35,3480.01,3412.98,3416.21,1608519936
2000-11-07,3399.28,3435.13,3360.26,3415.79,1700120064
2000-11-08,3426.29,3429.12,3231.28,3231.7,1678000000
2000-11-09,3174.9,3230,3087.06,3200.35,1942770048
2000-11-10,3122.11,3141.35,3028.92,3028.99,1779929984
2000-11-13,2956.09,3063.31,2859.39,2966.72,2048329984
2000-11-14,3069.81,3145.3,3059.88,3138.27,1785309952
2000-11-15,3137.61,3208.95,3104.57,3165.49,1705939968
2000-11-16,3121.8,3175.63,3031.76,3031.88,1523709952
2000-11-17,3044.45,3090.97,2967.17,3027.19,1760850048
2000-11-20,2943.11,2949.5,2860.49,2875.64,1716290048
2000-11-21,2892.03,2921.8,2845.17,2871.45,1749379968
2000-11-22,2828.14,2872.64,2754.14,2755.34,1885129984
2000-11-24,2823.48,2904.46,2820.91,2904.38,781600000
2000-11-27,2979.93,2998.75,2874.71,2880.49,1706569984
2000-11-28,2873.73,2891.4,2734.46,2734.98,1919970048
2000-11-29,2748.18,2770.18,2642.89,2706.93,2055719936
2000-11-30,2599.04,2641.75,2523.04,2597.93,2736270080
2000-12-01,2644.09,2749.06,2604.27,2645.29,2221969920
2000-12-04,2662.56,2671.18,2567.18,2615.75,1860480000
2000-12-05,2702.72,2889.8,2694.41,2889.8,2474670080
2000-12-06,2878.87,2916.2,2781.24,2796.5,2308280064
2000-12-07,2748.29,2794.53,2707.96,2752.66,1756809984
2000-12-08,2857.93,2929.95,2844.93,2917.43,2328649984
2000-12-11,2936.6,3028.75,2901.48,3015.1,2447759872
2000-12-12,2994.06,3002.53,2930.99,2931.77,1919030016
2000-12-13,2996.57,3001.72,2814.13,2822.77,2042249984
2000-12-14,2820.48,2847.37,2727.26,2728.51,1770640000
2000-12-15,2688.66,2697.93,2596.03,2653.27,2770690048
2000-12-18,2698.72,2726.2,2597.47,2624.52,2065990016
2000-12-19,2617.06,2696.61,2509.76,2511.71,2317199872
2000-12-20,2410.96,2432.83,2312.51,2332.78,2855150080
2000-12-21,2310.21,2423.71,2288.16,2340.12,2686970112
2000-12-22,2397.67,2517.93,2397.67,2517.02,2235409920
2000-12-26,2518.29,2548.75,2436.19,2493.52,1558700032
2000-12-27,2471.33,2539.52,2450.22,2539.35,2002649984
2000-12-28,2517.9,2571.52,2514.56,2557.76,2192130048
2000-12-29,2552.68,2577.02,2456.54,2470.52,2531760128
2001-01-02,2474.16,2474.16,2273.07,2291.86,1918930048
2001-01-03,2254.56,2618.03,2251.71,2616.69,3188000000
2001-01-04,2593.96,2644.8,2549.83,2566.83,2610680064
2001-01-05,2573.11,2574.62,2395.39,2407.65,2104669952
2001-01-08,2388.72,2397.06,2299.65,2395.92,1850589952
2001-01-09,2424.69,2474.16,2406.08,2441.3,1975129984
2001-01-10,2392.71,2525.28,2376.49,2524.18,2470350080
2001-01-11,2495.59,2661.93,2495.01,2640.57,2842639872
2001-01-12,2639.56,2699.87,2589.63,2626.5,2518850048
2001-01-16,2631.49,2638.22,2576.95,2618.55,2073939968
2001-01-17,2710.53,2756.63,2668.48,2682.78,2819190016
2001-01-18,2696.74,2769.98,2661.26,2768.49,2558710016
2001-01-19,2838.36,2841.25,2752.06,2770.38,2697189888
2001-01-22,2759.1,2789.63,2722.96,2757.91,2037139968
2001-01-23,2759.26,2845.39,2736.28,2840.39,2278469888
2001-01-24,2850.74,2892.36,2828.32,2859.15,2567320064
2001-01-25,2836.35,2849.56,2753.37,2754.28,2298149888
2001-01-26,2705.39,2785.62,2686.65,2781.3,2268800000
2001-01-29,2757.29,2840.02,2742.5,2838.34,1970130048
2001-01-30,2845.01,2861.71,2817.13,2838.35,2073590016
2001-01-31,2848.11,2872.47,2772.35,2772.73,2277309952
2001-02-01,2771.57,2796.89,2742.44,2782.79,1776259968
2001-02-02,2782.93,2791.58,2660.11,2660.5,1706899968
2001-02-05,2639.65,2656.02,2596.73,2643.21,1648760064
2001-02-06,2641.91,2705.59,2640.23,2664.49,1788920064
2001-02-07,2615.94,2636.07,2554.76,2607.82,2056920064
2001-02-08,2625.78,2651.84,2562.02,2562.06,1852359936
2001-02-09,2542.24,2542.62,2455.87,2470.97,1881910016
2001-02-12,2458.65,2508.27,2435.36,2489.66,1751219968
2001-02-13,2510.84,2554.65,2427.47,2427.72,1728550016
2001-02-14,2437.68,2493.11,2388.4,2491.4,1987350016
2001-02-15,2536.63,2593.09,2536.63,2552.91,2106930048
2001-02-16,2444.6,2457.65,2397.43,2425.38,1892199936
2001-02-20,2439.57,2442.99,2317.77,2318.35,1879089024
2001-02-21,2281.79,2353.51,2257.15,2268.94,2014425984
2001-02-22,2272.13,2291.69,2185.91,2244.96,2473740032
2001-02-23,2221.27,2264.68,2156.29,2262.51,2238230016
2001-02-26,2287.88,2309.73,2238.64,2308.5,1834498944
2001-02-27,2286.64,2300.18,2206.72,2207.82,1806567040
2001-02-28,2223.88,2238.06,2127.5,2151.83,2076765056
2001-03-01,2126.3,2184.41,2071.03,2183.37,2245595904
2001-03-02,2111.23,2197.85,2091.55,2117.63,2367707904
2001-03-05,2142.75,2163.09,2127.96,2142.92,1494770048
2001-03-06,2204.3,2243.78,2202.7,2204.43,1986555008
2001-03-07,2241.23,2243.75,2202.14,2223.92,1769856000
2001-03-08,2211.3,2219.87,2161.41,2168.73,1758416000
2001-03-09,2124.11,2124.11,2041.78,2052.78,1998864000
2001-03-12,2001.68,2004.09,1922.78,1923.38,2149454080
2001-03-13,1948.7,2015.35,1932.63,2014.78,2101547008
2001-03-14,1948.56,2028.53,1933.4,1972.09,2148344064
2001-03-15,2023.79,2030.73,1939.38,1940.71,1964476032
2001-03-16,1914.58,1940.71,1877.69,1890.91,2093996032
2001-03-19,1901.45,1953.08,1867.58,1951.18,1775721984
2001-03-20,1964.45,1974.14,1857.41,1857.44,2018681984
2001-03-21,1862.74,1896.21,1820.75,1830.23,2112551936
2001-03-22,1845.34,1898.1,1794.21,1897.7,2508553984
2001-03-23,1938.91,1952.92,1891.99,1928.68,2290204928
2001-03-26,1957.71,1960.68,1909.42,1918.49,1721452032
2001-03-27,1922.7,1979.75,1907.16,1972.26,1953958016
2001-03-28,1925.3,1925.3,1852.96,1854.13,2072171008
2001-03-29,1838.44,1876.74,1802.76,1820.57,2100861952
2001-03-30,1830.42,1855.58,1794.3,1840.26,2146306048
2001-04-02,1835.22,1852.49,1769.66,1782.97,1846939008
2001-04-03,1758.18,1759.01,1660.92,1673,2512965888
2001-04-04,1668.37,1698.21,1619.58,1638.8,2447162112
2001-04-05,1709.91,1785.73,1706.1,1785,2270851072
2001-04-06,1756.11,1756.11,1700.2,1720.36,1841405056
2001-04-09,1739.66,1757.38,1710.76,1745.71,1449495040
2001-04-10,1771.68,1868.1,1771.68,1852.03,2203778048
2001-04-11,1929.93,1948.08,1884.95,1898.95,2372972032
2001-04-12,1881.19,1961.57,1868.76,1961.43,1906177024
2001-04-16,1934.7,1946.92,1891.88,1909.57,1569341056
2001-04-17,1872.35,1941.57,1869.34,1923.22,1898183040
2001-04-18,2005.06,2129.31,1995.91,2079.44,3081939968
2001-04-19,2100.88,2182.14,2082.24,2182.14,2689403904
2001-04-20,2171.9,2202.86,2135.32,2163.41,2544659968
2001-04-23,2118.36,2118.77,2046.84,2059.32,1844670976
2001-04-24,2055.32,2095.89,2012.37,2016.61,1981464064
2001-04-25,2013.42,2066.97,2000.83,2059.8,1976809984
2001-04-26,2086.04,2095.83,2032.38,2034.88,2022044032
2001-04-27,2070.24,2082.65,2046.71,2075.68,1801532032
2001-04-30,2113.11,2159.08,2097.58,2116.24,2027831040
2001-05-01,2116.24,2168.42,2088.61,2168.24,1922936064
2001-05-02,2205.25,2232.66,2175.13,2220.6,2584830976
2001-05-03,2183.07,2183.07,2129.07,2146.2,2011419008
2001-05-04,2102.61,2191.93,2089.23,2191.53,2058301952
2001-05-07,2194.04,2215.37,2166.51,2173.57,1749026944
2001-05-08,2209.01,2210.45,2165.37,2198.77,1886556032
2001-05-09,2162.3,2189.03,2141.43,2156.63,1787254016
2001-05-10,2195.52,2197.03,2128.69,2128.86,1737571968
2001-05-11,2130.74,2140.37,2097.36,2107.43,1431751040
2001-05-14,2105.36,2105.38,2052.41,2081.92,1337331968
2001-05-15,2086.98,2125.32,2077.5,2085.58,1710130048
2001-05-16,2067.6,2171.22,2057.99,2166.43,2061357952
2001-05-17,2170.01,2216.36,2167.72,2193.69,2144544000
2001-05-18,2182.56,2205.65,2172.48,2198.89,1785224960
2001-05-21,2201.45,2305.73,2198.14,2305.59,2302330112
2001-05-22,2319.18,2328.05,2291.91,2313.83,2304473088
2001-05-23,2299.75,2299.75,2243.46,2243.46,1872801024
2001-05-24,2250.04,2282.19,2226.26,2282.02,1836781056
2001-05-25,2281.18,2282.43,2242.86,2251.03,1382326016
2001-05-29,2239.92,2239.92,2170.58,2175.54,1621854976
2001-05-30,2136.95,2137.67,2077.98,2084.5,1957556992
2001-05-31,2092.53,2140.07,2092.48,2110.5,1816331008
2001-06-01,2131.12,2157.8,2101.26,2149.44,1537259008
2001-06-04,2164.7,2174.16,2136.63,2155.93,1313831936
2001-06-05,2167.31,2244.23,2167.24,2233.66,1841661952
2001-06-06,2239.86,2247.3,2206.89,2217.74,1762460032
2001-06-07,2208.03,2264.58,2205.85,2264,1649518976
2001-06-08,2263.75,2263.75,2202.27,2215.1,1426240000
2001-06-11,2205.41,2205.41,2150.75,2170.78,1406843008
2001-06-12,2133.56,2184.2,2105.26,2169.95,1711452032
2001-06-13,2175.62,2187.16,2121.38,2121.66,1542658944
2001-06-14,2100.74,2101.05,2043.36,2044.07,1749574016
2001-06-15,2017.8,2048.32,1992.39,2028.43,2100200960
2001-06-18,2035.34,2046.63,1987.17,1988.63,1563202048
2001-06-19,2046.04,2057.19,1978.25,1992.66,1980162048
2001-06-20,1974.11,2032.67,1973.7,2031.24,2104432000
2001-06-21,2026.3,2077.43,2014.33,2058.64,2146077952
2001-06-22,2062,2074.83,2028.07,2034.84,1718669952
2001-06-25,2054.34,2060.06,2026.4,2050.87,1480162048
2001-06-26,2022.86,2068.15,2017.34,2064.62,1651808000
2001-06-27,2068.29,2084.41,2048.88,2074.74,1718942976
2001-06-28,2096.88,2157.32,2096.88,2125.64,1951223040
2001-06-29,2129.89,2180.11,2118.11,2160.54,2026567040
2001-07-02,2156.76,2181.05,2140.65,2148.72,1507156992
2001-07-03,2137.1,2148.18,2123.75,2140.8,869020032
2001-07-05,2122.89,2130.96,2079.83,2080.11,1304608000
2001-07-06,2060.73,2060.73,2001.82,2004.16,1441965952
2001-07-09,2010.97,2038.17,2000.08,2026.71,1399639040
2001-07-10,2043.61,2045.12,1960.15,1962.79,1661665024
2001-07-11,1954.72,1975.79,1934.67,1972.04,1754503040
2001-07-12,2033.22,2080.13,2031.84,2075.74,1879796992
2001-07-13,2068.22,2105.15,2055.56,2084.79,1564096000
2001-07-16,2078.53,2091.68,2025.41,2029.12,1488145024
2001-07-17,2017.47,2067.44,2006.8,2067.32,1692157056
2001-07-18,2035.09,2056.06,2003.95,2016.17,1727689984
2001-07-19,2042.32,2079.33,2027.11,2046.59,1894259968
2001-07-20,2015.23,2035.52,2009.56,2029.37,1642395008
2001-07-23,2043.84,2047.85,1987.51,1988.56,1343975040
2001-07-24,1980.37,1994.03,1939.28,1959.24,1594738048
2001-07-25,1962.68,1984.98,1942.58,1984.32,1670119936
2001-07-26,1980.03,2025.88,1963.21,2022.96,1753856000
2001-07-27,2020.58,2039.15,2009.94,2029.07,1579153024
2001-07-30,2034.11,2039.01,2009.94,2017.83,1336446976
2001-07-31,2023.97,2057.1,2014.06,2027.12,1613204992
2001-08-01,2051.56,2078.36,2045.13,2068.38,1781938944
2001-08-02,2092.52,2103.16,2061.75,2087.38,1677160960
2001-08-03,2079.15,2079.15,2047.62,2066.33,1248473984
2001-08-06,2047.86,2053.6,2032.51,2034.26,1097122944
2001-08-07,2026.84,2043.48,2013.75,2027.79,1313170944
2001-08-08,2015.75,2038.64,1958.67,1966.36,1658481024
2001-08-09,1962.48,1971.61,1941.24,1963.32,1455332992
2001-08-10,1957.34,1967.03,1915.99,1956.47,1372662016
2001-08-13,1963.04,1986.33,1951.46,1982.25,1146151936
2001-08-14,1990.83,1998.59,1961.53,1964.53,1229527040
2001-08-15,1964.2,1975.18,1918.74,1918.89,1464294016
2001-08-16,1899.9,1930.46,1879.07,1930.32,1613229056
2001-08-17,1895.42,1903.73,1862.76,1867.01,1299655936
2001-08-20,1866.29,1881.62,1854.96,1881.35,1162913024
2001-08-21,1883.44,1893.39,1831.28,1831.3,1324120960
2001-08-22,1851.75,1860.02,1817.7,1860.01,1548093056
2001-08-23,1857.52,1883.48,1842.51,1842.97,1444571008
2001-08-24,1863.32,1916.83,1857.73,1916.8,1488765952
2001-08-27,1912.7,1933.94,1897.63,1912.41,1194166016
2001-08-28,1912.67,1916.28,1864.72,1864.98,1430451968
2001-08-29,1875.44,1879.76,1833.65,1843.17,1459571968
2001-08-30,1817.19,1833.29,1777.11,1791.68,1731111936
2001-08-31,1784.26,1817.72,1782.1,1805.43,1230763008
2001-09-04,1802.29,1836.19,1770.76,1770.78,1525728000
2001-09-05,1771.75,1782.5,1715.86,1759.01,1953190016
2001-09-06,1736.2,1753.83,1702.92,1705.64,1874888960
2001-09-07,1694.02,1724.57,1676.42,1687.7,1707421952
2001-09-10,1673.78,1702.12,1669.94,1695.38,1609020032
2001-09-17,1613.83,1629.1,1579.28,1579.55,2258614016
2001-09-18,1591.77,1605.06,1548.85,1555.08,1861670016
2001-09-19,1560.52,1568.22,1451.31,1527.8,2466759936
2001-09-20,1494.94,1513.24,1467.1,1470.93,2068113024
2001-09-21,1395.79,1454.04,1387.06,1423.19,2588165888
2001-09-24,1459.47,1507.51,1459.47,1499.41,2046164992
2001-09-25,1505.52,1528.33,1480.69,1501.64,2164976128
2001-09-26,1514.76,1516.12,1458.34,1464.04,1756331008
2001-09-27,1456.8,1465.7,1418.15,1460.71,2038978944
2001-09-28,1472.56,1499.58,1466.78,1498.8,2089624960
2001-10-01,1491.45,1491.45,1458.41,1480.45,1492926976
2001-10-02,1479.01,1504.24,1473.13,1492.32,1780349952
2001-10-03,1479.27,1595.48,1473.22,1580.81,2627094016
2001-10-04,1602.6,1641.56,1581.08,1597.34,2554874880
2001-10-05,1586.4,1608.76,1548.81,1605.3,1834502016
2001-10-08,1582.93,1621.11,1574.65,1605.95,1415443968
2001-10-09,1604.11,1607.2,1565.97,1570.19,1522375936
2001-10-10,1563.96,1626.99,1558.81,1626.26,1851569024
2001-10-11,1649.55,1701.48,1649.55,1701.47,2470330880
2001-10-12,1690.21,1707.43,1651.24,1703.4,2187443968
2001-10-15,1684.04,1698.24,1663.78,1696.31,1584692992
2001-10-16,1704.75,1722.85,1690.54,1722.07,1835660032
2001-10-17,1752.94,1754.01,1646.34,1646.34,2291609088
2001-10-18,1648.69,1668,1634.72,1652.72,1788696064
2001-10-19,1644.49,1675.2,1628.24,1671.31,1591478016
2001-10-22,1666.08,1708.09,1660.22,1708.08,1531469952
2001-10-23,1720.54,1739.47,1695.22,1704.44,1833433984
2001-10-24,1707.52,1736.17,1697.69,1731.54,1890381056
2001-10-25,1708.49,1775.51,1683.61,1775.47,2269992960
2001-10-26,1763.78,1792.87,1763,1768.96,1999345024
2001-10-29,1763.42,1767.97,1699.4,1699.52,1668436992
2001-10-30,1682.3,1686.68,1646.3,1667.41,1792793984
2001-10-31,1690.12,1721.69,1677.71,1690.2,1896116992
2001-11-01,1705.52,1746.65,1683.99,1746.3,1777753984
2001-11-02,1741.37,1759.65,1726.61,1745.73,1645202048
2001-11-05,1768.29,1801.55,1768.29,1793.65,1723799040
2001-11-06,1786.92,1835.49,1777.91,1835.08,1942566016
2001-11-07,1821.04,1868.31,1820.28,1837.53,2063309056
2001-11-08,1855.68,1888.39,1816.56,1827.77,2296129024
2001-11-09,1824.73,1838.38,1809.29,1828.48,1523149952
2001-11-12,1826.25,1848,1782.48,1840.13,1596589952
2001-11-13,1871.47,1893.92,1867.27,1892.11,2182904064
2001-11-14,1910.45,1922.45,1875.27,1903.19,2166782976
2001-11-15,1891.36,1922.12,1882.84,1900.57,2019456000
2001-11-16,1903.48,1908.21,1882.53,1898.58,1714739968
2001-11-19,1912.48,1934.7,1905.36,1934.42,1919703040
2001-11-20,1926.47,1930.21,1877.79,1880.51,1986311936
2001-11-21,1873.6,1884.49,1853.67,1875.05,1577560960
2001-11-23,1878.91,1905.58,1873.64,1903.2,569832000
2001-11-26,1914.53,1941.31,1906.89,1941.23,1731550976
2001-11-27,1931.59,1965.09,1902.89,1935.97,2137004032
2001-11-28,1921.6,1940.64,1887.97,1887.97,1888946048
2001-11-29,1898.63,1933.46,1889.29,1933.26,1952777984
2001-11-30,1929.29,1941.94,1916.73,1930.58,1823648000
2001-12-03,1915.13,1925.35,1898.98,1904.9,1494267008
2001-12-04,1917.66,1963.22,1913.92,1963.1,1904744960
2001-12-05,1980.3,2056.81,1980.3,2046.84,2675913984
2001-12-06,2045.22,2065.69,2037.64,2054.27,2210872064
2001-12-07,2043.68,2046.99,2002.34,2021.26,1920083968
2001-12-10,2007.67,2036.54,1989.68,1992.12,1678700032
2001-12-11,2009.93,2032.63,1995.09,2001.93,1960834048
2001-12-12,2007.48,2022.76,1975.65,2011.38,1895537024
2001-12-13,1979.84,1985.79,1945.29,1946.51,2085731968
2001-12-14,1945.18,1965.74,1934.6,1953.17,1900532992
2001-12-17,1951.45,1994.48,1951.45,1987.45,1827256064
2001-12-18,1998.36,2010.91,1989.81,2004.76,1845843968
2001-12-19,1981.65,2007.76,1971.07,1982.89,1919875968
2001-12-20,1969,1972.32,1918.5,1918.54,2033177984
2001-12-21,1941.55,1954.47,1931.87,1945.83,2359760896
2001-12-24,1946.84,1953.9,1942.07,1944.48,564384000
2001-12-26,1948.77,1983.84,1948.77,1960.7,1125934976
2001-12-27,1967.32,1982.73,1962.12,1976.42,1243792000
2001-12-28,1985.71,2002.72,1982.37,1987.26,1327444992
2001-12-31,1984.31,1989.17,1950.4,1950.4,1416278016
2002-01-02,1965.18,1979.26,1936.56,1979.25,1506534016
2002-01-03,1987.06,2044.56,1987.06,2044.27,2206571008
2002-01-04,2061.83,2077.89,2033.56,2059.38,2205783040
2002-01-07,2075.24,2081.09,2036.86,2037.1,2120723968
2002-01-08,2039.42,2060.23,2027.34,2055.74,1873872000
2002-01-09,2074.32,2098.88,2034.09,2044.89,2307520000
2002-01-10,2045.13,2055.89,2026.05,2047.24,1759792000
2002-01-11,2049.5,2058.77,2018.68,2022.46,1621889024
2002-01-14,2012.59,2018.42,1979.94,1990.74,1795804032
2002-01-15,1994.88,2011.25,1977.28,2000.91,1660155008
2002-01-16,1976.42,1981.81,1944.32,1944.44,1912833024
2002-01-17,1968.7,1985.83,1954.06,1985.82,1891095040
2002-01-18,1943.56,1964.74,1922.7,1930.34,1694433024
2002-01-22,1946.87,1947.41,1882.14,1882.53,1813840000
2002-01-23,1889.53,1925.15,1879.24,1922.38,1873718016
2002-01-24,1937.67,1959.93,1936.34,1942.58,1889058048
2002-01-25,1929.15,1951.79,1923.06,1937.7,1653806976
2002-01-28,1951.12,1958.96,1925.43,1943.91,1481478016
2002-01-29,1947.09,1959.05,1883.49,1892.99,1872515968
2002-01-30,1897.73,1913.66,1851.49,1913.44,2066104064
2002-01-31,1924.56,1935.17,1906.9,1934.06,1782212992
2002-02-01,1928.83,1942.15,1901.21,1911.24,1710368000
2002-02-04,1907.58,1907.58,1849.13,1855.53,1778740992
2002-02-05,1844.62,1867.94,1828.67,1838.52,2104820992
2002-02-06,1853.13,1853.13,1805.01,1812.71,2105618048
2002-02-07,1809.43,1824.07,1781.73,1782.11,1999069056
2002-02-08,1794.05,1818.88,1772.15,1818.88,1795307008
2002-02-11,1816.94,1846.93,1815.38,1846.66,1564530048
2002-02-12,1829.53,1852.22,1817.13,1834.22,1610403968
2002-02-13,1844.79,1862.42,1844.12,1859.16,1597736960
2002-02-14,1863.47,1877.74,1840.78,1843.37,1675773056
2002-02-15,1844.89,1847.07,1801.67,1805.2,1619691008
2002-02-19,1790.94,1791.01,1745.05,1750.61,1749325056
2002-02-20,1762.43,1777.18,1729.2,1775.57,1914994048
2002-02-21,1763.82,1769.37,1716.24,1716.24,1832525952
2002-02-22,1718.7,1736.48,1696.55,1724.54,1839704960
2002-02-25,1731.43,1776.61,1730.92,1769.88,1667041024
2002-02-26,1777.54,1788.75,1750.36,1766.86,1669682944
2002-02-27,1783.29,1793.73,1741.48,1751.88,1823474944
2002-02-28,1759.33,1773.2,1728.65,1731.49,1934790016
2002-03-01,1745.49,1802.89,1742.08,1802.74,1906782976
2002-03-04,1799.68,1859.72,1789.72,1859.32,2291673088
2002-03-05,1854.71,1886.15,1849.75,1866.29,2074603008
2002-03-06,1859.28,1891.83,1841.31,1890.4,1906875008
2002-03-07,1903.24,1910.7,1865.06,1881.63,1898304000
2002-03-08,1908.09,1935.09,1908.09,1929.67,2060061952
2002-03-11,1919.73,1946.23,1905.93,1929.49,1761959936
2002-03-12,1888.68,1899.01,1879.42,1897.12,1749485952
2002-03-13,1879.97,1886.27,1858.45,1862.03,1664364032
2002-03-14,1863.1,1873.01,1851.38,1854.14,1487329024
2002-03-15,1854.34,1871.39,1845.93,1868.3,1699149952
2002-03-18,1882.73,1893.26,1861.11,1877.06,1545105024
2002-03-19,1881.13,1891.51,1873.17,1880.87,1520596992
2002-03-20,1860.28,1861.79,1832.87,1832.87,1538732032
2002-03-21,1835.21,1870.16,1825.99,1868.83,1600256000
2002-03-22,1865.18,1873.32,1848.15,1851.39,1505048960
2002-03-25,1855.65,1863.05,1812.42,1812.49,1421739008
2002-03-26,1808.87,1843.96,1807.47,1824.17,1662382976
2002-03-27,1817.22,1832.01,1811.64,1826.75,1623956992
2002-03-28,1836.25,1852.85,1833.33,1845.35,1664966016
2002-03-29,1857.88,1875.57,1857.88,1858.25,1809534976
2002-04-01,1834.59,1865.37,1817.25,1862.62,1554838016
2002-04-02,1836.03,1839.37,1804.4,1804.4,1701207040
2002-04-03,1809.59,1813.36,1770.61,1784.35,1685026944
2002-04-04,1776.53,1800.83,1770.16,1789.75,1731757952
2002-04-05,1796.92,1803.21,1769.95,1770.03,1507981952
2002-04-08,1741.1,1786.4,1733.84,1785.87,1599266048
2002-04-09,1789.14,1795.62,1742.4,1742.57,1662790016
2002-04-10,1751.57,1772,1733.69,1767.07,1964344064
2002-04-11,1757.01,1762.28,1724.15,1725.25,1698584064
2002-04-12,1738.96,1756.33,1728.52,1756.19,1516419968
2002-04-15,1761.95,1769.04,1740.61,1753.78,1341740032
2002-04-16,1779.29,1816.91,1779.29,1816.79,1791524992
2002-04-17,1829.58,1832.01,1804.65,1810.67,1927634048
2002-04-18,1806.28,1818.79,1778.1,1802.43,1864685056
2002-04-19,1816.35,1816.62,1795.27,1796.83,1683056000
2002-04-22,1779.18,1779.18,1747.65,1758.68,1696668032
2002-04-23,1757.92,1762.94,1723.93,1730.29,1955366016
2002-04-24,1739.13,1746.52,1711.11,1713.34,1923200000
2002-04-25,1705.8,1724.01,1697.27,1713.7,1968723968
2002-04-26,1722.83,1728.52,1663.78,1663.89,1894304000
2002-04-29,1668.52,1678.56,1640.97,1656.93,1842596992
2002-04-30,1655.02,1697.03,1652.93,1688.23,2091924992
2002-05-01,1683.76,1687.56,1643.24,1677.53,2189060096
2002-05-02,1673.72,1695.07,1640.8,1644.82,2060321024
2002-05-03,1643.17,1643.87,1605.97,1613.03,1991728000
2002-05-06,1611.05,1622.83,1577.93,1578.48,1775388032
2002-05-07,1589.58,1594.57,1560.29,1573.82,2139212032
2002-05-08,1625.73,1696.35,1625.73,1696.29,2402919936
2002-05-09,1684.44,1692.58,1650.46,1650.49,1786631936
2002-05-10,1657.18,1657.45,1599.64,1600.85,1839163008
2002-05-13,1611.26,1653.1,1602.6,1652.54,1648072960
2002-05-14,1694.15,1722.66,1691.42,1719.05,2603195904
2002-05-15,1705.45,1759.33,1694.34,1725.56,2266246912
2002-05-16,1723.69,1734.71,1713.81,1730.44,1644731008
2002-05-17,1745.17,1754.22,1723.06,1741.39,1649319040
2002-05-20,1726.78,1726.89,1696.11,1701.59,1428444032
2002-05-21,1708.57,1717.93,1660.22,1664.18,1658466944
2002-05-22,1654.34,1676.64,1643.96,1673.45,1729670016
2002-05-23,1678.42,1697.77,1651.89,1697.63,1759254016
2002-05-24,1680.66,1681.1,1658.78,1661.49,1212221952
2002-05-28,1670.35,1671.35,1632.75,1652.17,1318905984
2002-05-29,1639.27,1644.29,1624.31,1624.39,1416030976
2002-05-30,1613.42,1637.65,1607.3,1631.92,1577352960
2002-05-31,1641.1,1651.47,1615.62,1615.73,1682371968
2002-06-03,1613.5,1621.5,1561.17,1562.56,1619516032
2002-06-04,1559.25,1587.79,1548.31,1578.12,1863559936
2002-06-05,1580.06,1595.42,1563.55,1595.25,1625949952
2002-06-06,1583.65,1584.06,1550.72,1554.88,1581780992
2002-06-07,1500.15,1549.17,1495.81,1535.48,2110177024
2002-06-10,1536.98,1551.8,1526.96,1530.69,1515586944
2002-06-11,1542.16,1547.5,1496.66,1497.18,1692180992
2002-06-12,1491.36,1519.16,1474.56,1519.12,2049655040
2002-06-13,1512.23,1526.41,1495.64,1496.86,1570059008
2002-06-14,1471.97,1507.01,1445.44,1504.74,1826251008
2002-06-17,1519.65,1555.07,1519.26,1553.29,1590153984
2002-06-18,1544.19,1567.99,1542.77,1542.96,1587312000
2002-06-19,1531.05,1538.36,1496.08,1496.83,1719915008
2002-06-20,1494.8,1503.01,1461.59,1464.75,1705090048
2002-06-21,1456.61,1480.05,1435.85,1440.96,1962173952
2002-06-24,1429.56,1476.56,1414.69,1460.34,2045773056
2002-06-25,1472.19,1475.58,1419.25,1423.99,1879827968
2002-06-26,1379.87,1436.57,1375.53,1429.33,2060320000
2002-06-27,1446.37,1459.41,1412.96,1459.2,1934468992
2002-06-28,1454.98,1486.25,1454.71,1463.21,2761782016
2002-07-01,1457.04,1459.84,1402.51,1403.8,2976638976
2002-07-02,1395.37,1396.25,1356.03,1357.82,2706775040
2002-07-03,1348.61,1380.38,1336.06,1380.17,2666358016
2002-07-05,1401.03,1448.66,1401.03,1448.36,1119698048
2002-07-08,1439.85,1452.56,1401.28,1405.61,1709769984
2002-07-09,1405.37,1415.31,1379.57,1381.12,1698417024
2002-07-10,1396.67,1396.95,1345.22,1346.01,1842630016
2002-07-11,1339.65,1375.58,1323.59,1374.43,2296677888
2002-07-12,1391.3,1402.45,1363.11,1373.5,2007667968
2002-07-15,1365.79,1382.7,1315.3,1382.62,2123844992
2002-07-16,1371.91,1407.59,1364.88,1375.26,2369469952
2002-07-17,1408.1,1426.28,1370.21,1397.25,2318028032
2002-07-18,1390.41,1395.29,1356.8,1356.95,1840364032
2002-07-19,1336.39,1350.21,1309.94,1319.15,2403705088
2002-07-22,1309.84,1332.1,1272.46,1282.65,2362445056
2002-07-23,1287.59,1295.59,1228.88,1229.05,2594736896
2002-07-24,1203.88,1290.4,1192.42,1290.23,2475397888
2002-07-25,1277.16,1289.72,1220.93,1240.08,2356872960
2002-07-26,1250.72,1264.67,1234.46,1262.12,1701864960
2002-07-29,1286.81,1335.25,1286.54,1335.25,1942951936
2002-07-30,1322.99,1354.48,1313.49,1344.19,1732721024
2002-07-31,1331.82,1335.79,1307.01,1328.26,1635024000
2002-08-01,1322.47,1326.1,1276.88,1280,1551767040
2002-08-02,1279.1,1282.06,1235.57,1247.92,1421436032
2002-08-05,1243.38,1247.84,1205.68,1206.01,1350387968
2002-08-06,1224.8,1279.57,1224.8,1259.55,1538915968
2002-08-07,1290.23,1298.12,1243.49,1280.9,1572940032
2002-08-08,1278.34,1316.52,1263.31,1316.52,1538194048
2002-08-09,1301.83,1322.07,1290.77,1306.12,1327533952
2002-08-12,1293.88,1311.43,1286.91,1306.84,1059009984
2002-08-13,1300.73,1324.43,1268.99,1269.28,1635273984
2002-08-14,1273.94,1334.31,1265.19,1334.29,1616269952
2002-08-15,1339.6,1350.92,1322.11,1345.01,1748302976
2002-08-16,1333.26,1368.69,1325.99,1361.01,1500289024
2002-08-19,1362.29,1397.06,1359.14,1394.54,1584142976
2002-08-20,1384.47,1389.84,1370.98,1376.59,1506695040
2002-08-21,1389.56,1410.88,1378.09,1409.1,1613526016
2002-08-22,1410.75,1426.76,1398.83,1422.95,1829044992
2002-08-23,1411.75,1411.75,1377.64,1380.62,1490144000
2002-08-26,1387.2,1394.24,1360.43,1391.74,1426740992
2002-08-27,1395.04,1396.4,1346.21,1347.78,1501943040
2002-08-28,1339.42,1340.01,1312.25,1314.38,1353494016
2002-08-29,1304.21,1345.37,1295.79,1335.76,1402635008
2002-08-30,1326.05,1337.92,1314.69,1314.85,1090080000
2002-09-03,1302.67,1302.67,1263.23,1263.84,1389656960
2002-09-04,1268.65,1294.65,1261,1292.31,1486861952
2002-09-05,1274.76,1274.76,1251,1251.03,1511032960
2002-09-06,1280.27,1304.02,1280.27,1295.3,1312071040
2002-09-09,1286.75,1310.33,1270.73,1304.6,1243670016
2002-09-10,1306.13,1322.43,1299.53,1320.09,1440818048
2002-09-11,1328.35,1347.27,1314.96,1315.45,1076898944
2002-09-12,1305.72,1305.72,1279.09,1279.68,1192193024
2002-09-13,1272.94,1292.36,1270.59,1291.4,1265388032
2002-09-16,1286.85,1292.73,1267.69,1275.88,1092429056
2002-09-17,1292.91,1298.5,1258.85,1259.94,1495975936
2002-09-18,1244.52,1263.9,1233.08,1252.13,1564569984
2002-09-19,1233.94,1242.91,1216.19,1216.45,1521888000
2002-09-20,1229.47,1232.96,1216.24,1221.09,1798488064
2002-09-23,1209.13,1209.72,1177.41,1184.93,1438258048
2002-09-24,1170.95,1200.45,1169.04,1182.14,1664626048
2002-09-25,1195.6,1227.23,1184.12,1222.29,1690428032
2002-09-26,1231.85,1239.62,1206.91,1221.61,1661292032
2002-09-27,1213.77,1235.08,1198.12,1199.15,1442801024
2002-09-30,1187.48,1190.74,1160.07,1172.06,1688100992
2002-10-01,1180.26,1214.01,1160.71,1213.72,1711880960
2002-10-02,1208.03,1222.72,1183.76,1187.3,1766339968
2002-10-03,1183.11,1197.96,1164.51,1165.56,1643144960
2002-10-04,1174.58,1175.75,1135.27,1139.9,1591185024
2002-10-07,1135.79,1145.79,1113.36,1119.4,1400215040
2002-10-08,1129.82,1144.13,1109.64,1129.22,1837852032
2002-10-09,1117.14,1135.89,1112.08,1114.11,1750280960
2002-10-10,1116.76,1165.83,1108.49,1163.37,1840247040
2002-10-11,1179.9,1220.12,1179.9,1210.47,1919716992
2002-10-14,1198.5,1221.6,1193.42,1220.53,1200733056
2002-10-15,1259.87,1282.74,1259.87,1282.44,1994097024
2002-10-16,1239.54,1253.61,1229.06,1232.42,1587538944
2002-10-17,1272.26,1283.21,1263.46,1272.29,1824417024
2002-10-18,1270.13,1288.08,1253.44,1287.86,1668740992
2002-10-21,1276.76,1312.53,1267.76,1309.67,1576589952
2002-10-22,1285.54,1307.6,1280.66,1292.8,1716237952
2002-10-23,1288.24,1320.25,1279.46,1320.23,1596795008
2002-10-24,1325.08,1330.99,1296.54,1298.71,1938403968
2002-10-25,1297.33,1331.33,1297.17,1331.13,1470786048
2002-10-28,1345.72,1346.21,1310.63,1315.87,1638201984
2002-10-29,1313.14,1318.93,1279.19,1300.54,1593074944
2002-10-30,1307.49,1334.63,1300.55,1326.73,1670567040
2002-10-31,1330.73,1347.58,1323.09,1329.75,1753291008
2002-11-01,1320.95,1360.83,1313.72,1360.7,1843942016
2002-11-04,1394.57,1420.03,1388.68,1396.54,2368882944
2002-11-05,1386.87,1401.37,1379.33,1401.17,1704174976
2002-11-06,1408.22,1419.04,1386.52,1418.99,2160791040
2002-11-07,1397.54,1400.08,1371.47,1376.71,1761806976
2002-11-08,1376.37,1389.77,1354.28,1359.28,1606515968
2002-11-11,1355.1,1355.1,1319.07,1319.19,1271366016
2002-11-12,1328.08,1367.97,1328.08,1349.56,1562658048
2002-11-13,1342.22,1371.74,1334.13,1361.33,1894333056
2002-11-14,1378.94,1411.63,1378.94,1411.52,1753351040
2002-11-15,1396.11,1413.53,1386.14,1411.14,1700392960
2002-11-18,1422.54,1425.42,1393.66,1393.69,1769433984
2002-11-19,1387.11,1394.93,1367.76,1374.51,1623160064
2002-11-20,1375.69,1419.64,1375.41,1419.35,1774306944
2002-11-21,1431.13,1468.72,1430.08,1467.55,2417737984
2002-11-22,1453.05,1475.35,1449.5,1468.74,1963650048
2002-11-25,1470.64,1486.94,1461.13,1481.9,1955716992
2002-11-26,1473.23,1478.73,1441.12,1444.43,1913625984
2002-11-27,1463.27,1491.45,1462.62,1487.94,1733414016
2002-11-29,1495.81,1497.44,1478.72,1478.78,843089024
2002-12-02,1507.94,1521.44,1474.59,1484.76,1914450944
2002-12-03,1474.69,1474.69,1445.23,1448.96,1644818944
2002-12-04,1427.05,1444.18,1412.92,1430.35,1884953984
2002-12-05,1444.74,1445.95,1410.58,1410.75,1461985024
2002-12-06,1395.18,1430.39,1391.1,1422.44,1536838016
2002-12-09,1411.4,1411.4,1367.07,1367.14,1501969024
2002-12-10,1374.56,1397.84,1373.89,1390.76,1475158016
2002-12-11,1382.1,1407.15,1377.71,1396.59,1427042944
2002-12-12,1407.02,1411.69,1388.51,1399.55,1416620032
2002-12-13,1387.71,1387.71,1362.42,1362.42,1428653056
2002-12-16,1367.74,1400.49,1367.31,1400.33,1411336960
2002-12-17,1396.33,1408.16,1385.37,1392.05,1340208000
2002-12-18,1380.63,1380.63,1355.55,1361.51,1530747008
2002-12-19,1358.61,1384.58,1346.18,1354.1,1652329984
2002-12-20,1364.19,1370.79,1358.8,1363.11,1867940992
2002-12-23,1359.92,1384.29,1358.29,1381.69,1196087040
2002-12-24,1375.96,1382.93,1372.38,1372.47,525227008
2002-12-26,1375.14,1392.58,1363.61,1367.89,814937024
2002-12-27,1363.64,1369.21,1346.65,1348.31,807326016
2002-12-30,1349.43,1353.38,1329.64,1339.54,1079917056
2002-12-31,1336.83,1345.11,1327.19,1335.51,1170900992
2003-01-02,1346.93,1384.91,1336.98,1384.85,1289793024
2003-01-03,1382.36,1389.44,1374.61,1387.08,1150020992
2003-01-06,1390.19,1428.65,1390.09,1421.32,1568571008
2003-01-07,1424.26,1442.26,1416.23,1431.57,1754109056
2003-01-08,1423.29,1424.12,1399.06,1401.07,1459810048
2003-01-09,1414.47,1445.09,1414.47,1438.46,1689331968
2003-01-10,1423.62,1457.45,1418.79,1447.72,1656626048
2003-01-13,1461.73,1467.35,1436.98,1446.04,1600481024
2003-01-14,1445.07,1461.12,1442.63,1460.99,1541852032
2003-01-15,1461.04,1463.99,1435.29,1438.8,1735608960
2003-01-16,1440.56,1449.13,1420.11,1423.75,1577634944
2003-01-17,1401.37,1401.37,1376.18,1376.19,1636861952
2003-01-21,1380.43,1386.71,1364.25,1364.25,1374424960
2003-01-22,1361.01,1379.61,1358.23,1359.48,1499325056
2003-01-23,1377.5,1393.67,1365.11,1388.27,1559682048
2003-01-24,1382.35,1382.35,1340.22,1342.14,1589703040
2003-01-27,1329.81,1349.83,1320.32,1325.27,1433606016
2003-01-28,1335.43,1346.5,1321.44,1342.18,1419529984
2003-01-29,1335.9,1363.31,1320.35,1358.06,1506176000
2003-01-30,1360.55,1363.08,1322.06,1322.35,1439990016
2003-01-31,1308.1,1331.04,1303.64,1320.91,1584861952
2003-02-03,1324.74,1335.76,1318,1323.79,1264343040
2003-02-04,1310.48,1310.48,1292.2,1306.15,1376846976
2003-02-05,1314.67,1332.82,1299.35,1301.5,1367225984
2003-02-06,1298.7,1310.51,1291.47,1301.73,1226931968
2003-02-07,1310.92,1314.52,1278.54,1282.47,1240616960
2003-02-10,1286.51,1298.57,1275.19,1296.68,1217430016
2003-02-11,1301.54,1315.04,1285.77,1295.46,1316676992
2003-02-12,1292.08,1301.11,1278.74,1278.97,1215970944
2003-02-13,1280.92,1281.32,1261.79,1277.44,1326124032
2003-02-14,1283.41,1310.37,1279.66,1310.17,1312592000
2003-02-18,1319.99,1346.92,1319.52,1346.54,1313867008
2003-02-19,1343.37,1344.59,1322.12,1334.32,1186274048
2003-02-20,1339.7,1344.29,1329.09,1331.23,1338296960
2003-02-21,1331.33,1352.07,1316.04,1349.02,1333063040
2003-02-24,1342.5,1343.09,1321.44,1322.38,1233520000
2003-02-25,1307.39,1331.35,1291.96,1328.98,1401851008
2003-02-26,1323.01,1331.47,1302.83,1303.68,1197432064
2003-02-27,1312.13,1331.79,1305.56,1323.94,1278870016
2003-02-28,1327.87,1342.73,1325.15,1337.52,1343033984
2003-03-03,1344.21,1353.31,1316.85,1320.29,1253197952
2003-03-04,1320.28,1321.89,1307.27,1307.77,1212428032
2003-03-05,1305.28,1317.69,1302.05,1314.4,1352265984
2003-03-06,1306.07,1312.61,1299.81,1302.89,1272974976
2003-03-07,1285.3,1310.53,1280.72,1305.29,1426626048
2003-03-10,1295.46,1299.55,1277.18,1278.37,1117010944
2003-03-11,1280.73,1288.99,1269.48,1271.47,1250334976
2003-03-12,1266.99,1279.59,1253.22,1279.24,1531595008
2003-03-13,1297.74,1340.78,1290.59,1340.77,1808968960
2003-03-14,1344.26,1352.84,1329.97,1340.33,1612353024
2003-03-17,1329.95,1392.41,1326.28,1392.27,1886627968
2003-03-18,1392,1400.55,1378.83,1400.55,1604823040
2003-03-19,1396.27,1401.24,1378.57,1397.07,1713804032
2003-03-20,1385.66,1411.41,1371.9,1402.77,1579856000
2003-03-21,1422.06,1425.73,1403.15,1421.75,1881051008
2003-03-24,1390.04,1392.4,1368.37,1369.78,1330807040
2003-03-25,1374.21,1400.14,1369.32,1391.01,1427772032
2003-03-26,1390.27,1397.94,1383.35,1387.45,1412588032
2003-03-27,1375.9,1392.46,1369.31,1384.25,1421570944
2003-03-28,1375.26,1384.82,1367.89,1369.6,1351161984
2003-03-31,1351.61,1357,1336.61,1341.17,1565667968
2003-04-01,1347.54,1356.37,1338.23,1348.3,1411484032
2003-04-02,1374.71,1400.86,1374.71,1396.72,1644016000
2003-04-03,1404.99,1412.08,1389.95,1396.58,1457314048
2003-04-04,1400.97,1400.97,1378.22,1383.51,1365430016
2003-04-07,1425.23,1430.11,1389.51,1389.51,1510241024
2003-04-08,1388.53,1392.52,1376.6,1382.94,1299671040
2003-04-09,1385.28,1393.37,1356.6,1356.74,1312278016
2003-04-10,1359.43,1368.11,1351.1,1365.61,1259517056
2003-04-11,1379.48,1387.33,1353.74,1358.85,1231529984
2003-04-14,1361.35,1386.5,1359.32,1384.95,1169607040
2003-04-15,1381.67,1394.03,1376.03,1391.01,1295537024
2003-04-16,1411.7,1418.52,1391.99,1394.72,1532032000
2003-04-17,1395.62,1425.5,1393.13,1425.5,1622829952
2003-04-21,1425.96,1432.08,1413.71,1424.37,1255650944
2003-04-22,1417,1452.34,1414.4,1451.36,1600371968
2003-04-23,1453.95,1468.08,1447.65,1466.16,1817347968
2003-04-24,1453.23,1465.92,1448.05,1457.23,1645019008
2003-04-25,1451.13,1452.17,1432.02,1434.54,1516135040
2003-04-28,1437.86,1465.4,1436.35,1462.24,1467528960
2003-04-29,1468.03,1482.49,1459.48,1471.3,1669184000
2003-04-30,1467.84,1472.69,1459.04,1464.31,1611282944
2003-05-01,1463,1478.85,1451.32,1472.56,1464441984
2003-05-02,1470.09,1504.22,1469.84,1502.88,1843479040
2003-05-05,1508.31,1519.7,1502.66,1504.04,1919126016
2003-05-06,1503.42,1531.82,1503.31,1523.71,2142872064
2003-05-07,1513.48,1523.91,1503.06,1506.76,1898897024
2003-05-08,1492.49,1504.04,1486.91,1489.69,1614077056
2003-05-09,1500.65,1520.15,1500.1,1520.15,1560387968
2003-05-12,1518.52,1544.41,1512.72,1541.4,1784510976
2003-05-13,1533.14,1548.59,1529.56,1539.68,1856137984
2003-05-14,1545.88,1549.94,1526.14,1534.9,1815629056
2003-05-15,1541.43,1552.98,1536.03,1551.38,1983010048
2003-05-16,1544.84,1550.44,1534.35,1538.53,1782230016
2003-05-19,1530.38,1536.04,1492.46,1492.77,1680900992
2003-05-20,1498.05,1505.18,1480.13,1491.09,1696168960
2003-05-21,1488.27,1490.82,1478.15,1489.87,1586567040
2003-05-22,1493.39,1512.8,1489.08,1507.55,1793865984
2003-05-23,1506.64,1514.49,1501.38,1510.09,1449539968
2003-05-27,1504.87,1558.28,1504.22,1556.69,1937465984
2003-05-28,1560.11,1571.85,1553.7,1563.24,2063976960
2003-05-29,1565.38,1591.26,1564.14,1574.95,2225721088
2003-05-30,1583.23,1599.92,1582.52,1595.91,2314983936
2003-06-02,1612.1,1620.79,1586.48,1590.75,2528101888
2003-06-03,1589.72,1603.74,1584.7,1603.56,2074980992
2003-06-04,1604.84,1638.57,1603.17,1634.65,2542000128
2003-06-05,1620.79,1646.01,1613.99,1646.01,2475931904
2003-06-06,1670.03,1684.06,1625.18,1627.42,2977776896
2003-06-09,1623,1625.61,1597.32,1603.97,1863948032
2003-06-10,1611.17,1627.77,1606.08,1627.67,1799160064
2003-06-11,1625,1647.57,1612.22,1646.02,1941496064
2003-06-12,1653.05,1661.12,1640.12,1653.62,1796526976
2003-06-13,1656.61,1660.43,1624.12,1626.49,1825444992
2003-06-16,1633.8,1667.77,1629.59,1666.58,1919278976
2003-06-17,1673.1,1674.09,1656.57,1668.44,1968043008
2003-06-18,1663.03,1685.04,1653.25,1677.14,2096119040
2003-06-19,1677.05,1686.1,1646.79,1648.64,1969547008
2003-06-20,1657.31,1660.47,1638.93,1644.72,1797121024
2003-06-23,1642.33,1643.21,1601.45,1610.75,1700318976
2003-06-24,1605.69,1622.47,1598.25,1605.61,1625081984
2003-06-25,1608.5,1629.97,1600.28,1602.66,1567344000
2003-06-26,1611.31,1636.15,1606.47,1634.01,1565543936
2003-06-27,1636.03,1653.74,1621.25,1625.26,1556983040
2003-06-30,1634.86,1643.68,1621.44,1622.8,1941122944
2003-07-01,1617.3,1641.77,1598.92,1640.13,1717809024
2003-07-02,1648.13,1678.77,1648.13,1678.73,1887796992
2003-07-03,1665.95,1683.77,1660.95,1663.46,967756032
2003-07-07,1685.41,1721.25,1685.41,1720.71,1847048960
2003-07-08,1715.99,1747.44,1713.76,1746.46,2024312960
2003-07-09,1743.66,1758.18,1735.3,1747.46,2236541184
2003-07-10,1731.35,1735.13,1707.49,1715.86,1746925952
2003-07-11,1720.98,1737.41,1720.98,1733.93,1521879040
2003-07-14,1757.43,1776.1,1748.88,1754.82,1982768000
2003-07-15,1769.95,1771.78,1742.1,1753.21,1928094976
2003-07-16,1766.35,1767.9,1734.14,1747.97,1931518976
2003-07-17,1727.76,1729.59,1693.47,1698.02,1918013952
2003-07-18,1709.09,1714.84,1688.82,1708.5,1605816064
2003-07-21,1706.15,1706.29,1675.18,1681.41,1462866048
2003-07-22,1695.02,1710.34,1686.15,1706.1,1754893056
2003-07-23,1710.82,1720.04,1695.2,1719.18,1837452032
2003-07-24,1732.19,1740.8,1700.29,1701.42,1905432960
2003-07-25,1703.58,1730.91,1685.89,1730.7,1589981056
2003-07-28,1734.68,1740.59,1726.24,1735.36,1542476032
2003-07-29,1740.27,1744.6,1713.21,1731.37,1714012032
2003-07-30,1731.57,1733.4,1717.07,1720.91,1528001024
2003-07-31,1735.47,1757.37,1728.34,1735.02,1858061952
2003-08-01,1731.63,1733.14,1714.01,1715.62,1495392000
2003-08-04,1714.84,1723.27,1687.77,1714.06,1578439040
2003-08-05,1710.69,1711.11,1671.04,1673.5,1761275008
2003-08-06,1664.26,1675.46,1648.42,1652.68,1871165056
2003-08-07,1651.46,1658.43,1641.74,1652.18,1648107008
2003-08-08,1659.06,1662.78,1640.88,1644.03,1341156992
2003-08-11,1646.95,1668.06,1646.59,1661.51,1208945024
2003-08-12,1666.61,1687.48,1660.66,1687.01,1338433024
2003-08-13,1693.36,1695.83,1681.31,1686.61,1456908032
2003-08-14,1688.13,1700.34,1681.52,1700.34,1311579008
2003-08-15,1697.75,1705.33,1693.88,1702.01,704347008
2003-08-18,1707.17,1739.59,1706.93,1739.49,1485080960
2003-08-19,1747,1761.63,1737.37,1761.11,1731155968
2003-08-20,1749.08,1768.52,1747.01,1760.54,1509719040
2003-08-21,1771.39,1783.64,1762.97,1777.55,1727808000
2003-08-22,1804.81,1812.49,1765.3,1765.32,1709348992
2003-08-25,1763.78,1768.12,1752.12,1764.31,1123451008
2003-08-26,1756.08,1771.22,1737.15,1770.65,1386743040
2003-08-27,1767.78,1783.12,1764.63,1782.13,1356674048
2003-08-28,1787.77,1800.65,1772.98,1800.18,1469931008
2003-08-29,1796.1,1813.82,1794.83,1810.45,1212274048
2003-09-02,1817.92,1841.48,1804.3,1841.48,1792743040
2003-09-03,1852.47,1863.55,1846.51,1852.9,2239050240
2003-09-04,1853.12,1870,1848.95,1868.97,1907303040
2003-09-05,1861.29,1879.7,1850.69,1858.24,1957916032
2003-09-08,1863.88,1888.65,1863.88,1888.62,2047848960
2003-09-09,1883,1886.27,1867.81,1873.43,2365412608
2003-09-10,1859.21,1859.21,1823.81,1823.81,2010663040
2003-09-11,1830.44,1852.6,1819.42,1846.09,1756451968
2003-09-12,1833.97,1855.04,1821.98,1855.03,1715585024
2003-09-15,1857.12,1861.81,1843.79,1845.7,1465811968
2003-09-16,1848.41,1887.87,1848.41,1887.25,1801816064
2003-09-17,1884.18,1894.74,1876.24,1883.1,1906332032
2003-09-18,1880.91,1910.51,1874.3,1909.55,2020739968
2003-09-19,1913.74,1913.74,1895.93,1905.7,1904532992
2003-09-22,1881.42,1881.42,1866.88,1874.62,1727565056
2003-09-23,1877.44,1901.73,1875.15,1901.72,1877305984
2003-09-24,1903.81,1904.13,1843.43,1843.7,2369025536
2003-09-25,1849.39,1856.22,1817.2,1817.24,2049549952
2003-09-26,1816.75,1821.57,1792.06,1792.07,1850827008
2003-09-29,1801.55,1824.59,1786.57,1824.56,1677768960
2003-09-30,1812.81,1812.81,1783.46,1786.94,1888107008
2003-10-01,1797.07,1832.25,1796.09,1832.25,1836743936
2003-10-02,1828.94,1842.55,1823.64,1836.22,1617581056
2003-10-03,1864.54,1891.62,1864.54,1880.57,2018142976
2003-10-06,1884.64,1894.22,1876,1893.46,1380914944
2003-10-07,1882.92,1907.88,1878.59,1907.85,1844345984
2003-10-08,1913.64,1914.33,1888.53,1893.78,1809719040
2003-10-09,1916.95,1936.93,1899.21,1911.9,2089329024
2003-10-10,1915.52,1921.14,1905.49,1915.31,1467527936
2003-10-13,1924.06,1940.97,1921.96,1933.53,1501304064
2003-10-14,1929.52,1943.33,1922.82,1943.19,1765868032
2003-10-15,1966.38,1966.87,1933.03,1939.1,2025067008
2003-10-16,1931.99,1951.76,1930.28,1950.14,1776793984
2003-10-17,1947.2,1949.69,1910.24,1912.36,1752014976
2003-10-20,1913.79,1925.16,1905.39,1925.14,1550573056
2003-10-21,1929.31,1952.48,1922.78,1940.9,1745895040
2003-10-22,1923.33,1923.33,1897.36,1898.07,1725340032
2003-10-23,1879.12,1893.2,1874.11,1885.51,1937948032
2003-10-24,1863.32,1866.43,1841.62,1865.59,1959518976
2003-10-27,1876.03,1890.66,1873.62,1882.91,1524103936
2003-10-28,1893.28,1932.26,1892.43,1932.26,2090753024
2003-10-29,1925.61,1937.37,1923.56,1936.56,1977112960
2003-10-30,1955.59,1957.53,1929.77,1932.69,2354025984
2003-10-31,1938.22,1942.68,1928.67,1932.21,1843997952
2003-11-03,1941.31,1969.26,1941.31,1967.7,2097570944
2003-11-04,1961.45,1971.38,1953.64,1957.96,2105582976
2003-11-05,1957,1966.15,1938.22,1959.37,2031467008
2003-11-06,1971.27,1977.91,1953.34,1976.37,2254120704
2003-11-07,1986.56,1992.27,1968.81,1970.74,1966436992
2003-11-10,1972.1,1973.08,1939.73,1941.64,1760800000
2003-11-11,1938.85,1944.01,1923.5,1930.75,1644120064
2003-11-12,1935.97,1973.11,1935.86,1973.11,1866971008
2003-11-13,1964.43,1970.4,1956.41,1967.35,1878562944
2003-11-14,1966.87,1977.79,1930.26,1930.26,1833227008
2003-11-17,1919.01,1919.23,1890.72,1909.61,1872475008
2003-11-18,1919.45,1926,1881.75,1881.75,1904281984
2003-11-19,1886.18,1903.43,1880.31,1899.65,1804921984
2003-11-20,1886.63,1916.55,1880.91,1881.92,1798392960
2003-11-21,1891.84,1896.41,1878.07,1893.88,1624608000
2003-11-24,1907.29,1947.14,1907.29,1947.14,1798013952
2003-11-25,1948.36,1956.2,1942.02,1943.04,1857495040
2003-11-26,1954.28,1960.31,1930.63,1953.31,1526692992
2003-11-28,1950.21,1963.06,1950.21,1960.26,704142016
2003-12-01,1972.97,1989.82,1968.54,1989.82,1846525952
2003-12-02,1986.8,1996.08,1978.23,1980.07,1823106944
2003-12-03,1989.14,2000.92,1960.13,1960.25,2256186112
2003-12-04,1966.92,1971.25,1942.67,1968.8,2120380032
2003-12-05,1949.26,1960.39,1935.58,1937.82,1676139008
2003-12-08,1937.48,1948.94,1926.94,1948.85,1593761024
2003-12-09,1955.5,1956.97,1906.84,1908.32,1818445056
2003-12-10,1912.24,1916,1887.46,1904.65,1955863040
2003-12-11,1904.48,1945.92,1903.93,1942.32,1812524032
2003-12-12,1947.26,1949.02,1931.1,1949,1461245056
2003-12-15,1978.77,1979.78,1918.26,1918.26,1830600960
2003-12-16,1918.06,1927.09,1901.66,1924.29,1820939008
2003-12-17,1922.21,1926,1910.24,1921.33,1507894016
2003-12-18,1924.62,1957.68,1924.62,1956.18,1722584960
2003-12-19,1963.28,1963.28,1939.56,1951.02,1887634048
2003-12-22,1946.19,1958.74,1941.62,1955.8,1292525952
2003-12-23,1954.03,1974.78,1952.44,1974.78,1328231936
2003-12-24,1969.71,1974.31,1964.88,1969.23,643651008
2003-12-26,1970.37,1979.74,1970.37,1973.14,531172000
2003-12-29,1976.93,2006.48,1976.93,2006.48,1419590016
2003-12-30,2003.98,2010.13,1997.82,2009.88,1554562048
2003-12-31,2010.64,2015.23,1996.62,2003.37,1783576064
2004-01-02,2011.08,2022.37,1999.77,2006.68,1668141056
2004-01-05,2020.78,2047.36,2020.78,2047.36,2368363008
2004-01-06,2044.55,2061.54,2039.63,2057.37,2277435904
2004-01-07,2056.75,2078.09,2047.02,2077.68,2309487104
2004-01-08,2089.6,2100.25,2078.05,2100.25,2696859904
2004-01-09,2083.64,2113.33,2077.09,2086.92,2493925120
2004-01-12,2093.54,2112.52,2085.15,2111.78,2296353024
2004-01-13,2113.11,2114.91,2080.29,2096.44,2403301888
2004-01-14,2104.29,2111.73,2094.32,2111.13,2110897024
2004-01-15,2101.86,2121.61,2088.1,2109.08,2243897088
2004-01-16,2126.12,2140.47,2119.35,2140.46,2618531072
2004-01-20,2149.03,2149.85,2130.2,2147.98,2593444096
2004-01-21,2139.33,2150.11,2120.2,2142.45,2432452096
2004-01-22,2146.32,2152.12,2119.01,2119.01,2364890880
2004-01-23,2124.76,2138.41,2108.45,2123.87,2266844928
2004-01-26,2120.56,2153.83,2115.34,2153.83,1958278016
2004-01-27,2148.05,2152.75,2116.04,2116.04,2189428992
2004-01-28,2125.02,2128,2073.15,2077.37,2330798080
2004-01-29,2085.54,2087.33,2041.07,2068.23,2644139008
2004-01-30,2068.36,2078.88,2058.54,2066.15,1939972992
2004-02-02,2072.13,2085.49,2053.79,2063.15,1925232000
2004-02-03,2061.28,2071.44,2057.33,2066.21,1858926976
2004-02-04,2042.83,2044.68,2013.92,2014.14,2280660992
2004-02-05,2024.48,2031.39,2012.79,2019.56,1961581056
2004-02-06,2025.96,2064.01,2025.91,2064.01,1858864000
2004-02-09,2069.29,2074.27,2060.44,2060.57,1763266048
2004-02-10,2061.1,2075.33,2060.44,2075.33,1672113024
2004-02-11,2072.9,2089.66,2064.77,2089.66,2199196928
2004-02-12,2084.02,2091.22,2072.06,2073.61,1953606016
2004-02-13,2080.17,2085.71,2049.76,2053.56,1817422976
2004-02-17,2068.42,2084.72,2068.01,2080.35,1628888960
2004-02-18,2084.23,2088.51,2072.19,2076.47,1795586048
2004-02-19,2091.71,2094.92,2045.96,2045.96,2078952960
2004-02-20,2052.13,2052.36,2022.79,2037.93,1916829056
2004-02-23,2044.41,2045.1,1999.59,2007.52,1963868032
2004-02-24,2000.75,2018.07,1991.05,2005.44,2072382976
2004-02-25,2010.59,2024.2,2007.73,2022.98,1713074944
2004-02-26,2018.91,2037.17,2012.83,2032.57,1762951040
2004-02-27,2036.67,2044.77,2018.83,2029.82,1875787008
2004-03-01,2036.92,2057.8,2032.64,2057.8,1710291968
2004-03-02,2056.38,2064.4,2039.65,2039.65,1878622976
2004-03-03,2037.11,2039.31,2020.29,2033.36,1820974976
2004-03-04,2034.73,2055.12,2031.84,2055.11,1809714944
2004-03-05,2037.33,2069.02,2034.18,2047.63,2048659968
2004-03-08,2052.07,2058.25,2008.78,2008.78,2057660032
2004-03-09,2008.75,2011.83,1987.29,1995.16,2108843008
2004-03-10,1997.11,2007.25,1963.13,1964.15,2161944064
2004-03-11,1953.59,1982.58,1943.89,1943.89,2242610944
2004-03-12,1961,1984.73,1959.49,1984.73,1708055040
2004-03-15,1977.78,1977.78,1939.2,1939.2,1737464960
2004-03-16,1952.78,1961.99,1927.69,1943.09,1977714944
2004-03-17,1956.52,1980.31,1956.52,1976.76,1701693952
2004-03-18,1971.26,1972.31,1947.56,1962.44,1684327040
2004-03-19,1964.97,1970.15,1940.47,1940.47,1650267008
2004-03-22,1929.02,1929.28,1897.63,1909.9,1998414976
2004-03-23,1923.23,1928.61,1898.94,1901.8,1839878016
2004-03-24,1908.04,1922.51,1896.91,1909.48,1848859008
2004-03-25,1923.22,1967.17,1923.22,1967.17,1972635008
2004-03-26,1963.52,1976.76,1960.02,1960.02,1580717056
2004-03-29,1975.43,1996.23,1975.43,1992.57,1706498048
2004-03-30,1985.67,2000.68,1981.44,2000.63,1599874048
2004-03-31,2001.09,2004,1985.04,1994.22,1861528064
2004-04-01,1996.45,2019.09,1996.45,2015.01,1840784000
2004-04-02,2046.05,2057.17,2037.19,2057.17,2204470016
2004-04-05,2055.99,2079.12,2054.34,2079.12,1755367936
2004-04-06,2064.13,2068.27,2053.32,2059.9,1819336960
2004-04-07,2055.61,2060.44,2038.74,2050.24,1791912960
2004-04-08,2074.58,2075.33,2046.1,2052.88,1706008960
2004-04-12,2057.64,2069.45,2057.64,2065.48,1511298944
2004-04-13,2072.95,2073.42,2026.2,2030.08,1964240000
2004-04-14,2018.36,2040.15,2013.98,2024.85,1853345024
2004-04-15,2026.52,2031.84,1989.21,2002.17,1982882944
2004-04-16,2002.43,2007.17,1982.14,1995.74,1880244992
2004-04-19,1995.37,2020.45,1991.14,2020.43,1686630016
2004-04-20,2022.62,2032.41,1978.63,1978.63,1931796992
2004-04-21,1987.22,1995.91,1973.25,1995.63,2084084992
2004-04-22,1992.65,2035.39,1991.47,2032.91,2164567040
2004-04-23,2045.92,2051.75,2034.48,2049.77,1951572992
2004-04-26,2052.25,2059.08,2031.75,2036.77,1730488960
2004-04-27,2040.53,2053.57,2027.64,2032.53,1975981952
2004-04-28,2026.44,2026.44,1985.54,1989.54,2043710976
2004-04-29,1987.48,1998.5,1946.1,1958.78,2384560896
2004-04-30,1962.49,1965.89,1919.39,1920.15,2186364928
2004-05-03,1928.72,1954.62,1926.09,1938.72,2023678976
2004-05-04,1942.37,1969.97,1933.6,1950.48,1865730944
2004-05-05,1954.99,1967.33,1948.51,1957.26,1591128064
2004-05-06,1945.87,1949.55,1923.3,1937.74,1772146944
2004-05-07,1931.86,1957.24,1917.96,1917.96,1647996032
2004-05-10,1904.73,1907.98,1880.32,1896.07,1905203968
2004-05-11,1909.5,1931.48,1909.5,1931.35,1656041984
2004-05-12,1924.32,1927.23,1878.77,1925.59,1891768064
2004-05-13,1918.63,1937.87,1914.1,1926.03,1558182016
2004-05-14,1922.47,1927.25,1897.57,1904.25,1531563008
2004-05-17,1881.06,1887.74,1865.4,1876.64,1533337984
2004-05-18,1892.29,1903.39,1890.95,1897.82,1444337024
2004-05-19,1917.58,1936.04,1898.16,1898.17,1836253056
2004-05-20,1902.78,1912.02,1890.18,1896.59,1543853056
2004-05-21,1910.04,1918.08,1899.85,1912.09,1379028992
2004-05-24,1924.87,1934.41,1915.56,1922.98,1379384064
2004-05-25,1920.94,1966.68,1913.73,1964.65,1774926976
2004-05-26,1961.16,1976.16,1957.58,1976.15,1608073984
2004-05-27,1982.77,1991.87,1969.04,1984.5,1646829056
2004-05-28,1985.54,1990.81,1976.7,1986.74,1245408000
2004-06-01,1978.52,1991.29,1972.71,1990.77,1461778048
2004-06-02,1995.18,1998.32,1978.71,1988.98,1522802944
2004-06-03,1983.86,1983.86,1960.26,1960.26,1533600000
2004-06-04,1982.65,1995.5,1978.04,1978.62,1426036992
2004-06-07,1991.67,2020.62,1991.42,2020.62,1489369984
2004-06-08,2010.72,2023.54,2008.3,2023.53,1469789056
2004-06-09,2015.04,2019.22,1989.99,1990.61,1529147008
2004-06-10,1996.8,2000.99,1988.89,1999.87,1356243968
2004-06-14,1987.75,1987.83,1963.48,1969.99,1408148992
2004-06-15,1982.41,2006.58,1982.41,1995.6,1534540032
2004-06-16,1997.1,2002.07,1990.57,1998.23,1358022016
2004-06-17,1993.69,1993.93,1976.25,1983.67,1484793984
2004-06-18,1977.77,2000.41,1973.91,1986.73,1726023936
2004-06-21,1990.82,1995.06,1972.43,1974.38,1400380032
2004-06-22,1975.51,1994.87,1964.53,1994.15,1673619968
2004-06-23,1992.05,2023.23,1990.78,2020.98,1816813056
2004-06-24,2020.11,2032.21,2013.78,2015.57,1714843008
2004-06-25,2016.74,2033.87,2015.57,2025.47,2451548928
2004-06-28,2038.98,2039.93,2013.73,2019.82,1613692032
2004-06-29,2017.35,2037.6,2017.35,2034.93,1591563008
2004-06-30,2038.34,2055.65,2031.88,2047.79,1768856064
2004-07-01,2045.53,2045.53,2006.67,2015.55,1759682048
2004-07-02,2014.09,2014.74,1996.61,2006.66,1206904960
2004-07-06,1994.7,1995.4,1958.69,1963.43,1945053952
2004-07-07,1961.22,1976.92,1960.78,1966.08,1776155008
2004-07-08,1951.79,1964.48,1934.57,1935.32,1792386944
2004-07-09,1946.49,1961.11,1940.22,1946.33,1397750016
2004-07-12,1936.17,1941.24,1921.4,1936.92,1514866944
2004-07-13,1940.31,1945.17,1930.59,1931.66,1523275008
2004-07-14,1913.73,1937.68,1908.98,1914.88,2115531008
2004-07-15,1920.14,1925.76,1910.13,1912.71,1672929024
2004-07-16,1926.19,1926.19,1882.93,1883.15,1791526016
2004-07-19,1889.06,1893.8,1870.14,1883.83,1777441024
2004-07-20,1886.69,1917.07,1885.8,1917.07,1680855040
2004-07-21,1933.02,1933.03,1874.37,1874.37,2117619968
2004-07-22,1872.43,1892.98,1853.58,1889.06,1980985984
2004-07-23,1874.46,1874.46,1846.55,1849.09,1702286976
2004-07-26,1852.42,1860.12,1829.06,1839.02,1671021056
2004-07-27,1844.28,1872.17,1843.04,1869.1,1775648000
2004-07-28,1861.37,1869,1832.12,1858.26,1852947968
2004-07-29,1871.54,1885.01,1867.62,1881.06,1706365056
2004-07-30,1878.54,1896.31,1876.31,1887.36,1527843968
2004-08-02,1874.93,1893.13,1869.66,1892.09,1547001984
2004-08-03,1887.14,1887.57,1859.17,1859.42,1505353984
2004-08-04,1850.78,1864.8,1842.2,1855.06,1675127040
2004-08-05,1856.99,1859.77,1820.21,1821.63,1592601984
2004-08-06,1805.95,1806.28,1775.57,1776.89,1711623040
2004-08-09,1782.35,1787.44,1774.48,1774.64,1272194944
2004-08-10,1782.3,1808.7,1782.26,1808.7,1483712000
2004-08-11,1778.43,1786.65,1760.5,1782.42,1802612992
2004-08-12,1770.68,1774.68,1751.95,1752.49,1642632960
2004-08-13,1762.46,1768.63,1750.82,1757.22,1350183936
2004-08-16,1759.58,1789.49,1759.58,1782.84,1299846016
2004-08-17,1792.26,1804.59,1791.95,1795.25,1397079040
2004-08-18,1787.66,1831.37,1784.6,1831.37,1580253056
2004-08-19,1825.91,1829.13,1811.68,1819.89,1421024000
2004-08-20,1819.54,1843.12,1815.92,1838.02,1349268992
2004-08-23,1843.79,1848.12,1835.11,1838.7,1226546944
2004-08-24,1846.93,1850.29,1828.51,1836.89,1311646976
2004-08-25,1836.72,1861.79,1830.3,1860.72,1322375936
2004-08-26,1855.77,1860.39,1848.88,1852.92,1192654976
2004-08-27,1855.03,1866.25,1854.77,1862.09,1017704000
2004-08-30,1855.78,1855.78,1836.49,1836.49,1008817024
2004-08-31,1837.54,1842.15,1819.62,1838.1,1312329984
2004-09-01,1833.37,1859.44,1833.33,1850.41,1430995968
2004-09-02,1848.03,1876.24,1846.95,1873.43,1214673024
2004-09-03,1857.61,1867.46,1840.94,1844.48,1252643968
2004-09-07,1856,1865.43,1847.48,1858.56,1325346048
2004-09-08,1855.25,1870.04,1850.05,1850.64,1463372032
2004-09-09,1858.51,1875.39,1849.37,1869.65,1670835968
2004-09-10,1870.33,1895.78,1863.46,1894.31,1617076992
2004-09-13,1900.17,1919.21,1897.73,1910.38,1764326016
2004-09-14,1909.2,1917.74,1901.77,1915.4,1529181952
2004-09-15,1908.38,1908.38,1892.08,1896.52,1601742976
2004-09-16,1898.83,1914.38,1898.36,1904.08,1332450048
2004-09-17,1907.01,1911,1896.67,1910.09,1648706048
2004-09-20,1903.02,1921.5,1900.24,1908.07,1573586048
2004-09-21,1913.13,1925.85,1909.43,1921.18,1534675968
2004-09-22,1910.23,1910.23,1884.85,1885.71,1606580992
2004-09-23,1887.02,1894.67,1883.32,1886.43,1404072960
2004-09-24,1888.89,1897.42,1879.48,1879.48,1362199040
2004-09-27,1871.16,1871.94,1858.88,1859.88,1331939968
2004-09-28,1865.88,1873.86,1852.59,1869.87,1554006016
2004-09-29,1870.61,1894.06,1869.95,1893.94,1655699968
2004-09-30,1892.6,1902.25,1887.68,1896.84,1688924032
2004-10-01,1909.59,1942.23,1908.57,1942.2,1837117056
2004-10-04,1954.59,1965.76,1950.17,1952.4,1863747968
2004-10-05,1950.23,1960.9,1946.86,1955.5,1727901952
2004-10-06,1953.91,1971.04,1947.24,1971.03,1945527040
2004-10-07,1967.37,1970.26,1948.03,1948.52,1752028032
2004-10-08,1940.67,1949.34,1917.72,1919.97,1679600000
2004-10-11,1924.41,1930.66,1920.76,1928.76,1178482048
2004-10-12,1913.7,1929.98,1904.11,1925.17,1523582976
2004-10-13,1944.96,1948.01,1914.46,1920.53,1797609984
2004-10-14,1920.58,1921.82,1900.77,1903.02,1604886016
2004-10-15,1907.93,1923.92,1899.33,1911.5,1652680960
2004-10-18,1909.78,1936.52,1904.5,1936.52,1519984000
2004-10-19,1944.41,1952.85,1922.6,1922.9,1722412032
2004-10-20,1920.06,1934.32,1910.83,1932.97,1671218048
2004-10-21,1940.11,1957.48,1933,1953.62,2032976000
2004-10-22,1952.36,1952.54,1914.39,1915.14,1748743040
2004-10-25,1911.08,1920.71,1905.91,1914.04,1611516032
2004-10-26,1915.15,1928.8,1905.49,1928.79,1839121024
2004-10-27,1928,1971.28,1926.25,1969.99,2099458944
2004-10-28,1963.36,1980.36,1959.57,1975.74,1831740032
2004-10-29,1974.55,1984.18,1963.83,1974.99,1660878976
2004-11-01,1975.48,1983.91,1969.32,1979.87,1557639040
2004-11-02,1981.47,2002.93,1978.64,1984.79,1860690048
2004-11-03,2014.45,2020.03,1992.7,2004.33,1979056000
2004-11-04,1998.15,2023.72,1992.07,2023.63,1836483968
2004-11-05,2035.04,2046.92,2025.63,2038.94,1916692992
2004-11-08,2038.22,2044.53,2033.79,2039.25,1624621952
2004-11-09,2039.03,2049.77,2034.41,2043.33,1726200960
2004-11-10,2039.58,2047.25,2032.37,2034.56,1866011008
2004-11-11,2041.34,2061.4,2039.74,2061.27,1784499968
2004-11-12,2065.32,2085.34,2056.41,2085.34,2018099968
2004-11-15,2082.59,2094.13,2078.84,2094.09,1900428032
2004-11-16,2087.07,2087.3,2073.35,2078.62,1916989952
2004-11-17,2090.94,2112.18,2090.72,2099.68,2239521024
2004-11-18,2096.19,2105.39,2089.48,2104.28,1978523008
2004-11-19,2100.45,2102.6,2070.63,2070.63,2039826048
2004-11-22,2066.34,2085.19,2052.8,2085.19,1932679936
2004-11-23,2082.47,2092.02,2068.98,2084.28,2090550016
2004-11-24,2091.79,2103.8,2090.2,2102.54,1646073984
2004-11-26,2101.81,2110.38,2101.81,2101.97,673801024
2004-11-29,2110.91,2117.89,2090.35,2106.87,1854948992
2004-11-30,2104.67,2107.45,2096.81,2096.81,1907576064
2004-12-01,2104.58,2138.32,2104.58,2138.23,2323229952
2004-12-02,2133.95,2156.14,2131.65,2143.57,2429042944
2004-12-03,2153.29,2164.63,2145.72,2147.96,2434460928
2004-12-06,2145.43,2157.43,2138.21,2151.25,2153294080
2004-12-07,2154.13,2161.3,2114.65,2114.66,2719959040
2004-12-08,2118.14,2130.76,2110.57,2126.11,2407542016
2004-12-09,2109.55,2134.23,2097.86,2129.01,2306011904
2004-12-10,2121.15,2134.6,2120.33,2128.07,1817028992
2004-12-13,2141.2,2148.5,2132.19,2148.5,2090354944
2004-12-14,2145.05,2163.5,2145.05,2159.84,2258475008
2004-12-15,2159.68,2171.27,2151.31,2162.55,2386697984
2004-12-16,2159.96,2164.8,2138.81,2146.15,2405490944
2004-12-17,2142.71,2150.85,2135.05,2135.2,2498355968
2004-12-20,2142.21,2154.48,2124.22,2127.85,2008091008
2004-12-21,2134.75,2151.71,2133.34,2150.91,2000819968
2004-12-22,2145.99,2163.48,2145.18,2157.03,1826292992
2004-12-23,2153.31,2168.78,2153.31,2160.62,1435540992
2004-12-27,2168.82,2171.94,2147.59,2154.22,1485913984
2004-12-28,2156.75,2177.19,2156.53,2177.19,1596509056
2004-12-29,2170.99,2182.33,2170.99,2177,1515048960
2004-12-30,2177.47,2182.37,2176.4,2178.34,1405671040
2004-12-31,2178.98,2185.56,2174.63,2175.44,1367095040
2005-01-03,2184.75,2191.6,2148.72,2152.15,2222479104
2005-01-04,2158.31,2159.64,2100.56,2107.86,2695251968
2005-01-05,2102.9,2116.75,2091.24,2091.24,2394723072
2005-01-06,2098.51,2103.9,2088.03,2090,2197320960
2005-01-07,2099.95,2103.39,2076.69,2088.61,2205094912
2005-01-10,2087.62,2111.43,2086.66,2097.04,2120368000
2005-01-11,2089.07,2090.62,2072.62,2079.62,2277743104
2005-01-12,2089.7,2093.44,2066.79,2092.53,2290295040
2005-01-13,2093.54,2094.8,2067.94,2070.56,2129213056
2005-01-14,2079.47,2088.58,2075.47,2087.91,2091657984
2005-01-18,2081.86,2106.19,2078.04,2106.04,2007789952
2005-01-19,2105.74,2105.84,2072.2,2073.59,2244072960
2005-01-20,2056.38,2065.59,2045.88,2045.88,2244677888
2005-01-21,2053.15,2058,2032.88,2034.27,2058478976
2005-01-24,2040.13,2043.97,2008.68,2008.7,2146190976
2005-01-25,2022.08,2037.18,2017.58,2019.95,2018006016
2005-01-26,2034.69,2049.34,2028.19,2046.09,2128788992
2005-01-27,2042.77,2053.94,2036.09,2047.15,2137944064
2005-01-28,2052.54,2055.13,2024.36,2035.83,2101348992
2005-01-31,2053.47,2063.18,2053.47,2062.41,1847517056
2005-02-01,2063.27,2071.52,2058.66,2068.7,1927175040
2005-02-02,2074.06,2079.58,2064.2,2075.06,1987499008
2005-02-03,2065.44,2066.93,2049.25,2057.64,1999494016
2005-02-04,2056.47,2086.72,2056.29,2086.66,1941853056
2005-02-07,2086.55,2091.17,2075.41,2082.03,1717755008
2005-02-08,2082.11,2095.64,2080.42,2086.68,1966268032
2005-02-09,2088.52,2089.38,2051,2052.55,1975492992
2005-02-10,2058.53,2059.65,2040.04,2053.1,2108327040
2005-02-11,2048.96,2081.48,2039.72,2076.66,2176254976
2005-02-14,2076.75,2085.12,2074.81,2082.91,1650776064
2005-02-15,2083.64,2103.45,2081.46,2089.21,2097286016
2005-02-16,2082.46,2093.37,2079.37,2087.43,1901490944
2005-02-17,2088.67,2093.68,2061.34,2061.34,1969287936
2005-02-18,2065.15,2068.89,2056.2,2058.62,1624851968
2005-02-22,2046.18,2064.67,2030.17,2030.32,2075843968
2005-02-23,2039.55,2040.84,2024.64,2031.25,1901078016
2005-02-24,2028.43,2051.81,2023,2051.7,2060515968
2005-02-25,2050.49,2065.4,2047.23,2065.4,1783664000
2005-02-28,2058.28,2066.53,2038.77,2051.72,2153051904
2005-03-01,2057.47,2073.74,2057.19,2071.25,1975355008
2005-03-02,2060.3,2084.15,2057.22,2067.5,2028528000
2005-03-03,2073.33,2074.71,2047.92,2058.4,1920099968
2005-03-04,2071.15,2078.14,2064.93,2070.61,1837982976
2005-03-07,2073.9,2100.57,2073.82,2090.21,1970881024
2005-03-08,2087.11,2095.74,2072.59,2073.55,1743405952
2005-03-09,2070.85,2079.37,2060.23,2061.29,1910354048
2005-03-10,2065.09,2067.21,2042.02,2059.72,1838708992
2005-03-11,2063.56,2069.4,2036.41,2041.6,1796446976
2005-03-14,2043.64,2051.04,2037.41,2051.04,1729766016
2005-03-15,2057.17,2059.07,2034.41,2034.98,1848755968
2005-03-16,2028.29,2037.96,2011.67,2015.75,1998550016
2005-03-17,2016.91,2023.67,2010.52,2016.42,1770411008
2005-03-18,2018.41,2020.4,1999.98,2007.79,2231802880
2005-03-21,2008.16,2011.39,1993.76,2007.51,1647607040
2005-03-22,2007.72,2017.66,1988.86,1989.34,1873600000
2005-03-23,1985.49,1999.43,1985.22,1990.22,1795995008
2005-03-24,1997.48,2008.63,1991.06,1991.06,1709305984
2005-03-28,1998.76,2005.49,1992.52,1992.52,1518304000
2005-03-29,1990.27,2002.65,1968.58,1973.88,1827393024
2005-03-30,1980.07,2005.67,1980.07,2005.67,1754397056
2005-03-31,2005.71,2006.62,1994.8,1999.23,1830036992
2005-04-01,2009.09,2014.73,1982.19,1984.81,1891725056
2005-04-04,1983.81,1995.8,1972.07,1991.07,1631906944
2005-04-05,1994.38,2002.35,1991.88,1999.32,1704392960
2005-04-06,2004.25,2017.08,1996.91,1999.14,1767796992
2005-04-07,1999.61,2018.79,1998.14,2018.79,1726926976
2005-04-08,2018.42,2021.82,1999.33,1999.35,1524537984
2005-04-11,2004.16,2006.24,1991.21,1992.12,1390876032
2005-04-12,1988.33,2007.24,1970.01,2005.4,1947879040
2005-04-13,2000.46,2001.3,1972.1,1974.37,1760200960
2005-04-14,1974.18,1975.42,1946.58,1946.71,1952753024
2005-04-15,1932.96,1940.15,1906.71,1908.15,2384196096
2005-04-18,1906.43,1921.69,1904.27,1912.92,1894283008
2005-04-19,1922.82,1933.21,1918.15,1932.36,1886702976
2005-04-20,1944.64,1945.6,1912.35,1913.76,2097652992
2005-04-21,1931.85,1962.41,1928.52,1962.41,2020274944
2005-04-22,1953.58,1953.77,1921.38,1932.19,1848834048
2005-04-25,1942.02,1954.87,1938.45,1950.78,1494317056
2005-04-26,1943.75,1958.58,1927.44,1927.44,1729323008
2005-04-27,1919.42,1937.15,1913.14,1930.43,1822546048
2005-04-28,1922.03,1927.31,1904.08,1904.18,1925250944
2005-04-29,1917.64,1921.77,1889.83,1921.65,2119341952
2005-05-02,1923.23,1933.42,1916.03,1928.65,1599648000
2005-05-03,1924.78,1944.53,1924.78,1933.07,1881438976
2005-05-04,1937.79,1963.26,1935.24,1962.23,1945235968
2005-05-05,1960.38,1969.29,1951.49,1961.8,1790171008
2005-05-06,1972.66,1973.5,1960.76,1967.35,1548317056
2005-05-09,1967.74,1979.67,1960.27,1979.67,1506713984
2005-05-10,1968.08,1971.25,1957.29,1962.77,1650737024
2005-05-11,1966.06,1972.52,1943.89,1971.55,1763959040
2005-05-12,1970.8,1982.2,1956.45,1963.88,1790576000
2005-05-13,1978.28,1990,1964.77,1976.78,1894249984
2005-05-16,1976.38,1994.47,1973.67,1994.43,1437614976
2005-05-17,1986.16,2004.15,1980.94,2004.15,1568864000
2005-05-18,2008.63,2034.3,2007.2,2030.65,2013956992
2005-05-19,2032.09,2042.68,2030.05,2042.58,1742435968
2005-05-20,2040.63,2046.42,2033.35,2046.42,1536157056
2005-05-23,2046.09,2062.95,2046.09,2056.65,1677307008
2005-05-24,2052.28,2062.52,2049.77,2061.62,1737053952
2005-05-25,2055.78,2055.78,2041.95,2050.12,1546176000
2005-05-26,2057.99,2072.54,2057.8,2071.24,1653289984
2005-05-27,2068.53,2076.8,2064.99,2075.73,1265629952
2005-05-31,2073.92,2076.01,2065.02,2068.22,1769794944
2005-06-01,2067.23,2095.54,2067.23,2087.86,1825126016
2005-06-02,2081.82,2097.8,2081.82,2097.8,1813161984
2005-06-03,2094.18,2095.99,2069.17,2071.43,1675620992
2005-06-06,2072.36,2078.61,2066.36,2075.76,1520098048
2005-06-07,2079.06,2095.96,2067.14,2067.16,1897485056
2005-06-08,2073.21,2074.61,2057.58,2060.18,1648768000
2005-06-09,2059.58,2077.47,2052.96,2076.91,1680672000
2005-06-10,2076.25,2076.25,2055.94,2063,1459008000
2005-06-13,2059.96,2078.26,2058.72,2068.96,1481874048
2005-06-14,2068.04,2074.78,2064.08,2069.04,1449587968
2005-06-15,2076.73,2079.13,2053.39,2074.92,1731980032
2005-06-16,2076.27,2089.51,2073.29,2089.15,1864052992
2005-06-17,2098.33,2098.53,2085.24,2090.11,2101052032
2005-06-20,2081.05,2096.77,2076.42,2088.13,1454412032
2005-06-21,2087.63,2095.69,2083.59,2091.07,1602951936
2005-06-22,2097.05,2102.75,2083.76,2092.03,1709533952
2005-06-23,2093.91,2106.57,2070.57,2070.66,2062651008
2005-06-24,2070.33,2071.52,2050.76,2053.27,2601673984
2005-06-27,2050.3,2054.47,2039.69,2045.2,1516978944
2005-06-28,2051.77,2072.58,2050.98,2069.89,1637403008
2005-06-29,2074.44,2076.02,2066.45,2068.89,1686663040
2005-06-30,2072.05,2076.16,2056.24,2056.96,1768925056
2005-07-01,2060.97,2064.81,2053.06,2057.37,1242466048
2005-07-05,2052.1,2079.6,2052.1,2078.75,1449645056
2005-07-06,2076.9,2084.76,2068.42,2068.65,1603544960
2005-07-07,2050.71,2076.43,2050.3,2075.66,1623635968
2005-07-08,2077.9,2113.91,2076.53,2112.88,1691651968
2005-07-11,2115.98,2135.69,2115.57,2135.43,1790704000
2005-07-12,2132.51,2149.78,2128.82,2143.15,1668172032
2005-07-13,2142.6,2146.56,2136.37,2144.11,1556557952
2005-07-14,2156.56,2164.18,2148.61,2152.82,1890257024
2005-07-15,2152.7,2160.64,2145.18,2156.78,1540563968
2005-07-18,2151.84,2153.52,2144.78,2144.87,1341060992
2005-07-19,2156.77,2173.87,2154.36,2173.18,1706764032
2005-07-20,2158.97,2191.09,2158.09,2188.57,2027143936
2005-07-21,2191.77,2193.19,2171.98,2178.6,2098910976
2005-07-22,2176.14,2182.64,2165.44,2179.74,1710956032
2005-07-25,2179.04,2186.46,2165.93,2166.74,1532377984
2005-07-26,2170.6,2181.14,2167.09,2175.99,1720889984
2005-07-27,2178.73,2187.15,2167.88,2186.22,1816987008
2005-07-28,2188.29,2198.52,2183.27,2198.44,1743911040
2005-07-29,2195.47,2201.39,2184.43,2184.83,1620029056
2005-08-01,2191.49,2201.87,2189.08,2195.38,1505689984
2005-08-02,2197.79,2219,2197.79,2218.15,1785673984
2005-08-03,2211.09,2219.91,2209.4,2216.81,1826928000
2005-08-04,2208.33,2209.37,2190.3,2191.32,1647911936
2005-08-05,2189.42,2195.1,2175.91,2177.91,1515860992
2005-08-08,2182.99,2185.56,2163.5,2164.39,1495730048
2005-08-09,2170.44,2181.27,2167.88,2174.19,1509078016
2005-08-10,2178.07,2185.91,2152.82,2157.81,1875857024
2005-08-11,2158.3,2174.55,2156.97,2174.55,1605612032
2005-08-12,2158.94,2161.07,2144.6,2156.9,1662656000
2005-08-15,2153.71,2173.66,2147.85,2167.04,1389134976
2005-08-16,2160.97,2161.46,2136.49,2137.06,1553491968
2005-08-17,2139.36,2153.04,2137.18,2145.15,1565165056
2005-08-18,2139.4,2146.49,2133.08,2136.08,1430332032
2005-08-19,2138.74,2143.92,2134.99,2135.56,1242660992
2005-08-22,2140.95,2151.84,2129.46,2141.41,1398007040
2005-08-23,2142.29,2145.71,2131.02,2137.25,1383593984
2005-08-24,2133.17,2156.13,2127.3,2128.91,1768355968
2005-08-25,2131.3,2138.46,2129.46,2134.37,1345248000
2005-08-26,2132.97,2133.17,2118.04,2120.77,1297910016
2005-08-29,2112.44,2139.4,2112.25,2137.65,1270343936
2005-08-30,2130.88,2132.21,2118.27,2129.76,1498244992
2005-08-31,2130.81,2152.09,2124.08,2152.09,1719436032
2005-09-01,2150.03,2157.32,2142.32,2147.9,1668418944
2005-09-02,2150.52,2152.22,2139.28,2141.07,1159377024
2005-09-06,2147.31,2167.1,2147.31,2166.86,1457988992
2005-09-07,2164.14,2172.39,2158.61,2172.03,1542480000
2005-09-08,2165.72,2173.85,2161.29,2166.03,1634123008
2005-09-09,2168.9,2177.23,2164.41,2175.51,1661030016
2005-09-12,2176.47,2186.83,2175.23,2182.83,1759619968
2005-09-13,2177.95,2185.89,2167.83,2171.75,1807956992
2005-09-14,2173.62,2174.01,2149.19,2149.33,1736832000
2005-09-15,2153.75,2155.75,2142.73,2146.15,1756055040
2005-09-16,2153.75,2160.83,2146.79,2160.35,2254780160
2005-09-19,2157.37,2159.49,2139.89,2145.26,1614294016
2005-09-20,2149.44,2162.14,2127.48,2131.33,1908541056
2005-09-21,2129.65,2129.96,2106.64,2106.64,1832704000
2005-09-22,2104.39,2114.59,2093.06,2110.78,1766544000
2005-09-23,2105.37,2121.05,2099.95,2116.84,1641188992
2005-09-26,2127.9,2132.6,2112.27,2121.46,1582360064
2005-09-27,2123.65,2125.9,2109.05,2116.42,1666098048
2005-09-28,2122.19,2127.49,2109.75,2115.4,1762587008
2005-09-29,2114.97,2141.43,2107.7,2141.22,1841419008
2005-09-30,2140.17,2151.69,2138.23,2151.69,1679224064
2005-10-03,2152.7,2162.79,2152.59,2155.43,1869364992
2005-10-04,2156.26,2167,2139,2139.36,2056195968
2005-10-05,2139.16,2139.6,2103.02,2103.02,1990471936
2005-10-06,2104.92,2110.83,2069.04,2084.08,2141932032
2005-10-07,2091.12,2097.42,2082.44,2090.35,1483852032
2005-10-10,2091.68,2093.23,2078.11,2078.92,1433575936
2005-10-11,2084.38,2085.61,2058.19,2061.09,1891671040
2005-10-12,2055.44,2064.66,2032.79,2037.47,2073246976
2005-10-13,2033.86,2051.23,2025.58,2047.22,1827373952
2005-10-14,2054.5,2064.95,2042.54,2064.83,1564349952
2005-10-17,2065.54,2071.25,2054.19,2070.3,1306542976
2005-10-18,2069.32,2072.5,2055.96,2056,1520278016
2005-10-19,2048.66,2091.24,2042.03,2091.24,1957576960
2005-10-20,2088.04,2096.43,2058.52,2068.11,1874045952
2005-10-21,2083.84,2091.44,2074.2,2082.21,1820145024
2005-10-24,2089.51,2115.88,2083.98,2115.83,1601339008
2005-10-25,2109.55,2116.42,2094.79,2109.45,1643566976
2005-10-26,2104.02,2121.36,2098.15,2100.05,1892221056
2005-10-27,2095.85,2098.04,2063.81,2063.81,1786294016
2005-10-28,2073.85,2089.88,2064.92,2089.88,1902092032
2005-10-31,2094.37,2125.73,2094.37,2120.3,1955518976
2005-11-01,2109.89,2121.25,2108.86,2114.05,1968699008
2005-11-02,2110.95,2144.56,2110.87,2144.31,2231158016
2005-11-03,2157.3,2169.98,2153.2,2160.22,2368840960
2005-11-04,2165.1,2172.68,2156.6,2169.43,1748468992
2005-11-07,2174.25,2182.09,2165.82,2178.24,1786754944
2005-11-08,2172.37,2180.79,2166.25,2172.07,1640288000
2005-11-09,2171.23,2182.9,2166.16,2175.81,1662160000
2005-11-10,2175.02,2196.75,2162.65,2196.68,1989766016
2005-11-11,2198.26,2205.36,2198.26,2202.47,1462183936
2005-11-14,2203.79,2206.88,2197.12,2200.95,1431907968
2005-11-15,2199.39,2204.69,2181.92,2186.74,1748150016
2005-11-16,2189.46,2191.19,2176.54,2187.93,1743169024
2005-11-17,2195.48,2220.46,2194.66,2220.46,1884876032
2005-11-18,2232.36,2234.3,2218.81,2227.07,2055140992
2005-11-21,2226.62,2242.3,2219.25,2241.67,1717277952
2005-11-22,2235.3,2257.77,2232.74,2253.56,1916578048
2005-11-23,2251.37,2269.3,2250.4,2259.98,1623580032
2005-11-25,2262.43,2264.13,2256.45,2263.01,653126016
2005-11-28,2263.55,2264.06,2239.34,2239.37,1608715008
2005-11-29,2247.7,2253.25,2232.54,2232.71,1797065984
2005-11-30,2232.5,2243.41,2230.19,2232.82,1956227968
2005-12-01,2244.85,2269.39,2244.71,2267.17,2090691968
2005-12-02,2266.17,2273.61,2261.13,2273.37,1821859968
2005-12-05,2269.07,2269.48,2250.84,2257.64,1729923968
2005-12-06,2267.76,2278.16,2259.37,2260.76,1845543936
2005-12-07,2263.29,2264.91,2244.62,2252.01,1796718976
2005-12-08,2254.8,2261.61,2233.74,2246.46,1968784000
2005-12-09,2247.28,2258.66,2241.03,2256.73,1709874944
2005-12-12,2263.97,2266.13,2253.43,2260.95,1703554048
2005-12-13,2256.6,2271.85,2254.91,2265,1930200960
2005-12-14,2261.93,2270.43,2254.43,2262.59,1765383040
2005-12-15,2266.05,2267.55,2247.32,2260.62,1821543040
2005-12-16,2262.08,2263.88,2251.66,2252.48,2425604096
2005-12-19,2254.63,2256.03,2221.79,2222.74,1766710016
2005-12-20,2223.56,2231.02,2213.52,2222.41,1767570944
2005-12-21,2227.53,2241.93,2225.18,2231.65,1681718016
2005-12-22,2233.79,2247.09,2232.57,2246.49,1538280960
2005-12-23,2249.4,2254.71,2245.58,2249.41,1000713024
2005-12-27,2253.05,2259.67,2226.62,2226.88,1287750016
2005-12-28,2230.36,2233.54,2221.4,2228.93,1237326976
2005-12-29,2229.6,2232.88,2216.98,2218.15,1224962048
2005-12-30,2209.03,2209.97,2200.51,2205.32,1350646016
2006-01-03,2216.53,2249.67,2189.9,2243.74,2084540032
2006-01-04,2246.96,2265.28,2246.07,2263.46,1979847040
2006-01-05,2264.92,2277.56,2264.5,2276.87,1961222016
2006-01-06,2289.21,2306.72,2281.01,2305.62,2352387072
2006-01-09,2306.17,2322.62,2303.12,2318.68,2035730944
2006-01-10,2306.22,2320.32,2303.92,2320.32,2034007040
2006-01-11,2321.4,2332.91,2316.49,2331.36,2426268928
2006-01-12,2327.16,2330.31,2313.22,2316.68,2061277056
2006-01-13,2317.74,2321.7,2308.15,2317.04,1784418944
2006-01-17,2302.56,2305.87,2294.05,2302.68,1796583040
2006-01-18,2265.5,2285.93,2264.08,2279.63,2353922048
2006-01-19,2291.68,2311.71,2289.82,2301.81,2381396992
2006-01-20,2300.36,2300.73,2245.2,2247.7,2400036096
2006-01-23,2255.31,2256.24,2241.02,2248.47,1968387968
2006-01-24,2256.12,2269.43,2256.03,2265.25,2143009024
2006-01-25,2275.3,2275.3,2253.06,2260.64,2254934016
2006-01-26,2274.85,2284.07,2264.85,2283,2491284992
2006-01-27,2293.37,2314.36,2289.47,2304.23,2382333952
2006-01-30,2306.24,2313.98,2304.75,2306.78,1973219968
2006-01-31,2306.78,2311.83,2292.95,2305.82,2379607040
2006-02-01,2294.11,2311.57,2292.23,2310.56,2472036608
2006-02-02,2306.57,2308.05,2277.3,2281.57,2398702592
2006-02-03,2268.42,2274.62,2255.99,2262.58,2278587904
2006-02-06,2263.12,2265.81,2249.75,2258.8,1837552000
2006-02-07,2255.93,2265.54,2239.51,2244.96,2213553920
2006-02-08,2260.22,2268.72,2246.98,2266.98,2249001984
2006-02-09,2273.77,2284.52,2254.26,2255.87,2376487936
2006-02-10,2255.77,2266.43,2235.4,2261.87,2079831040
2006-02-13,2252.04,2254.31,2232.67,2239.81,1705003008
2006-02-14,2243.54,2266.82,2237.47,2262.16,1876722048
2006-02-15,2259.04,2277.12,2255.1,2276.42,1838648960
2006-02-16,2281.87,2294.62,2278.06,2294.62,2010199040
2006-02-17,2291.73,2291.76,2279.62,2282.36,1959798016
2006-02-21,2283.52,2284.82,2256.75,2262.96,1798882048
2006-02-22,2264.68,2287.99,2259.16,2283.16,1886988032
2006-02-23,2279.59,2293.74,2271.82,2279.32,1811604992
2006-02-24,2278.27,2287.86,2272.78,2287.04,1589394048
2006-02-27,2291.48,2313.53,2291.24,2307.17,1773609984
2006-02-28,2300.96,2305.62,2276.74,2281.38,2207424000
2006-03-01,2288.14,2315.95,2285.63,2314.63,2262139904
2006-03-02,2305.53,2316.92,2299.76,2311.11,2111318016
2006-03-03,2299.1,2324.91,2297.09,2302.6,2443440896
2006-03-06,2306.65,2309.51,2281.37,2286.03,2190610944
2006-03-07,2280.08,2280.08,2259.63,2268.37,1960984064
2006-03-08,2260.87,2275.12,2248.64,2267.46,2163623936
2006-03-09,2272.26,2279.28,2249.56,2249.72,2006253056
2006-03-10,2251.81,2266.99,2239.54,2262.04,1789300992
2006-03-13,2269.43,2280.2,2263.67,2267.03,1725568000
2006-03-14,2264.25,2296.91,2264.24,2295.89,1974697984
2006-03-15,2301.16,2312.49,2293.06,2311.84,2160037888
2006-03-16,2319.11,2323.79,2299.55,2299.56,2401103104
2006-03-17,2306.16,2310.84,2294.5,2306.48,2642211072
2006-03-20,2311.92,2317.12,2305.59,2314.11,2001329024
2006-03-21,2312.89,2332.95,2292.55,2294.23,2424997888
2006-03-22,2283.38,2305.43,2282.37,2303.35,2180307968
2006-03-23,2300.16,2305.16,2287.89,2300.14,2019309952
2006-03-24,2304.74,2316.14,2300.37,2312.82,1933926016
2006-03-27,2312.47,2319.92,2310.02,2315.58,1884072960
2006-03-28,2315.61,2327.83,2299.56,2304.46,2035458944
2006-03-29,2309.93,2344.66,2308.4,2337.78,2429726976
2006-03-30,2340.23,2353.13,2330.84,2340.82,2194118912
2006-03-31,2345.53,2348.88,2334.54,2339.79,1927740032
2006-04-03,2352.24,2357.53,2334.6,2336.74,2041547008
2006-04-04,2337.95,2350.7,2332.66,2345.36,2113619968
2006-04-05,2349.82,2361.9,2341.65,2359.75,2037664000
2006-04-06,2358.91,2366.56,2347.63,2361.16,2205768960
2006-04-07,2367.32,2375.45,2336.71,2339.02,2039913984
2006-04-10,2340.38,2343.59,2326.47,2333.27,1920982016
2006-04-11,2337.87,2339.79,2302.18,2310.35,2178935040
2006-04-12,2309.38,2318.05,2308.33,2314.67,1588775936
2006-04-13,2314.32,2333.03,2310.12,2326.11,1569590016
2006-04-17,2325.56,2332.66,2299.41,2311.15,1849298048
2006-04-18,2318.27,2357.46,2318.27,2356.13,2295053056
2006-04-19,2358.87,2370.92,2350.04,2370.87,2240891904
2006-04-20,2368.74,2375.54,2354.07,2362.55,2205897984
2006-04-21,2371.64,2371.64,2333.5,2342.86,2384369920
2006-04-24,2338.78,2338.78,2324.28,2333.37,2054125952
2006-04-25,2338.54,2338.54,2321.63,2330.3,2369966080
2006-04-26,2333.57,2342.87,2327.73,2333.62,2161387008
2006-04-27,2324.62,2361.88,2315.12,2344.95,2668737024
2006-04-28,2321.61,2337.28,2317.47,2322.57,2596303104
2006-05-01,2329.79,2334.68,2300.25,2304.79,2154062080
2006-05-02,2311.73,2313.92,2302.8,2309.84,2135693952
2006-05-03,2311.2,2312.6,2295.03,2303.97,2203772928
2006-05-04,2307.37,2326.82,2307.37,2323.89,2108882944
2006-05-05,2335.96,2344.37,2332.67,2342.57,2007134976
2006-05-08,2342.4,2352.56,2339.46,2344.99,1794833024
2006-05-09,2339.71,2343.62,2334.16,2338.25,1954541952
2006-05-10,2332.82,2338.25,2314.45,2320.74,2080596992
2006-05-11,2319.08,2319.6,2270.51,2272.7,2528513024
2006-05-12,2263.97,2264.18,2243.32,2243.78,2339172096
2006-05-15,2234.01,2245.17,2220.5,2238.52,2061357056
2006-05-16,2239,2243.74,2222.8,2229.12,2108241024
2006-05-17,2214.89,2222.37,2193.87,2195.8,2423707904
2006-05-18,2205.37,2212.95,2180.28,2180.32,2099948032
2006-05-19,2183.34,2198.65,2164.54,2193.87,2585987072
2006-05-22,2178.14,2184.57,2156.66,2172.86,2321861120
2006-05-23,2188.37,2199.56,2158.76,2158.76,2196890112
2006-05-24,2159.83,2179.84,2135.81,2169.16,2695224064
2006-05-25,2182.42,2198.58,2174.24,2198.24,2045864832
2006-05-26,2205.89,2210.49,2196.7,2210.37,1575608064
2006-05-30,2202.57,2202.57,2164.74,2164.74,1773750016
2006-05-31,2171.46,2185.33,2165.79,2178.87,2290110976
2006-06-01,2179.82,2219.86,2177.8,2219.86,2197252096
2006-06-02,2229.84,2233.87,2203.73,2219.4,1943175040
2006-06-05,2212.35,2219.4,2169.39,2169.62,1821405952
2006-06-06,2174.28,2176.47,2144.2,2162.78,2157886976
2006-06-07,2166.58,2184.43,2150.68,2151.8,1990032000
2006-06-08,2141.59,2151.8,2100.42,2145.32,3037965056
2006-06-09,2151.91,2163.21,2133.47,2135.06,1810056960
2006-06-12,2137.47,2138.67,2091.32,2091.32,1948520960
2006-06-13,2089.87,2108.36,2067.74,2072.47,2565694976
2006-06-14,2075.55,2091.93,2065.11,2086,2155691008
2006-06-15,2098.37,2147.9,2086,2144.14,2300060928
2006-06-16,2140.51,2144.14,2122.78,2129.95,2511079936
2006-06-19,2136.6,2138.77,2104.37,2110.41,1748919040
2006-06-20,2110.91,2126.72,2103.77,2107.06,1629259008
2006-06-21,2109.22,2152.56,2107.06,2141.2,1910731008
2006-06-22,2138.97,2141.2,2113.59,2122.98,1715316992
2006-06-23,2120.3,2137.42,2110.81,2121.47,1620002048
2006-06-26,2126.46,2135.71,2121.47,2133.66,1445956992
2006-06-27,2134.58,2139.42,2098.76,2100.25,1873900032
2006-06-28,2105.93,2112.62,2090.78,2111.84,1662977024
2006-06-29,2121.5,2174.37,2111.84,2174.37,2259470080
2006-06-30,2181.47,2183.48,2164.66,2172.09,2937242880
2006-07-03,2177.9,2190.43,2172.09,2190.42,788208000
2006-07-05,2174.68,2190.42,2147.12,2153.34,1655630976
2006-07-06,2156.3,2168.54,2148.21,2155.09,1672546048
2006-07-07,2146.88,2155.09,2126.63,2130.06,1830151040
2006-07-10,2135.96,2142.36,2109.17,2116.92,1620002944
2006-07-11,2110.41,2129.47,2095.68,2128.86,2063209984
2006-07-12,2121.71,2128.86,2090.23,2090.24,1861799936
2006-07-13,2076.38,2090.24,2054.1,2054.11,2098445952
2006-07-14,2053.87,2056.53,2027.11,2037.35,1842550016
2006-07-17,2034.76,2050.64,2028.3,2037.72,1571222016
2006-07-18,2043.18,2052.53,2012.78,2043.22,1582118016
2006-07-19,2037.68,2086.07,2037.1,2080.71,2417280000
2006-07-20,2083.83,2084.24,2038.71,2039.42,2128155008
2006-07-21,2035.26,2035.78,2014.06,2020.39,2409285888
2006-07-24,2030.49,2061.84,2030.49,2061.84,1975874944
2006-07-25,2060.37,2080.11,2055.34,2073.89,1991097984
2006-07-26,2066.46,2083.96,2053.63,2070.46,2141565952
2006-07-27,2082.57,2093.13,2052.02,2054.47,2186285056
2006-07-28,2065.28,2094.95,2065.06,2094.13,1877216000
2006-07-31,2087.86,2098.24,2082.62,2091.47,1693415040
2006-08-01,2080.34,2080.34,2052.75,2061.99,1718448000
2006-08-02,2069.9,2089,2069.58,2078.81,1827463936
2006-08-03,2064.56,2099.81,2060.9,2092.34,1874877056
2006-08-04,2107.83,2119.01,2068.8,2085.05,1894518016
2006-08-07,2079.45,2079.45,2064.93,2072.5,1476013952
2006-08-08,2079.52,2083.89,2054.12,2060.85,1956972032
2006-08-09,2085.56,2097.76,2056.77,2060.28,2148000000
2006-08-10,2052.98,2076.35,2048.22,2071.74,1797890048
2006-08-11,2066.23,2066.23,2049.84,2057.71,1467444992
2006-08-14,2073.01,2092.65,2067.68,2069.04,1525138944
2006-08-15,2092.49,2115.01,2089.6,2115.01,1807257984
2006-08-16,2127.06,2149.54,2120.11,2149.54,2158706944
2006-08-17,2144.3,2168.11,2141.56,2157.61,1978418048
2006-08-18,2157.13,2165.47,2138.45,2163.95,1742397952
2006-08-21,2151.9,2153.53,2140.81,2147.75,1366930048
2006-08-22,2145.31,2162.67,2140.62,2150.02,1619323008
2006-08-23,2152.9,2160.11,2126.75,2134.65,1510695936
2006-08-24,2142.34,2144.33,2122.64,2137.11,1448664064
2006-08-25,2132.16,2152.91,2129.25,2140.29,1323821952
2006-08-28,2140.52,2164.22,2139.57,2160.7,1403207040
2006-08-29,2161.96,2173.87,2145.22,2172.3,1648724992
2006-08-30,2175.07,2188.55,2167.48,2185.73,1700126976
2006-08-31,2189.16,2193.34,2181.77,2183.75,1777922944
2006-09-01,2194.56,2198.58,2182.92,2193.15,1383319040
2006-09-05,2192.93,2207.55,2184.41,2205.7,1798081024
2006-09-06,2189.7,2190.26,2167.62,2167.84,1857262976
2006-09-07,2160.05,2174.8,2149.36,2155.29,1897337984
2006-09-08,2160.02,2168.43,2154.55,2165.79,1510054016
2006-09-11,2152.12,2180.38,2147.43,2173.25,1752536960
2006-09-12,2174.61,2217.28,2174.61,2215.82,2062099968
2006-09-13,2214.8,2229.17,2211.13,2227.66,1937264000
2006-09-14,2221.73,2230.97,2218.86,2228.73,1903293952
2006-09-15,2243.28,2247.15,2227.72,2235.59,2549434112
2006-09-18,2232.99,2247.47,2228.52,2235.75,1980006016
2006-09-19,2239.86,2239.86,2202.92,2222.37,2152926976
2006-09-20,2242.11,2257.28,2242.11,2252.88,2251625984
2006-09-21,2257.54,2261.47,2232.88,2237.75,2049060992
2006-09-22,2233.55,2233.55,2210.12,2218.92,1686882944
2006-09-25,2227.37,2253.45,2212.02,2249.07,1901281024
2006-09-26,2247.72,2261.78,2243.66,2261.34,2084558976
2006-09-27,2256.16,2271,2254.37,2263.38,2107026944
2006-09-28,2266.92,2273.12,2252.9,2270.02,1913115008
2006-09-29,2273.3,2273.3,2257.98,2258.42,1909070976
2006-10-02,2257,2262.66,2235.67,2237.6,1867446016
2006-10-03,2233.01,2251.86,2224.21,2243.64,2017143040
2006-10-04,2239.87,2290.98,2239.26,2290.95,2261794048
2006-10-05,2289.53,2306.35,2287.61,2306.34,1994694016
2006-10-06,2296.14,2306.28,2289.99,2299.99,1722076032
2006-10-09,2297.82,2317.41,2295.25,2311.77,1549554944
2006-10-10,2314.12,2319.06,2302.24,2315.42,1822100992
2006-10-11,2304.66,2322.07,2292.29,2308.27,2058459008
2006-10-12,2318.28,2346.29,2318.28,2346.17,2055016960
2006-10-13,2344.7,2360.23,2341.39,2357.29,1999997952
2006-10-16,2359.18,2368.11,2358.01,2363.84,1917234048
2006-10-17,2354.07,2354.07,2329.8,2344.95,2234088960
2006-10-18,2355.41,2362.09,2330.49,2337.14,2215131904
2006-10-19,2332.54,2345.24,2324.42,2340.93,2027755008
2006-10-20,2340.93,2349.36,2329.12,2342.3,1932132992
2006-10-23,2338.14,2364.2,2330.61,2355.56,1904946944
2006-10-24,2352.49,2356.03,2335.9,2344.84,1976072960
2006-10-25,2346.77,2359.76,2338.64,2356.59,2188570880
2006-10-26,2361.09,2379.29,2347.87,2379.1,2446915072
2006-10-27,2375.16,2377.34,2347.07,2350.62,2274679040
2006-10-30,2347.21,2371.06,2341.03,2363.77,1798999040
2006-10-31,2368.75,2374.63,2355.95,2366.71,2017591040
2006-11-01,2373.49,2375.53,2330.57,2334.35,2108077056
2006-11-02,2324.48,2339.12,2320.84,2334.02,1993389056
2006-11-03,2339.04,2343.98,2316.82,2330.79,1906969984
2006-11-06,2341.65,2371.81,2341.65,2365.95,1964557056
2006-11-07,2366.01,2391.34,2363.63,2375.87,2163552000
2006-11-08,2363.91,2393.47,2358.43,2384.93,2195227904
2006-11-09,2399.28,2401.33,2370.6,2376.01,2456884992
2006-11-10,2378.26,2389.72,2373.62,2389.72,1746589056
2006-11-13,2389.52,2408.9,2387.87,2406.37,1805997952
2006-11-14,2408.05,2430.83,2394.62,2430.65,2020162048
2006-11-15,2430.13,2452.56,2429.67,2442.75,2202202112
2006-11-16,2447.09,2453.35,2438.04,2449.06,2121537024
2006-11-17,2439.62,2445.86,2431.79,2445.86,1796446976
2006-11-20,2441.15,2457.13,2437.84,2452.72,1763195008
2006-11-21,2454.64,2456.6,2445.04,2454.84,1753484032
2006-11-22,2463.21,2467.2,2450.63,2465.98,1616881024
2006-11-24,2449.73,2468.41,2449.32,2460.26,681782976
2006-11-27,2454.16,2454.63,2405.88,2405.91,2027929984
2006-11-28,2397.32,2414.08,2390.1,2412.61,2030587008
2006-11-29,2422.9,2436.61,2414.8,2432.23,1971207040
2006-11-30,2430.75,2441.35,2419.23,2431.77,2168013056
2006-12-01,2430.75,2434.38,2392.95,2413.21,2051533952
2006-12-04,2420.91,2455.66,2420.6,2448.38,2040046976
2006-12-05,2455.7,2459.51,2445.13,2452.37,2076204032
2006-12-06,2447.54,2451.86,2436.47,2445.86,1964659968
2006-12-07,2449.63,2454.9,2427.68,2427.68,2125303040
2006-12-08,2423.66,2447.03,2416.77,2437.36,1848391040
2006-12-11,2437.36,2453.22,2429.97,2442.86,1898612992
2006-12-12,2443.03,2444.72,2419.32,2431.6,2016736000
2006-12-13,2444.12,2444.12,2423.87,2432.4,1870365952
2006-12-14,2435.75,2461.31,2435.75,2453.85,1978236032
2006-12-15,2467.36,2470.02,2455.24,2457.2,2476136960
2006-12-18,2462.42,2470.95,2428.65,2435.57,1964861056
2006-12-19,2420.08,2437.33,2408.85,2429.55,2043200000
2006-12-20,2432,2443.34,2426.4,2427.61,1820936960
2006-12-21,2430.13,2433.12,2408.99,2415.85,1811917056
2006-12-22,2415.98,2416.49,2400.72,2401.17,1337480960
2006-12-26,2398.22,2414.21,2397.67,2413.51,1064214976
2006-12-27,2418.78,2432.73,2418.78,2431.22,1258124032
2006-12-28,2425.32,2432.48,2420.9,2425.57,1285815040
2006-12-29,2423.03,2437.37,2413.42,2415.29,1423644032
2007-01-03,2429.72,2454.62,2394.65,2423.15,2529092096
2007-01-04,2423.82,2460.51,2413.75,2453.42,2207739904
2007-01-05,2445.07,2445.07,2420.59,2434.25,2138673024
2007-01-08,2435.25,2445.62,2421.12,2438.2,1969453952
2007-01-09,2443.26,2449.87,2423.56,2443.83,2232791040
2007-01-10,2434.04,2461.34,2427.89,2459.33,2342814976
2007-01-11,2464.88,2489.46,2463.38,2484.85,2445613056
2007-01-12,2481.72,2502.82,2481.54,2502.82,2190656000
2007-01-16,2504.56,2508.92,2493.91,2497.78,2244539904
2007-01-17,2487.88,2496.92,2475.83,2479.41,2381646080
2007-01-18,2475.33,2475.8,2438.11,2443.21,2539180032
2007-01-19,2437.62,2453.79,2435.67,2451.31,2089937024
2007-01-22,2454.5,2454.65,2422.91,2431.07,2003687936
2007-01-23,2428.26,2447.03,2425.98,2431.4,2113304960
2007-01-24,2443.01,2466.28,2440.82,2466.28,2297469952
2007-01-25,2469.27,2470.51,2430.56,2434.24,2279144960
2007-01-26,2441.1,2443.43,2418.61,2435.49,2082334976
2007-01-29,2434.63,2451.83,2431.31,2441.09,1990760960
2007-01-30,2446.65,2451,2437.41,2448.63,1857336960
2007-01-31,2443.33,2471.2,2433.76,2463.92,2336446976
2007-02-01,2474.08,2481.37,2458.71,2468.37,2282561024
2007-02-02,2474.18,2478.4,2466.56,2475.87,1940376064
2007-02-05,2475.03,2481.57,2466.17,2470.6,1972032000
2007-02-06,2475.78,2478.24,2454.6,2471.49,2219312128
2007-02-07,2483.73,2495.27,2475.57,2490.5,2270013952
2007-02-08,2484.5,2492.4,2477.71,2488.66,2053844992
2007-02-09,2491.64,2496.52,2453.43,2459.82,2244952064
2007-02-12,2460.62,2460.62,2444.67,2450.37,1904473984
2007-02-13,2485.37,2485.37,2452.17,2459.88,1904738944
2007-02-14,2468.04,2494.51,2468.04,2488.37,2273744896
2007-02-15,2489.84,2498.37,2485.51,2497.1,2026957952
2007-02-16,2491.48,2497.91,2482.65,2496.31,1945145984
2007-02-20,2491.75,2514.22,2479.91,2513.04,2244367872
2007-02-21,2503.54,2518.41,2500.96,2518.41,2077424000
2007-02-22,2523.36,2531.41,2509.06,2524.93,2034320000
2007-02-23,2522.53,2522.84,2506.95,2515.1,2082199040
2007-02-26,2525.04,2525.98,2492.54,2504.52,1945940992
2007-02-27,2468.74,2470.91,2402.36,2407.86,3130210048
2007-02-28,2411.88,2431.86,2395.35,2416.14,2727499008
2007-03-01,2377.17,2419.14,2359.43,2404.21,2819697920
2007-03-02,2389.86,2401.26,2368,2368,2444310016
2007-03-05,2368,2377.84,2340.39,2340.67,2377562880
2007-03-06,2361.27,2390.13,2361.27,2385.13,2225608960
2007-03-07,2382.64,2388.78,2371.91,2374.63,2073120000
2007-03-08,2396.55,2402.2,2382,2387.73,2013960960
2007-03-09,2403.12,2404.8,2375.57,2387.55,1961452032
2007-03-12,2385.13,2404.02,2384.38,2402.29,1664096000
2007-03-13,2388.86,2395.98,2350.57,2350.57,2268765952
2007-03-14,2350.93,2371.74,2331.57,2371.74,2318270976
2007-03-15,2371.02,2382.62,2367.74,2378.7,1812669952
2007-03-16,2376.82,2385.32,2364.36,2372.65,2133894016
2007-03-19,2384.65,2399.8,2381.55,2394.4,1727129984
2007-03-20,2394.82,2412.63,2393.18,2408.21,1787836032
2007-03-21,2415.54,2455.91,2405.38,2455.91,2250126080
2007-03-22,2457.06,2457.37,2442.51,2451.74,1992269952
2007-03-23,2451.83,2459.96,2447.81,2448.92,1698558976
2007-03-26,2451.6,2455.62,2428,2455.62,1822907008
2007-03-27,2448.91,2450.03,2435.18,2437.42,1794611968
2007-03-28,2427.18,2434.32,2413.09,2417.1,2027264000
2007-03-29,2432.5,2433.04,2396.83,2417.87,2014008064
2007-03-30,2419.9,2432.2,2403.01,2421.63,2127816960
2007-04-02,2425.36,2427.93,2409.04,2422.26,1805709952
2007-04-03,2432.3,2456.16,2432.3,2450.33,2031929984
2007-04-04,2451.93,2461.49,2448.68,2458.68,1826845056
2007-04-05,2457.64,2471.34,2455.6,2471.34,1600596992
2007-04-09,2478.02,2478.67,2464.57,2469.17,1798733952
2007-04-10,2468.12,2479.46,2468.03,2477.61,1912898944
2007-04-11,2477.76,2478.51,2452.05,2459.31,2058078976
2007-04-12,2455.72,2480.4,2448.71,2480.32,2008882048
2007-04-13,2479.68,2491.93,2468.23,2491.93,1996987008
2007-04-16,2500.55,2519.03,2500.55,2518.33,1852995968
2007-04-17,2519.12,2522.07,2510.6,2516.95,2016685056
2007-04-18,2507.34,2518.21,2499.64,2510.5,2122163968
2007-04-19,2497.22,2515.95,2490.34,2505.35,2157970944
2007-04-20,2525.23,2532.24,2515.24,2526.38,2160997888
2007-04-23,2525.77,2531.39,2518.47,2523.66,2012984960
2007-04-24,2528.38,2529.48,2509.26,2524.54,2339467008
2007-04-25,2533.54,2551.38,2523.84,2547.88,2735255040
2007-04-26,2551.49,2560.63,2544.12,2554.46,2512092928
2007-04-27,2554.48,2562.99,2550.1,2557.21,2148649984
2007-04-30,2558.05,2558.75,2525.09,2525.09,2210038016
2007-05-01,2529.95,2532.37,2510.57,2531.53,2458917888
2007-05-02,2531.96,2562.78,2531.96,2557.84,2188070912
2007-05-03,2560.85,2569.8,2555.84,2565.46,2236498944
2007-05-04,2574.5,2577.96,2561.73,2572.14,2307702016
2007-05-07,2572.63,2580.06,2569.22,2570.95,1754468992
2007-05-08,2563.17,2571.75,2551.14,2571.75,2017176064
2007-05-09,2557.62,2579.98,2555.71,2576.34,2192705024
2007-05-10,2564.8,2570.73,2533.12,2533.74,2338682112
2007-05-11,2541.65,2562.45,2539.66,2562.22,1794816000
2007-05-14,2564.05,2568.92,2537.91,2546.43,2081090048
2007-05-15,2544.66,2557.78,2523.83,2525.29,2286108928
2007-05-16,2532.71,2547.41,2519.35,2547.41,2172389120
2007-05-17,2544.32,2547.71,2535.47,2539.37,2016572032
2007-05-18,2548.07,2559.03,2540.66,2558.45,2074382976
2007-05-21,2560.92,2587.87,2560.85,2578.79,2006744064
2007-05-22,2580.04,2593.03,2573.95,2588.02,2030103040
2007-05-23,2592.62,2600.93,2576.23,2577.05,2126676992
2007-05-24,2577.21,2585.73,2531.28,2537.91,2431098112
2007-05-25,2547.4,2560.03,2544.46,2557.18,1569364992
2007-05-29,2561.04,2576.36,2558.39,2572.06,1732580992
2007-05-30,2556.16,2592.59,2551.67,2592.59,2079406976
2007-05-31,2599.47,2607.89,2594.29,2604.52,2472489984
2007-06-01,2614.01,2626.39,2608.68,2613.91,1930345984
2007-06-04,2606.05,2619.75,2604.85,2618.29,1979175936
2007-06-05,2611.15,2613.31,2595.01,2611.23,2262073088
2007-06-06,2599.56,2599.56,2578.81,2587.17,2163430912
2007-06-07,2577.37,2585.73,2541.37,2541.37,2438491904
2007-06-08,2541.13,2573.74,2534.97,2573.54,1986694016
2007-06-11,2569.63,2584.82,2566.84,2572.14,1688354048
2007-06-12,2560.4,2576.88,2547.99,2549.77,2141828992
2007-06-13,2558.47,2582.31,2556.72,2582.31,2169117952
2007-06-14,2584.13,2604.76,2583.92,2599.4,2020624000
2007-06-15,2625.33,2630.51,2620.72,2626.71,2566351872
2007-06-18,2631.34,2631.45,2617.65,2626.6,1803345024
2007-06-19,2620.31,2631.3,2612.41,2626.76,1954338048
2007-06-20,2632.2,2634.6,2599.62,2599.96,2038316032
2007-06-21,2597.64,2618.54,2586.05,2616.96,2086738048
2007-06-22,2610.36,2612.75,2583.24,2588.96,3516528128
2007-06-25,2590.59,2605.87,2568.5,2577.08,2111292032
2007-06-26,2589.22,2590.88,2566.34,2574.15,2135682944
2007-06-27,2563.83,2605.91,2560.45,2605.35,2115549056
2007-06-28,2606.13,2624.6,2604.6,2608.37,2015778944
2007-06-29,2619.93,2626.56,2590.09,2603.23,2288736000
2007-07-02,2617.38,2632.3,2614.84,2632.3,1935705984
2007-07-03,2636.71,2644.95,2635,2644.95,1096142976
2007-07-05,2646.3,2658.01,2637.78,2656.64,1709124992
2007-07-06,2656.3,2667.97,2649.05,2666.51,1701357952
2007-07-09,2668.99,2672.59,2660.64,2670.02,1918539008
2007-07-10,2657.87,2662.55,2637.65,2639.15,2247251968
2007-07-11,2637.12,2652.34,2631.88,2651.79,2056482944
2007-07-12,2662.76,2701.73,2662.52,2701.73,2274736896
2007-07-13,2696.96,2707.63,2694.09,2707,1800288000
2007-07-16,2703.39,2712.12,2693.71,2697.33,1820712960
2007-07-17,2702.1,2719.93,2701.56,2712.29,2272667904
2007-07-18,2695.28,2699.87,2674.26,2699.49,2268231936
2007-07-19,2716.65,2724.74,2710.84,2720.04,2272388096
2007-07-20,2709.99,2710.32,2674.63,2687.6,2394164992
2007-07-23,2698.49,2705.03,2688.4,2690.58,2123238016
2007-07-24,2673.7,2682.39,2634.03,2639.86,2593371904
2007-07-25,2660.18,2665.81,2628.14,2648.16,2587003904
2007-07-26,2620.75,2632.46,2563.81,2599.34,3501773056
2007-07-27,2599.87,2608.99,2562.06,2562.24,2778387968
2007-07-30,2568.13,2592,2552.31,2583.28,2406504960
2007-07-31,2606.32,2607.45,2545.89,2546.27,2820602880
2007-08-01,2538.5,2557.11,2515.81,2553.87,3008881920
2007-08-02,2557.59,2579.28,2553.13,2575.98,2541836032
2007-08-03,2572.91,2575.58,2511.12,2511.25,2608379904
2007-08-06,2524.87,2547.33,2491.96,2547.33,2833743104
2007-08-07,2532.78,2577.81,2523.43,2561.6,2833218048
2007-08-08,2582.6,2627.75,2582.6,2612.98,3674337024
2007-08-09,2573.03,2615.92,2556.49,2556.49,3631484928
2007-08-10,2529.54,2569.25,2503.15,2544.88,3245889024
2007-08-13,2566.6,2572.51,2541.35,2542.24,2229061888
2007-08-14,2549.26,2552.49,2499.12,2499.12,2030764032
2007-08-15,2492.76,2520.38,2457.88,2458.83,2325659904
2007-08-16,2440.9,2460.5,2386.68,2451.07,3365160960
2007-08-17,2510.37,2524.96,2466.36,2505.03,2638968064
2007-08-20,2511.07,2516.31,2487.43,2508.59,1727358976
2007-08-21,2502.31,2529.65,2500.65,2521.3,1729207040
2007-08-22,2542.99,2554.89,2533.74,2552.8,1879202048
2007-08-23,2562.4,2565.35,2530.57,2541.7,1660962944
2007-08-24,2539.64,2576.68,2534.63,2576.68,1670961024
2007-08-27,2570.4,2573.83,2557.48,2561.25,1363001600
2007-08-28,2546.38,2548.06,2500.55,2500.63,1681070976
2007-08-29,2518.82,2563.15,2512.6,2563.15,1696324992
2007-08-30,2545.08,2587.86,2542.48,2565.3,1750672000
2007-08-31,2596.18,2603.11,2579.79,2596.36,1594193024
2007-09-04,2596.37,2644.45,2596.37,2630.24,1914252032
2007-09-05,2618.28,2621.54,2596.7,2605.95,1999209984
2007-09-06,2615.74,2620.88,2595.52,2614.32,1876029952
2007-09-07,2581.48,2584.28,2556.59,2565.7,1924729984
2007-09-10,2581.78,2588.87,2536.92,2559.11,1819378944
2007-09-11,2573.28,2598.93,2572.86,2597.47,1794790016
2007-09-12,2592.83,2612.17,2590.37,2592.07,1940406016
2007-09-13,2607.12,2612.7,2589.4,2601.06,1708497024
2007-09-14,2582.14,2603.62,2577.73,2602.17,1605858944
2007-09-17,2594.04,2596.09,2575.36,2581.65,1561768960
2007-09-18,2592.96,2651.65,2583.13,2651.65,2154394112
2007-09-19,2665.88,2683.02,2654.89,2666.48,2233875968
2007-09-20,2659.58,2669.42,2648.07,2654.29,1830850048
2007-09-21,2670.75,2678.68,2666.32,2671.22,2394355968
2007-09-24,2676.41,2692.15,2660.52,2667.95,1924462976
2007-09-25,2658.53,2683.91,2656.33,2683.45,1926065024
2007-09-26,2696.53,2709.23,2689.59,2699.03,2075339008
2007-09-27,2711.82,2712.79,2702.02,2709.59,1789294976
2007-09-28,2709.64,2716.75,2692.02,2701.5,1950284032
2007-10-01,2704.25,2743.53,2704.25,2740.99,2015476736
2007-10-02,2740.64,2747.11,2732.68,2747.11,1791750016
2007-10-03,2734.32,2746.13,2721.23,2729.42,1916897024
2007-10-04,2735.38,2735.52,2718.05,2733.57,1759147904
2007-10-05,2754.67,2784.92,2749.85,2780.32,2022476800
2007-10-08,2777.72,2787.37,2771.6,2787.37,1547353472
2007-10-09,2793.95,2806.4,2784.52,2803.9,1928553728
2007-10-10,2805.43,2813.66,2795.98,2811.61,1980291200
2007-10-11,2824.55,2834,2757.76,2772.2,2575434752
2007-10-12,2779.79,2806.17,2778.29,2805.67,1971043584
2007-10-15,2809.16,2811.65,2764.67,2780.05,2045180288
2007-10-16,2770.03,2781.8,2759.42,2763.9,2138887040
2007-10-17,2801.65,2803.96,2755.26,2792.66,2440050432
2007-10-18,2778.31,2803.26,2770.11,2799.31,2071438464
2007-10-19,2799.32,2799.32,2725.15,2725.15,2451578368
2007-10-22,2705.86,2755.47,2698.13,2753.92,2033794560
2007-10-23,2775.52,2799.26,2758.53,2799.26,2420313600
2007-10-24,2775.33,2781.96,2720.3,2774.76,2812582656
2007-10-25,2777.59,2787.29,2733.08,2750.86,2797037568
2007-10-26,2806.52,2810.31,2776.53,2804.18,2589767168
2007-10-29,2815.15,2825.37,2805.25,2817.43,2093075840
2007-10-30,2807.32,2828.82,2803.66,2816.71,2201305600
2007-10-31,2827.8,2861.51,2815.66,2859.12,2593399808
2007-11-01,2835,2835.62,2793.16,2794.83,2619556608
2007-11-02,2812.79,2817.03,2773.82,2810.37,2479948288
2007-11-05,2782.8,2807.51,2771.9,2795.17,2159823872
2007-11-06,2809.81,2825.47,2780.22,2825.17,2545160960
2007-11-07,2798.45,2810.18,2748.31,2748.76,2594944768
2007-11-08,2748.39,2753.05,2648.03,2696,3542348032
2007-11-09,2648.96,2668.79,2624.42,2627.93,3012973312
2007-11-12,2619.4,2643,2583,2584.12,2850806784
2007-11-13,2613.37,2673.64,2613.37,2673.64,2742207744
2007-11-14,2698.03,2698.35,2636.32,2644.32,2505498880
2007-11-15,2636.27,2652.64,2601.38,2618.51,2344953600
2007-11-16,2631.81,2640.03,2596.59,2637.24,2522645248
2007-11-19,2622.43,2628.14,2583.26,2593.37,2199670784
2007-11-20,2603.53,2633.82,2554.32,2596.81,2662967552
2007-11-21,2570.53,2597.16,2542.7,2562.14,2079205888
2007-11-23,2578.99,2601.55,2567.58,2596.6,806082496
2007-11-26,2599.82,2613.68,2539.81,2540.99,2031448704
2007-11-27,2557.98,2585.92,2546.37,2580.8,2236379392
2007-11-28,2607.33,2667.92,2606.86,2662.9,2536524032
2007-11-29,2653.36,2675.21,2648.49,2668.12,2174457600
2007-11-30,2693.61,2696.24,2642.25,2660.96,2611099392
2007-12-03,2654.9,2667.82,2636.96,2637.12,2005641600
2007-12-04,2620.34,2636.01,2613.83,2619.83,2079626496
2007-12-05,2648.96,2671.72,2647.4,2666.36,2283430912
2007-12-06,2665.87,2709.1,2664.71,2709.03,2022166272
2007-12-07,2710.33,2711.96,2695.96,2706.15,1925048832
2007-12-10,2710.73,2727.84,2706.59,2718.95,1832696832
2007-12-11,2723.09,2734.82,2650.22,2652.35,2255510528
2007-12-12,2703.26,2712.59,2638.82,2671.13,2332224256
2007-12-13,2651.45,2670.33,2641.57,2668.49,2171337216
2007-12-14,2647.67,2671.87,2634.75,2635.74,1954963584
2007-12-17,2623.23,2626.37,2574.46,2574.46,1933640960
2007-12-18,2597.59,2604.37,2553.99,2596.03,2038325504
2007-12-19,2593.33,2609.73,2583.32,2601.01,1897117184
2007-12-20,2628.12,2640.87,2605.21,2640.86,2027222912
2007-12-21,2676.85,2691.99,2671.59,2691.99,2699425280
2007-12-24,2694.35,2715.77,2694.35,2713.5,778918080
2007-12-26,2702.82,2727.55,2698.48,2724.4,1260348672
2007-12-27,2715.02,2717.12,2675.88,2676.79,1456901248
2007-12-28,2693.36,2697.77,2661.79,2674.46,1351056128
2007-12-31,2663.78,2668.61,2646.09,2652.28,1528908544
2008-01-02,2653.9,2661.5,2597.81,2609.62,2095535360
2008-01-03,2611.96,2624.27,2592.17,2602.67,1982167424
2008-01-04,2571.08,2571.08,2502.67,2504.64,2523336448
2008-01-07,2514.14,2521.62,2471.23,2499.46,2620234752
2008-01-08,2506.97,2527.41,2440.51,2440.51,2670244608
2008-01-09,2443.85,2474.55,2407.38,2474.55,2894973440
2008-01-10,2452.12,2503.55,2446.8,2488.52,2656324096
2008-01-11,2471.86,2473.95,2428.85,2439.93,2402958336
2008-01-14,2470.87,2483.12,2455.34,2478.3,2196800256
2008-01-15,2449.04,2455.29,2412.47,2417.59,2469524224
2008-01-16,2390.56,2429.58,2361.22,2394.59,3495169536
2008-01-17,2405.74,2416.51,2343.64,2346.89,2862461440
2008-01-18,2365.56,2384.21,2323.29,2340.02,3005505280
2008-01-22,2221.2,2318.6,2221.2,2292.27,3187386112
2008-01-23,2226.77,2320.12,2202.54,2316.4,3676016384
2008-01-24,2328.86,2361.88,2326.37,2360.91,3050614784
2008-01-25,2402.8,2408.22,2322.56,2326.2,2653313024
2008-01-28,2324.85,2349.9,2306.63,2349.9,2111534464
2008-01-29,2360.42,2362.11,2332,2358.06,2238625280
2008-01-30,2346.36,2396,2343.87,2349,2632318976
2008-01-31,2317.11,2403.46,2313.52,2389.86,2925491200
2008-02-01,2392.58,2419.23,2374.5,2413.36,3103631104
2008-02-04,2413.41,2413.41,2382.09,2382.85,2146952448
2008-02-05,2344.81,2359.42,2309.57,2309.57,2517432320
2008-02-06,2327.17,2338.27,2277.27,2278.75,2473923584
2008-02-07,2259.62,2318.52,2252.64,2293.03,3004728320
2008-02-08,2290.5,2318.66,2280.27,2304.85,2275363328
2008-02-11,2310.75,2326.23,2294.41,2320.06,2138377984
2008-02-12,2333.31,2349.55,2305.83,2320.04,2233153024
2008-02-13,2347.22,2373.92,2338.9,2373.92,2260742656
2008-02-14,2376.22,2376.22,2328.59,2332.54,2280475904
2008-02-15,2320.58,2329.16,2305.81,2321.8,2051292288
2008-02-19,2348.98,2352.79,2300.1,2306.2,2009784576
2008-02-20,2292.82,2331.7,2291.24,2327.1,2307467264
2008-02-21,2344.08,2353.79,2294.77,2299.78,2285995264
2008-02-22,2306.61,2308.76,2265.36,2303.35,2340207104
2008-02-25,2303.4,2333.71,2294.37,2327.48,2157531904
2008-02-26,2314.41,2361.1,2311.32,2344.99,2330928896
2008-02-27,2329.15,2363.52,2326.34,2353.78,2226953984
2008-02-28,2342.56,2352.87,2324.47,2331.57,2108632704
2008-02-29,2309.06,2311.23,2264.97,2271.48,2516730368
2008-03-03,2271.26,2275.75,2240.3,2258.6,2203912448
2008-03-04,2244.21,2266.37,2221.09,2260.28,2692658176
2008-03-05,2266.49,2290.01,2254.2,2272.81,2271942912
2008-03-06,2265.66,2272.2,2219.33,2220.5,2246466560
2008-03-07,2204.48,2242.5,2186.92,2212.49,2387051776
2008-03-10,2211.13,2216.88,2168.66,2169.34,2148517632
2008-03-11,2209.64,2255.76,2192.5,2255.76,2526173952
2008-03-12,2259.97,2282.61,2241.37,2243.87,2159308032
2008-03-13,2219.28,2272.55,2199.37,2263.61,2510425088
2008-03-14,2271.21,2277.11,2191.75,2212.49,2574493440
2008-03-17,2166.93,2200.53,2155.41,2177.01,2399749376
2008-03-18,2215.61,2268.26,2206.81,2268.26,2418822400
2008-03-19,2272.12,2280.89,2209.96,2209.96,2325790976
2008-03-20,2220.5,2258.11,2208.12,2258.11,2802576640
2008-03-24,2268.2,2336.7,2268.2,2326.75,2317185280
2008-03-25,2329.15,2346.78,2312.06,2341.05,2115772032
2008-03-26,2328.62,2331.17,2306.49,2324.36,1941517696
2008-03-27,2315.04,2315.9,2280.47,2280.83,2046886528
2008-03-28,2291.32,2304.71,2256.87,2261.17,1801278464
2008-03-31,2265.14,2289.7,2260.59,2279.1,1818139136
2008-04-01,2306.51,2362.75,2305.39,2362.75,2176465152
2008-04-02,2363.41,2381.21,2347.78,2361.39,2060430848
2008-04-03,2347.9,2373.99,2339.37,2363.3,2003639424
2008-04-04,2366.9,2391.92,2351.76,2370.98,1981811840
2008-04-07,2386.62,2390.04,2359.54,2364.83,1779187840
2008-04-08,2353.58,2359.39,2337.84,2348.76,1678493696
2008-04-09,2351.93,2353.54,2311.45,2322.12,1932470272
2008-04-10,2326.78,2363.9,2324.38,2351.7,2213738240
2008-04-11,2327.7,2328.45,2286.18,2290.24,1918539264
2008-04-14,2287.02,2296.73,2274.9,2275.82,1640094848
2008-04-15,2287.42,2291.12,2266.29,2286.04,1902317184
2008-04-16,2313.41,2352.21,2313.41,2350.11,2148321024
2008-04-17,2347.32,2348.31,2327.65,2341.83,1861480064
2008-04-18,2394.52,2412.78,2383.24,2402.97,2231906304
2008-04-21,2393.07,2410.97,2389.82,2408.04,1650265344
2008-04-22,2397.12,2397.16,2361.66,2376.93,1954478720
2008-04-23,2391.63,2412.53,2382.77,2405.21,2181584896
2008-04-24,2408.25,2447.28,2383.76,2428.91,2349610496
2008-04-25,2424.67,2427.09,2391.14,2422.92,2001017344
2008-04-28,2422.62,2437,2416.89,2424.39,1791982080
2008-04-29,2420,2435.37,2412.1,2426.1,1778067200
2008-04-30,2434.2,2451.18,2406.37,2412.8,2219329024
2008-05-01,2416.49,2480.71,2416.49,2480.71,2361000960
2008-05-02,2499.13,2499.13,2461.46,2476.99,2279720192
2008-05-05,2475.31,2486.05,2458.12,2464.12,2094093824
2008-05-06,2455.11,2488.83,2445.37,2483.31,2209484288
2008-05-07,2483.03,2496.64,2435.76,2438.49,2293964032
2008-05-08,2450.01,2462.51,2436.61,2451.24,2100801280
2008-05-09,2432.55,2455.33,2429.03,2445.52,1714386048
2008-05-12,2454.64,2490.22,2446.36,2488.49,1788452608
2008-05-13,2491.02,2498.07,2472.58,2495.12,1901217920
2008-05-14,2503.28,2528.39,2493.58,2496.7,2134608512
2008-05-15,2496.43,2535.18,2492.95,2533.73,2224405504
2008-05-16,2537.4,2537.4,2504.17,2528.85,2293488128
2008-05-19,2530.82,2551.47,2505.6,2516.09,2278015488
2008-05-20,2505.86,2506.18,2479.37,2492.26,2041185536
2008-05-21,2497.38,2508.89,2444.99,2448.27,2218841600
2008-05-22,2454.74,2474.53,2448.84,2464.58,1939867648
2008-05-23,2454.13,2456,2430.36,2444.66,1736369920
2008-05-27,2450.52,2482.08,2448.58,2481.24,1759116160
2008-05-28,2491.5,2493.37,2465.59,2486.7,1847140864
2008-05-29,2486.09,2522.13,2485.91,2508.32,1969581824
2008-05-30,2519.13,2530.15,2510.64,2522.65,2209083648
2008-06-02,2514.82,2516.37,2471.4,2491.53,1991870208
2008-06-03,2500.5,2513.88,2460.56,2480.48,2238029056
2008-06-04,2473.03,2518.71,2471.52,2503.13,2214289408
2008-06-05,2509.49,2549.93,2504.57,2549.93,2260975616
2008-06-06,2528.52,2529.97,2474.56,2474.56,2204736000
2008-06-09,2483.22,2485,2429.3,2459.46,2133839744
2008-06-10,2436.75,2466.28,2432.47,2448.93,2088948096
2008-06-11,2444.93,2446.28,2394.01,2394.01,2118677248
2008-06-12,2414.46,2432.87,2388.49,2404.35,2277794560
2008-06-13,2423.05,2454.5,2417.01,2454.5,2111845248
2008-06-16,2443.12,2479.95,2441.24,2474.78,1881741952
2008-06-17,2481.2,2483.18,2456.78,2457.73,1843659264
2008-06-18,2444.96,2449.17,2422.96,2429.71,2072833280
2008-06-19,2427.16,2469.14,2412.37,2462.06,2294541824
2008-06-20,2441.96,2441.96,2394.26,2406.09,2701988608
2008-06-23,2416.55,2419.68,2384.56,2385.74,1925927552
2008-06-24,2375.8,2394.86,2352.1,2368.28,2201261568
2008-06-25,2376.82,2421.25,2376.29,2401.26,2171511808
2008-06-26,2365.86,2366.15,2321.37,2321.37,2316918016
2008-06-27,2319.62,2329.93,2290.59,2315.62,3403539968
2008-06-30,2312.41,2325.49,2292.98,2292.98,2115474560
2008-07-01,2274.24,2306.9,2255.79,2304.97,2672254976
2008-07-02,2311.57,2317.2,2251.3,2251.46,2460014336
2008-07-03,2261.74,2262.96,2227.8,2245.37,1432670592
2008-07-07,2263.68,2276.54,2214.15,2243.32,2376011520
2008-07-08,2244.89,2294.43,2233.99,2294.43,2532076288
2008-07-09,2290.62,2296.03,2234.59,2234.88,2317195008
2008-07-10,2239.95,2267.66,2223.04,2257.85,2311414528
2008-07-11,2233.37,2265.86,2203.25,2239.08,2392052224
2008-07-14,2262.86,2266.43,2207,2212.87,2065733504
2008-07-15,2197.17,2249.12,2167.29,2215.71,2807572224
2008-07-16,2219.27,2284.85,2205.71,2284.85,2521068800
2008-07-17,2296.57,2320.77,2274.27,2312.3,2653719808
2008-07-18,2286.91,2293.17,2269.55,2282.78,2288749056
2008-07-21,2290.75,2300.32,2270.28,2279.53,1890531584
2008-07-22,2256.32,2303.96,2252.84,2303.96,2605862144
2008-07-23,2305.11,2350.09,2300.2,2325.87,2751139072
2008-07-24,2329.21,2329.21,2278.9,2280.11,2570935040
2008-07-25,2294.68,2312.6,2282.62,2310.53,2050454912
2008-07-28,2307.18,2317.75,2258.62,2264.22,1983754752
2008-07-29,2274.61,2320.17,2274.37,2319.62,2350253568
2008-07-30,2329.01,2342.87,2299.98,2329.72,2293231104
2008-07-31,2311.33,2353.38,2309.63,2325.55,2400288512
2008-08-01,2326.83,2328.95,2286.4,2310.96,2184995840
2008-08-04,2309.75,2309.75,2280.92,2285.56,2041411968
2008-08-05,2308.13,2349.83,2303.62,2349.83,2430006784
2008-08-06,2349.16,2385.77,2333.53,2378.37,2292925184
2008-08-07,2362.79,2386.43,2351.32,2355.73,2281338368
2008-08-08,2356.84,2416.39,2352.04,2414.1,2244765440
2008-08-11,2407.55,2461.64,2402.53,2439.95,2326263040
2008-08-12,2434.26,2447.15,2421.09,2430.61,2104963712
2008-08-13,2424.32,2443.43,2404.03,2428.62,2071171840
2008-08-14,2414.4,2461.14,2414.4,2453.66,1890236288
2008-08-15,2463.1,2473.2,2441.05,2452.52,1797293312
2008-08-18,2456.96,2456.96,2404.4,2416.98,1692591616
2008-08-19,2404.95,2410.96,2376.66,2384.36,1785854208
2008-08-20,2396.58,2408.67,2372.34,2389.08,1802663936
2008-08-21,2371.54,2387.72,2360.38,2380.37,1571928576
2008-08-22,2390.34,2417.62,2390.34,2414.71,1397090816
2008-08-25,2399.73,2399.73,2362.2,2365.59,1452847360
2008-08-26,2364.31,2377.04,2345.79,2361.97,1516395648
2008-08-27,2362.86,2395.02,2358.92,2382.46,1584357632
2008-08-28,2390.11,2412.84,2388.55,2411.63,1634173824
2008-08-29,2388.66,2393.49,2360.9,2367.52,1611633536
2008-09-02,2402.11,2413.11,2338.37,2349.24,2056430080
2008-09-03,2346.81,2357.42,2320.9,2333.73,2160216576
2008-09-04,2315.17,2317.32,2259.04,2259.04,2388513536
2008-09-05,2241.62,2264.35,2216.99,2255.87,2270361088
2008-09-08,2296.17,2303.88,2236.97,2269.76,2611562240
2008-09-09,2269.92,2285.54,2209.81,2209.81,2641762816
2008-09-10,2232.21,2247.62,2209.59,2228.7,2324768512
2008-09-11,2199.03,2259.25,2191.53,2258.22,2323272192
2008-09-12,2239.25,2268.83,2228,2261.27,2020370944
2008-09-15,2202.28,2244.88,2179.91,2179.91,2751519232
2008-09-16,2149.65,2214.29,2145.17,2207.9,3249067008
2008-09-17,2177.58,2183.25,2098.85,2098.85,3153947136
2008-09-18,2137.42,2201.71,2070.22,2199.1,3972305664
2008-09-19,2303.9,2318.43,2239.73,2273.9,4036301056
2008-09-22,2265.77,2266.45,2178.98,2178.98,1938224896
2008-09-23,2190.71,2209.62,2151.77,2153.33,2021973376
2008-09-24,2167.55,2179.93,2147.36,2155.68,1838523136
2008-09-25,2172.26,2210.74,2167.06,2186.57,1894855168
2008-09-26,2144.06,2187.53,2136.85,2183.34,1999896704
2008-09-29,2147.16,2152.69,1983.73,1983.73,2882246400
2008-09-30,2033.69,2094.31,2015.93,2082.33,2427101184
2008-10-01,2075.1,2083.2,2046.06,2069.4,1948804608
2008-10-02,2052.51,2056.43,1975,1976.72,2224294912
2008-10-03,2005.92,2046.81,1947.19,1947.39,2548829952
2008-10-06,1905.01,1905.01,1777.02,1862.96,3532153088
2008-10-07,1867.97,1886.35,1754.88,1754.88,2905864704
2008-10-08,1710.96,1806.89,1706.86,1740.33,3567644160
2008-10-09,1766.25,1787.41,1634.88,1645.12,3022823936
2008-10-10,1590.77,1690.77,1542.45,1649.51,4264988416
2008-10-13,1715.74,1844.25,1715.74,1844.25,2677686272
2008-10-14,1894.87,1896.95,1752.89,1779.01,2975224576
2008-10-15,1754.62,1761.23,1628.33,1628.33,2612272896
2008-10-16,1644.55,1717.72,1565.72,1717.71,3419793408
2008-10-17,1678.78,1782.58,1670.28,1711.29,2782806528
2008-10-20,1735.13,1770.05,1698.01,1770.03,2073275520
2008-10-21,1741.84,1768.54,1695.12,1696.68,2186634496
2008-10-22,1671.23,1678.71,1587.22,1615.75,2623372288
2008-10-23,1621.11,1645.5,1533.55,1603.91,3192142848
2008-10-24,1493.79,1584.27,1493.79,1552.03,2692287488
2008-10-27,1528.12,1574.54,1503.81,1505.9,2278035968
2008-10-28,1552.24,1649.47,1504.13,1649.47,2853433344
2008-10-29,1643.98,1705.51,1622.01,1657.21,2790545920
2008-10-30,1698.43,1712.56,1658.45,1698.52,2554893824
2008-10-31,1684.71,1742.54,1673.32,1720.95,2197483264
2008-11-03,1718.89,1738.53,1713.39,1726.33,1840072704
2008-11-04,1761.09,1785.84,1739.81,1780.12,2356023296
2008-11-05,1759.68,1764.43,1679.19,1681.64,2201960960
2008-11-06,1659.57,1676.92,1603.87,1608.7,2431796992
2008-11-07,1629.69,1654.25,1615.51,1647.4,1934284160
2008-11-10,1680.67,1680.67,1603.33,1616.74,1732357632
2008-11-11,1598.59,1612.42,1563.95,1580.9,1946431104
2008-11-12,1555.17,1562.78,1499.21,1499.21,2222365696
2008-11-13,1503.06,1596.7,1428.54,1596.7,3082554112
2008-11-14,1560.59,1587.76,1513.09,1516.85,2312075264
2008-11-17,1494.74,1526.96,1481.7,1482.05,1890452608
2008-11-18,1488.93,1498.42,1429.92,1483.27,2444539136
2008-11-19,1479.13,1493.05,1386.42,1386.42,2420269312
2008-11-20,1373.77,1414.43,1314.9,1316.12,3200781312
2008-11-21,1346.77,1384.35,1295.48,1384.35,3172482048
2008-11-24,1397.19,1480.41,1397.19,1472.02,2642607872
2008-11-25,1472.02,1486.22,1430.4,1464.73,2517709824
2008-11-26,1441.21,1532.1,1441.21,1532.1,2001666816
2008-11-28,1517.95,1535.57,1512.41,1535.57,791066176
2008-12-01,1496.24,1496.24,1398.07,1398.07,1982411392
2008-12-02,1423.85,1450.83,1399.88,1449.8,2147017472
2008-12-03,1416.03,1493.06,1414.04,1492.38,2298236928
2008-12-04,1465.77,1500.95,1426.41,1445.56,2093321600
2008-12-05,1426.93,1510.18,1404.82,1509.31,2039169920
2008-12-08,1541.44,1583.81,1536.71,1571.74,2345876224
2008-12-09,1546.54,1602.92,1538.25,1547.34,2328210176
2008-12-10,1563.66,1584.16,1542.08,1565.48,2006299264
2008-12-11,1548.47,1568.61,1501.7,1507.88,2078145408
2008-12-12,1482.55,1543.04,1478.03,1540.72,1916089472
2008-12-15,1544.16,1544.16,1491.36,1508.34,1693917312
2008-12-16,1526.06,1589.89,1526,1589.89,2267995392
2008-12-17,1568.88,1598.33,1560.05,1579.31,2170007040
2008-12-18,1583.17,1591.7,1535.38,1552.37,2105724032
2008-12-19,1572.75,1593.35,1557.05,1564.32,2746652416
2008-12-22,1562.17,1563.79,1503.66,1532.35,1676461184
2008-12-23,1539.37,1548.44,1512.54,1521.54,1333376384
2008-12-24,1525.15,1527.23,1516.15,1524.9,517176288
2008-12-26,1531.2,1532.13,1518.97,1530.24,601095040
2008-12-29,1529.54,1530.92,1493.45,1510.32,1209328000
2008-12-30,1521.18,1550.7,1517.26,1550.7,1455499520
2008-12-31,1550.87,1586.81,1548.88,1577.03,1606416512
2009-01-02,1578.87,1636.03,1571.98,1632.21,1465637888
2009-01-05,1621.48,1640.46,1604.63,1628.03,1824118528
2009-01-06,1642.37,1665.63,1636.25,1652.38,2183896576
2009-01-07,1621.63,1625.37,1588.2,1599.06,2074715648
2009-01-08,1590.25,1617.01,1584.28,1617.01,2008142720
2009-01-09,1617.05,1617.26,1569.87,1571.59,1952398080
2009-01-12,1573.45,1573.46,1528,1538.79,1815002880
2009-01-13,1537.42,1557.95,1527.47,1546.46,2013449088
2009-01-14,1521.71,1528.65,1485.26,1489.64,1978632320
2009-01-15,1489.46,1521.58,1456.72,1511.84,2522259200
2009-01-16,1532.47,1538.82,1490.35,1529.33,2310738176
2009-01-20,1520.76,1521.85,1440.86,1440.86,2055343232
2009-01-21,1466.4,1507.52,1444.9,1507.07,2142189056
2009-01-22,1470.85,1492.47,1444.08,1465.49,2332301056
2009-01-23,1440.78,1495.27,1434.08,1477.29,2228016640
2009-01-26,1479.98,1514.38,1470.81,1489.46,1872090752
2009-01-27,1494.12,1513.21,1488.81,1504.9,1835131264
2009-01-28,1530.48,1568.33,1530.03,1558.34,2167675392
2009-01-29,1537.47,1537.84,1505.7,1507.84,1956829696
2009-01-30,1519.46,1523.45,1472.51,1476.42,2142967040
2009-02-02,1460.85,1502.72,1460.51,1494.43,2034455424
2009-02-03,1499.59,1521.21,1479.42,1516.3,2121959936
2009-02-04,1517.19,1549.64,1508.87,1515.05,2266859008
2009-02-05,1498.59,1554.37,1495.52,1546.24,2574624768
2009-02-06,1547,1594.26,1545.85,1591.71,2450761984
2009-02-09,1590.74,1598.23,1576.1,1591.56,1909825280
2009-02-10,1578.02,1598.5,1520.56,1524.73,2500270080
2009-02-11,1531.58,1542.84,1509.35,1530.5,2264875776
2009-02-12,1510.17,1542.51,1495.34,1541.71,2481342976
2009-02-13,1539.72,1552.57,1530.05,1534.36,2023743872
2009-02-17,1489.12,1492.82,1467.79,1470.66,2401740544
2009-02-18,1480.65,1487.92,1454.46,1467.97,2096646016
2009-02-19,1478.55,1485.14,1442.53,1442.82,2057009280
2009-02-20,1427.03,1454.39,1416.96,1441.23,2572783104
2009-02-23,1452.58,1452.58,1386.68,1387.72,2076772864
2009-02-24,1399.37,1445.07,1395.11,1441.83,2412775168
2009-02-25,1428.76,1453.66,1404.54,1425.43,2454268160
2009-02-26,1436.85,1444.83,1391.47,1391.47,2382304256
2009-02-27,1376.56,1401.97,1372.42,1377.84,2542610176
2009-03-02,1356.13,1372,1322.13,1322.85,2373347072
2009-03-03,1341.42,1346.88,1312.98,1321.01,2444014592
2009-03-04,1340.38,1370.29,1333.88,1353.74,2362353920
2009-03-05,1332.38,1342.86,1298.33,1299.59,2348808192
2009-03-06,1310.59,1320.51,1268.54,1293.85,2504570368
2009-03-09,1284.84,1316.15,1265.52,1268.64,2075871232
2009-03-10,1288.95,1358.28,1288.95,1358.28,2493146624
2009-03-11,1364.8,1385.29,1352.6,1371.64,2242869760
2009-03-12,1367.78,1427.55,1355.05,1426.1,2546696960
2009-03-13,1430.94,1433.98,1408.26,1431.5,2081268992
2009-03-16,1445.27,1445.27,1402.48,1404.02,2175227648
2009-03-17,1409.67,1462.11,1405.32,1462.11,2126583296
2009-03-18,1454.44,1507.4,1448.67,1491.22,2823449600
2009-03-19,1509.06,1509.06,1475.49,1483.48,2368790272
2009-03-20,1488.15,1501.78,1448.78,1457.27,2519809792
2009-03-23,1491.26,1555.77,1482.15,1555.77,2281883648
2009-03-24,1535.68,1546.21,1515.63,1516.52,2032308992
2009-03-25,1527.59,1554.25,1487.94,1528.95,2486791168
2009-03-26,1549.4,1587,1545.21,1587,2634340352
2009-03-27,1564.12,1569.21,1543.43,1545.2,2118407808
2009-03-30,1516.79,1517.06,1484.98,1501.8,2086345088
2009-03-31,1518.7,1554.47,1518.01,1528.59,2218905856
2009-04-01,1504.87,1553.03,1498.54,1551.6,2306378240
2009-04-02,1579.97,1623.34,1576.82,1602.63,2858226688
2009-04-03,1609.05,1621.87,1593.05,1621.87,2151430400
2009-04-06,1602.24,1607.6,1580.65,1606.71,2069032448
2009-04-07,1585.58,1588,1559.46,1561.61,1912306176
2009-04-08,1576.93,1595.97,1567.22,1590.66,1874114944
2009-04-09,1618.83,1652.54,1616.25,1652.54,2217857792
2009-04-13,1641.61,1660.83,1630.54,1653.31,1869791744
2009-04-14,1637.5,1651.28,1618.04,1625.72,2315929088
2009-04-15,1613.56,1627.72,1599.11,1626.8,2105109248
2009-04-16,1645.52,1676.17,1628.08,1670.44,2390625536
2009-04-17,1665.6,1682.24,1653.84,1673.07,2451871488
2009-04-20,1641.35,1643.32,1606.86,1608.21,3110583552
2009-04-21,1599.03,1643.85,1598.93,1643.85,2484844544
2009-04-22,1630.14,1679.82,1624.73,1646.12,2724916992
2009-04-23,1651.47,1654.85,1625.88,1652.21,2515768576
2009-04-24,1666.43,1702.87,1657.49,1694.29,2574663680
2009-04-27,1672.87,1700.53,1670.49,1679.41,2644689408
2009-04-28,1668.26,1690.06,1661.4,1673.81,2469498880
2009-04-29,1688.66,1726.69,1687.29,1711.94,2819922176
2009-04-30,1732.47,1753.61,1710.07,1717.3,3363920128
2009-05-01,1719.29,1728.1,1703.52,1719.2,2518515200
2009-05-04,1733.71,1763.56,1729.31,1763.56,2599620608
2009-05-05,1757.26,1759.42,1735.37,1754.12,2989067264
2009-05-06,1768.69,1770.29,1730.97,1759.1,3045506816
2009-05-07,1772.1,1773.13,1702.54,1716.24,3790707200
2009-05-08,1733.5,1747.41,1711.01,1739,3208954368
2009-05-11,1713.65,1747.97,1705.87,1731.24,2557303552
2009-05-12,1742.86,1743.52,1695.87,1715.92,2536077824
2009-05-13,1696.8,1697.76,1664.19,1664.19,2426824192
2009-05-14,1672.48,1701.22,1667.94,1689.21,2224581376
2009-05-15,1687.49,1703.45,1676.56,1680.14,2121113984
2009-05-18,1696.82,1732.36,1689.55,1732.36,2037372672
2009-05-19,1727,1750.05,1719.92,1734.54,2135664000
2009-05-20,1743.6,1767.47,1722.32,1727.84,2327366144
2009-05-21,1709.83,1719.58,1677.77,1695.25,2265691136
2009-05-22,1702.06,1711.98,1682.24,1692.01,1621297152
2009-05-26,1677.72,1751.47,1677.54,1750.43,2107457792
2009-05-27,1745.56,1768.22,1728.96,1731.08,2195047680
2009-05-28,1744.23,1754.95,1714.48,1751.79,2244344320
2009-05-29,1756.26,1774.33,1742.99,1774.33,2596109824
2009-06-01,1796.09,1833.18,1792.8,1828.68,2658125824
2009-06-02,1821.22,1846.65,1815.83,1836.8,2418500864
2009-06-03,1825.6,1828.09,1806.51,1825.92,2311550208
2009-06-04,1829.84,1850.04,1825.62,1850.02,2501325312
2009-06-05,1864.02,1865.95,1834.63,1849.42,2312727296
2009-06-08,1836.87,1857.8,1818.59,1842.4,1997977472
2009-06-09,1850.48,1869.52,1846.26,1860.13,2170691072
2009-06-10,1872.01,1872.7,1827.61,1853.08,2406684416
2009-06-11,1854.75,1879.92,1854.75,1862.37,2496987648
2009-06-12,1852.43,1858.8,1833.39,1858.8,2056826880
2009-06-15,1837.94,1838.33,1803.07,1816.38,2204651008
2009-06-16,1825.2,1831.18,1795.55,1796.18,2278797312
2009-06-17,1799.22,1824.2,1785.34,1808.06,2565159424
2009-06-18,1809.04,1816.6,1795.74,1807.72,2118907776
2009-06-19,1824.99,1837.58,1817.07,1827.47,3007479808
2009-06-22,1809.53,1810.58,1765.85,1766.19,2358329344
2009-06-23,1771.42,1777.58,1753.78,1764.92,2187094016
2009-06-24,1780.88,1807.08,1780.25,1792.34,2181318912
2009-06-25,1783.19,1829.67,1779.18,1829.54,2277026048
2009-06-26,1819.16,1840.98,1816.84,1838.22,5307981312
2009-06-29,1842.09,1854.09,1825.03,1844.06,2044851968
2009-06-30,1845.47,1854.69,1824.95,1835.04,2130378752
2009-07-01,1846.12,1861.62,1843.79,1845.72,2015305088
2009-07-02,1823.69,1823.91,1795.95,1796.52,1961398528
2009-07-06,1783.5,1793.42,1770.11,1787.4,2004212864
2009-07-07,1787.44,1788.97,1745.38,1746.17,2072872064
2009-07-08,1756,1757.67,1727.05,1747.17,2521874688
2009-07-09,1756.97,1763.63,1747.44,1752.55,1908234752
2009-07-10,1744.61,1764.11,1738.26,1756.03,1688608512
2009-07-13,1761.03,1793.21,1736.95,1793.21,1954696960
2009-07-14,1790.7,1800.73,1782.85,1799.73,1912860416
2009-07-15,1827.61,1863.29,1824.31,1862.9,2594267648
2009-07-16,1856.05,1887.89,1854.7,1885.03,2115912448
2009-07-17,1880.31,1887.34,1873.81,1886.61,1911785984
2009-07-20,1896.99,1909.89,1890,1909.29,2076208896
2009-07-21,1917.39,1917.46,1892.17,1916.2,2279426816
2009-07-22,1908.83,1934.61,1907.25,1926.38,2378663680
2009-07-23,1924.96,1979.34,1924.77,1973.6,3130186496
2009-07-24,1942.86,1966.08,1937.87,1965.96,2186007296
2009-07-27,1964.62,1971.38,1946.95,1967.89,2159757568
2009-07-28,1957.26,1978.43,1947.89,1975.51,2235673856
2009-07-29,1965.32,1970.65,1953.36,1967.76,2107979008
2009-07-30,1986.21,2009.81,1980.08,1984.3,2566536960
2009-07-31,1980.72,1995.01,1977.72,1978.5,2130582400
2009-08-03,1998.35,2008.61,1985.88,2008.61,2191476224
2009-08-04,1996.38,2015.59,1993.74,2011.31,2291025920
2009-08-05,2014.45,2014.45,1980.68,1993.05,2412209920
2009-08-06,1999.21,2004.37,1967.68,1973.16,2447590656
2009-08-07,1997,2012.33,1984.5,2000.25,2516357120
2009-08-10,1991.44,1999.55,1979.39,1992.24,1883046912
2009-08-11,1985.06,1986.85,1962.08,1969.73,1965972736
2009-08-12,1970.95,2015.26,1970.25,1998.72,2189983232
2009-08-13,2009.27,2013.43,1986.87,2009.35,2114089472
2009-08-14,2005.79,2006.73,1969.68,1985.52,1967537664
2009-08-17,1949.23,1949.23,1929.64,1930.84,1976202624
2009-08-18,1940.55,1958.71,1935.33,1955.92,1778054784
2009-08-19,1933.39,1972.32,1931.91,1969.24,1995976320
2009-08-20,1967.57,1992.22,1965.69,1989.22,2001149824
2009-08-21,2000.15,2021.86,1994.33,2020.9,2283072768
2009-08-24,2026.11,2036.03,2012,2017.98,2057206272
2009-08-25,2025.59,2040.59,2019.17,2024.23,1955550464
2009-08-26,2021.3,2034.31,2013.52,2024.43,2091980160
2009-08-27,2021.31,2029.27,1993.03,2027.73,2162436352
2009-08-28,2050.53,2059.4,2017.58,2028.77,2293552384
2009-08-31,2011.14,2013.65,1997.53,2009.06,2349097984
2009-09-01,2001.3,2034.78,1965.48,1968.89,2813593856
2009-09-02,1960.07,1976.35,1958.51,1967.07,2001814656
2009-09-03,1975.85,1983.37,1958.04,1983.2,1869939200
2009-09-04,1986.98,2018.92,1982.05,2018.78,1740617088
2009-09-08,2034.74,2038.63,2023.03,2037.77,2037184256
2009-09-09,2038.92,2066.34,2033.47,2060.39,2512127488
2009-09-10,2059.48,2084.02,2055.49,2084.02,2491997952
2009-09-11,2083.34,2088.83,2070.13,2080.9,2266264064
2009-09-14,2066.15,2091.78,2065.8,2091.78,2193622784
2009-09-15,2090.33,2106.93,2086.16,2102.64,2399406592
2009-09-16,2110.06,2133.15,2102.86,2133.15,2793902848
2009-09-17,2129.42,2140.6,2118.5,2126.75,2643237376
2009-09-18,2134.85,2138.82,2120.7,2132.86,3198296832
2009-09-21,2121.34,2142.41,2118.48,2138.04,2425170944
2009-09-22,2150.02,2150.68,2137.39,2146.3,2514368000
2009-09-23,2152.43,2167.7,2130.34,2131.42,2721736448
2009-09-24,2140.06,2142.49,2097.1,2107.61,2646964992
2009-09-25,2095.84,2106.99,2085.35,2090.92,2389046272
2009-09-28,2101.92,2140.04,2101.43,2130.74,1927811072
2009-09-29,2131.67,2141.4,2116.63,2124.04,2110500480
2009-09-30,2131.3,2137.87,2092.3,2122.42,2754416640
2009-10-01,2111.77,2112.9,2057.48,2057.48,2751787520
2009-10-02,2040.84,2063.79,2040.84,2048.11,2358099712
2009-10-05,2056.52,2074.78,2049.04,2068.15,2212466688
2009-10-06,2080.4,2111.13,2079.49,2103.57,2430733056
2009-10-07,2099.06,2110.33,2095.94,2110.33,2239362048
2009-10-08,2124.69,2139.65,2116.06,2123.93,2425884672
2009-10-09,2120,2139.38,2118.09,2139.28,1882766336
2009-10-12,2145.63,2155.92,2128.39,2139.14,1793127552
2009-10-13,2138.7,2146.35,2128.44,2139.89,2078085248
2009-10-14,2165.83,2173.95,2157.48,2172.23,2383078144
2009-10-15,2164.33,2173.29,2158.29,2173.29,2199385856
2009-10-16,2164.73,2164.73,2142.88,2156.8,2235476736
2009-10-19,2162.41,2180.11,2150.42,2176.32,1997102976
2009-10-20,2180.43,2181.16,2151.77,2163.47,2156024320
2009-10-21,2160.78,2190.64,2148.41,2150.73,2600789504
2009-10-22,2146.72,2169.17,2130.7,2165.29,2296653824
2009-10-23,2186.64,2190.48,2149.35,2154.47,2478351872
2009-10-26,2158.81,2183.61,2136.92,2141.85,2340182016
2009-10-27,2144.15,2148.88,2110.91,2116.09,2417001216
2009-10-28,2103.36,2111.84,2057.4,2059.61,2805304832
2009-10-29,2077.04,2101.33,2071.3,2097.55,2343290112
2009-10-30,2091.56,2095.09,2040.21,2045.11,2699226624
2009-11-02,2047.42,2069.49,2024.27,2049.2,2429652736
2009-11-03,2034.09,2057.32,2031.25,2057.32,2187260928
2009-11-04,2067.56,2081.1,2053,2055.52,2253316352
2009-11-05,2078.83,2105.32,2075.61,2105.32,2257255168
2009-11-06,2089.49,2117.62,2088.24,2112.44,1843623552
2009-11-09,2128.46,2154.06,2128.15,2154.06,2044436864
2009-11-10,2147.24,2160.64,2141.27,2151.08,2021206784
2009-11-11,2166.53,2177.91,2155.25,2166.9,1896601984
2009-11-12,2166.98,2179.19,2145.83,2149.02,2235476224
2009-11-13,2156.68,2172.05,2145.92,2167.88,1914504832
2009-11-16,2177.31,2205.32,2177,2197.85,2124668288
2009-11-17,2190.12,2203.78,2185.55,2203.78,1914150400
2009-11-18,2199.87,2200.15,2180.17,2193.14,2007326208
2009-11-19,2176.37,2176.51,2141.59,2156.82,2284610304
2009-11-20,2145.07,2150.08,2137.06,2146.04,1980020736
2009-11-23,2168.95,2189.5,2168.77,2176.01,1869670272
2009-11-24,2174.69,2175.15,2155.22,2169.18,1876444928
2009-11-25,2174,2178.62,2170.06,2176.05,1416045696
2009-11-27,2115.96,2155.41,2113.99,2138.44,972038720
2009-11-30,2135.93,2146.93,2120.7,2144.6,2028606208
2009-12-01,2162.23,2182.24,2162.23,2175.81,2199957760
2009-12-02,2178.51,2198.55,2177.82,2185.03,2081951616
2009-12-03,2190.42,2203.75,2172.04,2173.14,2023405056
2009-12-04,2203.75,2214.39,2169.66,2194.35,2340520960
2009-12-07,2191.35,2201.42,2183.13,2189.61,1895265664
2009-12-08,2174.72,2187.19,2160.43,2172.99,2009088000
2009-12-09,2170.02,2185.7,2155.96,2183.73,1923289600
2009-12-10,2194.9,2202.84,2187.08,2190.86,1966148096
2009-12-11,2200.96,2202.4,2179.51,2190.31,1762508928
2009-12-14,2202.31,2212.56,2193.2,2212.1,1860570112
2009-12-15,2203.54,2217.63,2197.76,2201.05,1975737344
2009-12-16,2210.35,2220.46,2203.33,2206.91,2115145472
2009-12-17,2193.5,2198.51,2178.05,2180.05,1946760320
2009-12-18,2197.57,2213.18,2190.69,2211.69,3194345984
2009-12-21,2224.04,2242.22,2224.04,2237.66,1844458112
2009-12-22,2242.61,2253.73,2241.33,2252.67,1751327232
2009-12-23,2257.21,2271.33,2253.67,2269.64,1603042304
2009-12-24,2273.95,2285.89,2273.4,2285.69,632669568
2009-12-28,2290.04,2295.8,2280.56,2291.08,1249068416
2009-12-29,2293.94,2294.75,2286.57,2288.4,1198998656
2009-12-30,2284.56,2293.02,2280.16,2291.28,1314963328
2009-12-31,2292.92,2293.59,2269.11,2269.15,1254659200
2010-01-04,2294.41,2311.15,2294.41,2308.42,1955917440
2010-01-05,2307.27,2313.73,2295.62,2308.71,2395550208
2010-01-06,2307.71,2314.07,2295.68,2301.09,2277304576
2010-01-07,2298.09,2301.3,2285.22,2300.05,2308087296
2010-01-08,2292.24,2317.6,2290.61,2317.17,2166563072
2010-01-11,2324.78,2326.28,2302.21,2312.41,2094853376
2010-01-12,2297.28,2298.85,2272.7,2282.31,2404073984
2010-01-13,2289.46,2313.03,2274.12,2307.9,2348553984
2010-01-14,2303.31,2322.56,2303.29,2316.74,2301493504
2010-01-15,2316.98,2322.54,2279.2,2287.99,2685824256
2010-01-19,2291.02,2320.4,2290.68,2320.4,2079967232
2010-01-20,2304.31,2304.47,2268.68,2291.25,2395161856
2010-01-21,2298.23,2308.98,2259.82,2265.7,2915450368
2010-01-22,2255.76,2262.27,2200.37,2205.29,2841029632
2010-01-25,2220.29,2223.22,2201.17,2210.8,2187412992
2010-01-26,2203.44,2227.89,2195.44,2203.73,2406875904
2010-01-27,2200.3,2225.67,2192.59,2221.41,2492887040
2010-01-28,2220.31,2220.87,2166.9,2179,2906601216
2010-01-29,2198.26,2202.84,2140.34,2147.35,3164490240
2010-02-01,2155.81,2171.2,2152.26,2171.2,2234145792
2010-02-02,2171.66,2193.66,2161.47,2190.06,2508011520
2010-02-03,2181.01,2194.53,2176.75,2190.91,2342540544
2010-02-04,2176.39,2178.25,2125.43,2125.43,2836818176
2010-02-05,2131.92,2142.27,2100.17,2141.12,2836145664
2010-02-08,2140.1,2152.64,2125.11,2126.05,2059284864
2010-02-09,2153.1,2166.16,2132.58,2150.87,2242082304
2010-02-10,2147.46,2156.36,2131.08,2147.87,2039927936
2010-02-11,2145.09,2179.54,2134.14,2177.41,2149687552
2010-02-12,2157.69,2184.57,2151.99,2183.53,2236217344
2010-02-16,2200.38,2214.19,2189.18,2214.19,2008953856
2010-02-17,2222.87,2226.32,2212.78,2226.29,2069575296
2010-02-18,2223.22,2243.5,2221.14,2241.71,2063213056
2010-02-19,2233.33,2249.8,2228.93,2243.87,2144188032
2010-02-22,2250.92,2251.68,2235.65,2242.03,1947655936
2010-02-23,2238.01,2239.8,2205.7,2213.44,2285743872
2010-02-24,2222.4,2241.69,2221.28,2235.9,2137907712
2010-02-25,2208.62,2236.21,2198.73,2234.22,2274409472
2010-02-26,2234.44,2242.83,2222.23,2238.26,2284504576
2010-03-01,2247.4,2274.02,2247.33,2273.57,2460558080
2010-03-02,2279.07,2292.49,2275.35,2280.79,2790878208
2010-03-03,2284.82,2293.32,2275.25,2280.68,2547431680
2010-03-04,2282.57,2293.16,2273.63,2292.31,2149960192
2010-03-05,2304.01,2327.03,2301.1,2326.35,2367324672
2010-03-08,2326.25,2335.43,2326.11,2332.21,2193359104
2010-03-09,2325.78,2353.07,2325.74,2340.68,2566212864
2010-03-10,2340.95,2361.66,2340.69,2358.95,2503073536
2010-03-11,2351.11,2368.46,2347.53,2368.46,2186190336
2010-03-12,2376.07,2376.28,2358.08,2367.66,2036014080
2010-03-15,2361.92,2367.4,2345.99,2362.21,1912510080
2010-03-16,2367.32,2378.84,2360.67,2378.01,2153216000
2010-03-17,2381.65,2400.09,2381.47,2389.09,2227270400
2010-03-18,2387.54,2393.87,2383.26,2391.28,2091388672
2010-03-19,2391.2,2396.92,2364.53,2374.41,3016145920
2010-03-22,2360.35,2401.21,2358,2395.4,2329295104
2010-03-23,2397.9,2416.51,2390.04,2415.24,2309618688
2010-03-24,2406.72,2408.64,2396.92,2398.76,2322236672
2010-03-25,2415.24,2432.25,2397.36,2397.41,2596896512
2010-03-26,2406.73,2412.92,2384.69,2395.13,2258465792
2010-03-29,2403.77,2411.18,2398.4,2404.36,1890191104
2010-03-30,2406.69,2417.36,2395.8,2410.69,2073122816
2010-03-31,2402.98,2415.44,2395.34,2397.96,2398860032
2010-04-01,2411.68,2423.43,2383.77,2402.58,2281689088
2010-04-05,2409.48,2429.61,2403.88,2429.53,2048298368
2010-04-06,2420.33,2443.5,2417.77,2436.81,2122093952
2010-04-07,2433.1,2442.27,2418.73,2431.16,2890701568
2010-04-08,2423.99,2441.12,2413.74,2436.81,2343521024
2010-04-09,2441.31,2454.11,2432.94,2454.05,2041810560
2010-04-12,2455.4,2463.17,2450.15,2457.87,2061967488
2010-04-13,2454.95,2467.94,2445.26,2465.99,2558479616
2010-04-14,2481.8,2504.86,2480.43,2504.86,3048264704
2010-04-15,2503.41,2517.82,2502.51,2515.69,2765684736
2010-04-16,2505.38,2510.06,2467.68,2481.26,2882507520
2010-04-19,2477.8,2487.67,2451.72,2480.11,2158517760
2010-04-20,2492.72,2501.25,2480.7,2500.31,2105129728
2010-04-21,2506.61,2510.5,2490.19,2504.61,2644937216
2010-04-22,2483.52,2521.02,2468.26,2519.07,2728098048
2010-04-23,2514.85,2530.15,2507.6,2530.15,2434851328
2010-04-26,2529.85,2535.28,2521.51,2522.95,2386476800
2010-04-27,2512.58,2525.7,2466.53,2471.47,2766928640
2010-04-28,2483.03,2484.15,2456.63,2471.73,2716859904
2010-04-29,2487.33,2513.69,2483.5,2511.92,2997384960
2010-04-30,2509.99,2514.37,2461.09,2461.19,2793138944
2010-05-03,2472.32,2503,2472.32,2498.74,2336490752
2010-05-04,2465.55,2465.55,2411.28,2424.25,3007107072
2010-05-05,2395.21,2421.05,2382.07,2402.29,2980217088
2010-05-06,2391.21,2407.79,2185.75,2319.64,4478539264
2010-05-07,2308.71,2330.65,2228.06,2265.64,4185426176
2010-05-10,2365.97,2379.87,2349.4,2374.67,2869847808
2010-05-11,2347.7,2405.26,2345.5,2375.31,2493289216
2010-05-12,2388.64,2426.47,2384.69,2425.02,2308334848
2010-05-13,2416.36,2434.29,2387.59,2394.36,2321865472
2010-05-14,2373.88,2374.53,2323.63,2346.85,2604644864
2010-05-17,2352.77,2364.65,2304.28,2354.23,2414770176
2010-05-18,2372.84,2374.91,2309.22,2317.26,2428810240
2010-05-19,2307.78,2324.99,2270.62,2298.37,2588426752
2010-05-20,2245.56,2253.04,2203.5,2204.01,3371858432
2010-05-21,2169.58,2243,2165.79,2229.04,3359069440
2010-05-24,2220.6,2244.67,2212.37,2213.55,2077936128
2010-05-25,2157.45,2211.94,2140.53,2210.95,2903145216
2010-05-26,2226.24,2257.33,2190.44,2195.88,3081207552
2010-05-27,2244.82,2278.37,2239.72,2277.68,2392125440
2010-05-28,2275.19,2277.1,2241.52,2257.04,2185764864
2010-06-01,2244.79,2277.39,2220.89,2222.33,2151189248
2010-06-02,2234.59,2281.07,2221.07,2281.07,2179624960
2010-06-03,2285.76,2307.47,2274.88,2303.03,2206732288
2010-06-04,2257.05,2278.58,2212.3,2219.17,2350031104
2010-06-07,2226.6,2232.89,2172.25,2173.9,2217523200
2010-06-08,2176.07,2183.1,2139.46,2170.57,2660944896
2010-06-09,2184.78,2208.65,2152.67,2158.85,2277748992
2010-06-10,2188.71,2219.65,2185.98,2218.71,2168023296
2010-06-11,2199.4,2243.6,2196.91,2243.6,1824646272
2010-06-14,2263.66,2278.96,2242,2243.96,1899245312
2010-06-15,2256.48,2307.98,2256.44,2305.88,2257801728
2010-06-16,2293.56,2317.75,2290.26,2305.93,1946411136
2010-06-17,2316.59,2318.27,2288.59,2307.16,1777049472
2010-06-18,2308.94,2321.99,2301.48,2309.8,2060557568
2010-06-21,2341.11,2341.11,2277.73,2289.09,1911339008
2010-06-22,2296.83,2313.72,2259.59,2261.8,1902038144
2010-06-23,2264.41,2271.74,2236.99,2254.23,1893307136
2010-06-24,2246.2,2247.42,2213.5,2217.42,2055848704
2010-06-25,2224.73,2240.88,2205.92,2223.48,3540349952
2010-06-28,2227.43,2241.64,2208.37,2220.65,1835645312
2010-06-29,2183.92,2185.3,2122.67,2135.18,2789542144
2010-06-30,2134.03,2153.36,2105.26,2109.24,2229297664
2010-07-01,2110.75,2117.94,2061.14,2101.36,2684100864
2010-07-02,2105.5,2110.66,2077.71,2091.79,1647075712
2010-07-06,2122.28,2136.3,2077.77,2093.88,2185501440
2010-07-07,2099.66,2159.79,2098.11,2159.47,2190604800
2010-07-08,2174.96,2181.3,2150.19,2175.4,2072043264
2010-07-09,2174.2,2196.95,2170.76,2196.45,1611281024
2010-07-12,2194.12,2213.39,2183.52,2198.36,1781255680
2010-07-13,2221.25,2248.16,2212.97,2242.03,2347598848
2010-07-14,2246.99,2260.33,2235.15,2249.84,2170388224
2010-07-15,2247.76,2253.33,2218.92,2249.08,1989202688
2010-07-16,2231.71,2236.66,2177.51,2179.05,2188542464
2010-07-19,2185.81,2201.29,2171.2,2198.23,1756038016
2010-07-20,2165.35,2222.61,2159.95,2222.49,1957777408
2010-07-21,2236.13,2236.37,2183.22,2187.33,2245542144
2010-07-22,2216.04,2251.42,2216.04,2245.89,2281054720
2010-07-23,2234.34,2269.47,2227.5,2269.47,2431395584
2010-07-26,2271.62,2296.43,2262.96,2296.43,2188979712
2010-07-27,2306.62,2307.6,2280.72,2288.25,2073532160
2010-07-28,2284.62,2292.24,2257.76,2264.56,1877473152
2010-07-29,2279.07,2282.94,2228.52,2251.69,2341117184
2010-07-30,2227.29,2264.81,2218.61,2254.7,2172149760
2010-08-02,2283.32,2299.24,2274.27,2295.36,1974891776
2010-08-03,2291.75,2295.03,2272.33,2283.52,2020046336
2010-08-04,2291.09,2305.07,2283.21,2303.57,2044583424
2010-08-05,2291.22,2298.86,2281.68,2293.06,1795558656
2010-08-06,2267.42,2291.15,2253.92,2288.47,1883897856
2010-08-09,2298.81,2309.43,2289.03,2305.69,1635603712
2010-08-10,2280.06,2290.51,2261.5,2277.17,2056754304
2010-08-11,2236.93,2236.93,2204.94,2208.63,2319322624
2010-08-12,2164.64,2197.97,2163.07,2190.27,2211491840
2010-08-13,2183.09,2190.27,2173.48,2173.48,1623953024
2010-08-16,2161.31,2193.84,2155.66,2181.87,1636439424
2010-08-17,2197.09,2225.08,2193.42,2209.44,1761678336
2010-08-18,2205.3,2228.9,2196.11,2215.7,1693790080
2010-08-19,2204.8,2211.73,2168.74,2178.95,2124019968
2010-08-20,2172.26,2182.67,2159.54,2179.76,1913865216
2010-08-23,2188.39,2200.52,2159.44,2159.63,1722462208
2010-08-24,2131,2144.2,2113.71,2123.76,2171960576
2010-08-25,2109.15,2148.35,2102.26,2141.54,2049096064
2010-08-26,2148.49,2154.32,2116.82,2118.69,1839514880
2010-08-27,2134.16,2154.99,2099.29,2153.63,2169650432
2010-08-30,2145.76,2154.47,2119.93,2119.97,1614811136
2010-08-31,2109.76,2128.9,2101.52,2114.03,2140240256
2010-09-01,2142.75,2177.5,2141.95,2176.84,2168578048
2010-09-02,2178.99,2200.01,2173.71,2200.01,1696753664
2010-09-03,2227.96,2235.57,2213.56,2233.75,1662947456
2010-09-07,2227.26,2231.28,2206.62,2208.89,1710451200
2010-09-08,2216.07,2237.42,2215.9,2228.87,2029450880
2010-09-09,2251.09,2251.98,2229.8,2236.2,1724409728
2010-09-10,2239.08,2246.6,2229.12,2242.48,1708365952
2010-09-13,2263.8,2289.49,2263.69,2285.71,1984896896
2010-09-14,2281.31,2302.57,2274.57,2289.77,2106686976
2010-09-15,2283.17,2304.6,2276.32,2301.32,2085158016
2010-09-16,2297.51,2304.95,2288.71,2303.25,1836300544
2010-09-17,2318.42,2320.37,2301.82,2315.61,2598993152
2010-09-20,2322.8,2358.9,2317.89,2355.83,2021309952
2010-09-21,2355.27,2366.76,2341.82,2349.35,2156948736
2010-09-22,2339.91,2355.91,2323.55,2334.55,2211444736
2010-09-23,2316.71,2353.79,2316.11,2327.08,1958973440
2010-09-24,2356.26,2381.22,2353.5,2381.22,2028369024
2010-09-27,2379.73,2386.01,2368.65,2369.77,1894621568
2010-09-28,2373.13,2383.67,2339.5,2379.59,2150123520
2010-09-29,2372.37,2382.15,2366.19,2376.56,2116667008
2010-09-30,2390.96,2400.06,2354.22,2368.62,2467969024
2010-10-01,2386.82,2389.45,2359.32,2370.75,1941539712
2010-10-04,2362.25,2370.87,2332.46,2344.52,1925765248
2010-10-05,2368.52,2402.42,2366.06,2399.83,2251211520
2010-10-06,2395.16,2399.13,2368.43,2380.66,2133545472
2010-10-07,2391.63,2392.74,2368.25,2383.67,1864847360
2010-10-08,2384.76,2406.67,2370.53,2401.91,2019331840
2010-10-11,2403.46,2413.03,2397.57,2402.33,1562745472
2010-10-12,2397.7,2421.79,2379.39,2417.92,2000569728
2010-10-13,2432.55,2452.54,2426.52,2441.23,2318881280
2010-10-14,2441.21,2445.85,2422.07,2435.38,2044770176
2010-10-15,2461.7,2468.77,2438.03,2468.77,2256464640
2010-10-18,2470.12,2480.95,2462.55,2480.66,1795789568
2010-10-19,2442.21,2480.95,2422.14,2436.95,2268959232
2010-10-20,2443.2,2469.72,2441.07,2457.39,2061546624
2010-10-21,2470.72,2482.14,2436.34,2459.67,2180356608
2010-10-22,2461.6,2479.39,2459.43,2479.39,1684824832
2010-10-25,2491.62,2507.03,2490.11,2490.85,1778337536
2010-10-26,2476.51,2503.03,2470.12,2497.29,1940514816
2010-10-27,2484.09,2505.35,2478.01,2503.26,2035120768
2010-10-28,2516.16,2516.2,2489.76,2507.37,2033481856
2010-10-29,2505.99,2517.5,2505.86,2507.41,2098327040
2010-11-01,2520.45,2532.37,2491.46,2504.84,1922046720
2010-11-02,2525.94,2534.88,2518.29,2533.52,1934149120
2010-11-03,2532.83,2541.42,2511.31,2540.27,2018468608
2010-11-04,2569.27,2579.62,2564.05,2577.34,2543724544
2010-11-05,2577.63,2582.18,2568.78,2578.98,2114806784
2010-11-08,2570.86,2583.3,2566.78,2580.05,1844397568
2010-11-09,2587.08,2592.94,2552.93,2562.98,2204839936
2010-11-10,2564.31,2578.78,2545.47,2578.78,2056770048
2010-11-11,2534.24,2559.99,2524.12,2555.52,2572153344
2010-11-12,2540.47,2552.24,2506.4,2518.21,2206663680
2010-11-15,2529.02,2534.56,2512.35,2513.82,1876705408
2010-11-16,2494.21,2503.29,2459.79,2469.84,2261299456
2010-11-17,2471.27,2486.16,2467.19,2476.01,1836971648
2010-11-18,2504.41,2526.83,2502.5,2514.4,2083068160
2010-11-19,2510.79,2520.94,2499.92,2518.12,1880012160
2010-11-22,2509.39,2532.02,2501.3,2532.02,1872867072
2010-11-23,2504.21,2510.09,2483.19,2494.95,1916829184
2010-11-24,2519.89,2545.41,2519.89,2543.12,1648652416
2010-11-26,2525.91,2541.49,2522.4,2534.56,628437376
2010-11-29,2522.24,2531.03,2496.83,2525.22,1711761536
2010-11-30,2497.12,2510.71,2488.61,2498.23,2429704704
2010-12-01,2535.19,2558.29,2535.19,2549.43,2133360256
2010-12-02,2553.68,2580.59,2551.82,2579.35,2053117056
2010-12-03,2569.02,2593.68,2567.88,2591.46,1840193280
2010-12-06,2591.28,2599.19,2584.09,2594.92,1639821184
2010-12-07,2623.15,2623.6,2597.45,2598.49,1936799872
2010-12-08,2604.57,2612.37,2592.89,2609.16,1788404096
2010-12-09,2623.15,2624.84,2606.24,2616.67,1953707904
2010-12-10,2623.28,2639.41,2615.43,2637.54,1758487680
2010-12-13,2645.35,2645.79,2624.56,2624.91,1854126336
2010-12-14,2631.34,2636.85,2621.05,2627.72,1876192896
2010-12-15,2625.81,2643.11,2613.15,2617.22,1888903936
2010-12-16,2620.56,2639.68,2613.72,2637.31,1812273152
2010-12-17,2643.35,2651.35,2637.08,2642.97,2745126912
2010-12-20,2651.98,2658.8,2634.56,2649.56,1735077760
2010-12-21,2658.94,2669.01,2655.95,2667.61,1681103744
2010-12-22,2669,2675.26,2666.63,2671.48,1636501248
2010-12-23,2667.42,2671.63,2661.17,2665.6,1276440704
2010-12-27,2657.09,2670.57,2645.38,2667.27,1112892288
2010-12-28,2671.85,2673.02,2658.21,2662.88,1145858688
2010-12-29,2667.18,2671.23,2664.51,2666.93,1133962624
2010-12-30,2665.68,2671.11,2661.83,2662.98,1091587584
2010-12-31,2660.58,2662.39,2649.04,2652.87,1050254528
2011-01-03,2676.65,2704.86,2676.34,2691.52,1954400128
2011-01-04,2699.86,2700.88,2663.64,2681.25,2034894208
2011-01-05,2673.91,2702.2,2671.89,2702.2,2082212352
2011-01-06,2704.38,2712.35,2697.73,2709.89,2122972544
2011-01-07,2712.75,2715.96,2676.36,2703.17,1994924544
2011-01-10,2691.47,2712.32,2682.25,2707.8,1909829632
2011-01-11,2719.6,2722.75,2706.58,2716.83,1913454976
2011-01-12,2731.45,2737.33,2722.32,2737.33,1887035392
2011-01-13,2734.93,2742.42,2727.14,2735.29,1960752768
2011-01-14,2732.48,2755.3,2729.62,2755.3,2034477312
2011-01-18,2744.8,2766.17,2744.26,2765.85,2050828288
2011-01-19,2762.81,2764.35,2717.79,2725.36,2191839488
2011-01-20,2712.4,2714.1,2686.59,2704.29,2343602432
2011-01-21,2716.92,2722.74,2688.53,2689.54,1942447104
2011-01-24,2693.03,2719.73,2687.97,2717.55,1926345856
2011-01-25,2704.25,2719.34,2697.51,2719.25,1956042368
2011-01-26,2724.52,2746.03,2717.63,2739.5,2057216512
2011-01-27,2745.16,2763.64,2740.3,2755.28,2044099200
2011-01-28,2755.28,2755.28,2679.57,2686.89,2414611200
2011-01-31,2693.3,2706.3,2676.87,2700.08,1991863168
2011-02-01,2717.61,2755.97,2716.64,2751.19,2293918464
2011-02-02,2744.68,2758.51,2743.76,2749.56,2037425664
2011-02-03,2746.74,2757.54,2725.78,2753.88,1956628096
2011-02-04,2755.85,2769.7,2747.86,2769.3,1977800704
2011-02-07,2773.26,2796.5,2772.81,2783.99,1792441856
2011-02-08,2782.41,2797.05,2776.35,2797.05,1816377472
2011-02-09,2791.13,2798.91,2780.89,2789.07,1977454720
2011-02-10,2764.76,2791.43,2762.34,2790.45,2522517504
2011-02-11,2783.16,2810.56,2778.21,2809.44,2076856960
2011-02-14,2810.19,2819.87,2808.27,2817.18,1985633792
2011-02-15,2809.02,2813.13,2798.83,2804.35,2034250496
2011-02-16,2814.91,2828.19,2811.52,2825.56,2300203776
2011-02-17,2816.12,2835.2,2815.08,2831.58,1960468608
2011-02-18,2833.35,2840.51,2823.65,2833.95,2123684992
2011-02-22,2795.44,2808.18,2752.75,2756.42,2284211456
2011-02-23,2755.2,2761.7,2705.54,2722.99,2498472192
2011-02-24,2726.59,2745.29,2707.63,2737.9,2119965696
2011-02-25,2752.16,2781.12,2751.81,2781.05,1894895104
2011-02-28,2791.28,2798.43,2767.61,2782.27,2058003968
2011-03-01,2791.08,2791.23,2730.72,2737.41,2250718720
2011-03-02,2735.05,2763.95,2734.08,2748.07,1990634880
2011-03-03,2774.48,2802.32,2774.48,2798.74,2016836608
2011-03-04,2797.64,2798.07,2768.12,2784.67,1945196032
2011-03-07,2793.19,2794.82,2724.51,2745.63,2212995584
2011-03-08,2745.23,2775.41,2729.85,2765.77,1869438720
2011-03-09,2756.34,2761.77,2737.68,2751.72,2011030656
2011-03-10,2719.29,2721.21,2695.08,2701.02,2393305600
2011-03-11,2689.65,2724.61,2689.41,2715.61,1879066624
2011-03-14,2695.49,2715.22,2682.09,2700.97,1823125760
2011-03-15,2619.4,2680.57,2618.5,2667.33,2392757248
2011-03-16,2652.92,2669.27,2603.5,2616.82,2612267776
2011-03-17,2656.08,2660.5,2634.18,2636.05,2012138368
2011-03-18,2665.54,2665.56,2639.76,2643.67,2706641920
2011-03-21,2675.47,2699.7,2674.99,2691.65,2849773056
2011-03-22,2692.13,2695.46,2679.41,2683.87,1683106304
2011-03-23,2677.56,2704.3,2660.17,2698.3,1724788096
2011-03-24,2715.88,2740.39,2703.42,2736.42,1936319872
2011-03-25,2746.34,2762.55,2740.17,2743.06,1791940608
2011-03-28,2752.33,2754.63,2730.68,2730.68,1690598375
2011-03-29,2727.83,2756.89,2720.19,2756.89,1647408625
2011-03-30,2772.36,2779.95,2763.77,2776.79,1833253875
2011-03-31,2774.23,2783.98,2769.52,2781.07,1945308375
2011-04-01,2796.67,2802.63,2779.71,2789.6,2134032250
2011-04-04,2796.26,2799.73,2778.87,2789.19,1724333625
2011-04-05,2787.78,2806.2,2785.27,2791.19,1974929000
2011-04-06,2808.11,2815.55,2786.8,2799.82,2015405500
2011-04-07,2799.59,2813.22,2781.13,2796.14,1822130250
2011-04-08,2806.29,2808.56,2772.4,2780.42,1658801625
2011-04-11,2789.49,2792.95,2760.84,2771.51,2070206000
2011-04-12,2755.89,2760.6,2737.07,2744.79,1830316625
2011-04-13,2762.69,2772.05,2744.85,2761.52,1785564000
2011-04-14,2743.12,2762.18,2733.68,2760.22,1733199375
2011-04-15,2752.87,2769.29,2743.75,2764.65,1810399750
2011-04-18,2731.22,2737.46,2706.5,2735.38,1821579000
2011-04-19,2741.35,2746.18,2727.12,2744.97,1723695125
2011-04-20,2788.84,2802.99,2785.98,2802.51,2139298000
2011-04-21,2820.77,2820.77,2808.55,2820.16,1888647375
2011-04-25,2820.28,2826.26,2813.2,2825.88,1491749500
2011-04-26,2832.48,2856.61,2829,2847.54,2079486000
2011-04-27,2853.88,2870.8,2842.61,2869.88,2097381000
2011-04-28,2862.82,2874.59,2859.62,2872.53,2011462625
2011-04-29,2869.74,2876.83,2863.04,2873.54,2749611250
2011-05-02,2881.28,2887.75,2859.84,2864.08,2079653375
2011-05-03,2859.3,2861.95,2825.5,2841.62,2234103750
2011-05-04,2842.92,2848.16,2808.79,2828.23,2250615000
2011-05-05,2812.83,2845.85,2804.82,2814.72,2241177750
2011-05-06,2840.71,2859.25,2818.65,2827.56,2054545500
2011-05-09,2828.24,2850.39,2823.67,2843.25,1656821625
2011-05-10,2851.91,2873.64,2850.01,2871.89,2036290000
2011-05-11,2867.16,2874.61,2829.68,2845.06,2290372500
2011-05-12,2833.67,2865.86,2819.37,2863.04,2233684250
2011-05-13,2859.7,2861.51,2827.51,2828.47,1931013875
2011-05-16,2815.9,2828.14,2779.54,2782.31,2099398750
2011-05-17,2769.17,2783.61,2759.29,2783.21,2233846250
2011-05-18,2782.65,2817.15,2780.83,2815,1904806375
2011-05-19,2824.05,2828.41,2805.12,2823.31,1791491250
2011-05-20,2815.96,2821.44,2796.27,2803.32,1798408625
2011-05-23,2761.96,2770.51,2750.64,2758.9,1815408625
2011-05-24,2766.7,2767.5,2744.01,2746.16,1900227625
2011-05-25,2739.99,2771.38,2739.85,2761.38,1914069500
2011-05-26,2756.31,2787.33,2756.06,2782.92,1927562250
2011-05-27,2789.02,2801.15,2788.29,2796.86,1668831125
2011-05-31,2824.25,2835.34,2808.6,2835.3,2589172750
2011-06-01,2829.39,2834.05,2767.63,2769.19,2317049500
2011-06-02,2773.76,2784.57,2759.17,2773.31,1928090875
2011-06-03,2740.49,2762.56,2730.63,2732.78,1980615250
2011-06-06,2728.31,2736.66,2702.2,2702.56,1898800375
2011-06-07,2712.79,2723.32,2701.17,2701.56,1868349750
2011-06-08,2693.69,2698.08,2671.09,2675.38,2105857000
2011-06-09,2678.52,2696.69,2670.02,2684.87,1720862750
2011-06-10,2675.1,2676.72,2641.64,2643.73,1988536250
2011-06-13,2649.3,2657.77,2629.61,2639.69,1861909375
2011-06-14,2662.73,2685.65,2662.73,2678.72,1746771000
2011-06-15,2653.17,2669.75,2625.86,2631.46,2004668750
2011-06-16,2631.98,2642.65,2599.88,2623.7,1985733750
2011-06-17,2646.29,2648.54,2608.99,2616.48,2491541250
2011-06-20,2608.05,2636.55,2607.74,2629.66,1651310875
2011-06-21,2640.33,2688.5,2634.04,2687.26,1928330000
2011-06-22,2677.18,2693.23,2668.35,2669.19,1627536500
2011-06-23,2638.6,2688.07,2627.47,2686.75,2081759250
2011-06-24,2681.1,2682.41,2647.46,2652.89,4036700250
2011-06-27,2653.07,2697.34,2647.55,2688.28,1729619875
2011-06-28,2694.26,2729.94,2692.45,2729.31,1706669125
2011-06-29,2736.76,2746.62,2722.26,2740.49,1825070875
2011-06-30,2749.37,2776.56,2749.11,2773.52,1884700625
2011-07-01,2775.08,2818.19,2769.06,2816.03,1685064500
2011-07-05,2817.87,2828.53,2810,2825.77,1572377375
2011-07-06,2821.42,2838.85,2812.8,2834.02,1658028000
2011-07-07,2856.25,2878.94,2853.9,2872.66,1892126125
2011-07-08,2841.29,2860.02,2831.16,2859.81,1624240000
2011-07-11,2828.1,2841.12,2795.54,2802.62,1784144625
2011-07-12,2798.75,2807.57,2780.16,2781.91,2034454750
2011-07-13,2800.88,2825.86,2789.57,2796.92,1907240125
2011-07-14,2804.82,2817.38,2755.9,2762.67,2023066125
2011-07-15,2787.33,2790.16,2768.28,2789.8,1828953500
2011-07-18,2777.61,2783.76,2743.79,2765.11,1777009000
2011-07-19,2790.98,2828.65,2790.98,2826.52,1923911375
2011-07-20,2839.39,2839.65,2808.18,2814.23,1884294125
2011-07-21,2818.79,2847.41,2807.71,2834.43,2299328750
2011-07-22,2834.46,2862.72,2830.58,2858.83,1671617125
2011-07-25,2832.11,2859.4,2828.91,2842.8,1634070375
2011-07-26,2842.74,2851.72,2832.27,2839.96,1759016625
2011-07-27,2823.62,2823.86,2761,2764.79,2404682750
2011-07-28,2765.61,2800.11,2757.85,2766.25,2105143250
2011-07-29,2736.67,2780.58,2724.99,2756.38,2333920000
2011-08-01,2791.45,2796.24,2716.3,2744.61,2242922250
2011-08-02,2728.29,2745.78,2668.68,2669.24,2362206500
2011-08-03,2673.97,2695.37,2621.67,2693.07,2640732500
2011-08-04,2648.38,2653.79,2556.38,2556.39,3328016750
2011-08-05,2580.3,2592.04,2464.87,2532.41,3774773000
2011-08-08,2447.3,2489.39,2357.69,2357.69,4055974500
2011-08-09,2402.13,2483.66,2331.65,2482.52,3885114500
2011-08-10,2425.55,2461.28,2378.08,2381.05,3465336500
2011-08-11,2415.54,2516.39,2399.56,2492.68,3202898500
2011-08-12,2507.01,2524.09,2481.5,2507.98,2252491750
2011-08-15,2522.04,2555.2,2514.52,2555.2,1976015000
2011-08-16,2526.48,2546.74,2494.55,2523.45,2114459750
2011-08-17,2527.79,2549.11,2488.09,2511.48,1939613875
2011-08-18,2436.38,2437.01,2362.97,2380.43,2823415250
2011-08-19,2353.32,2415.18,2338.66,2341.84,2402771500
2011-08-22,2396.88,2397.34,2337.28,2345.38,1983095500
2011-08-23,2360.95,2446.06,2349.08,2446.06,2192765500
2011-08-24,2437.48,2470.8,2420.48,2467.69,1919786125
2011-08-25,2470.96,2482.9,2415.24,2419.63,1840831125
2011-08-26,2408.79,2486.04,2385.27,2479.85,1871677250
2011-08-29,2510.99,2562.58,2510.13,2562.11,1648363500
2011-08-30,2547.07,2589.53,2534.68,2576.11,1891909250
2011-08-31,2589.75,2611.58,2557.74,2579.46,2051362375
2011-09-01,2583.34,2604.5,2543.56,2546.04,1789330125
2011-09-02,2497.28,2512.78,2469.35,2480.33,1605523750
2011-09-06,2417.61,2477.77,2414.31,2473.83,1766583125
2011-09-07,2511.5,2548.94,2507.52,2548.94,1835401625
2011-09-08,2533.81,2568.45,2520.8,2529.14,2009100875
2011-09-09,2508.12,2518.4,2452.93,2467.99,2076357750
2011-09-12,2442.86,2495.36,2438.4,2495.09,2019385125
2011-09-13,2502.59,2537.4,2494.07,2532.15,1957105875
2011-09-14,2548.45,2600.78,2519.8,2572.55,2354276000
2011-09-15,2595.45,2608.95,2569.78,2607.07,2002054000
2011-09-16,2607.12,2627.28,2600.96,2622.31,2831026750
2011-09-19,2584.35,2627.34,2564.46,2612.83,1908633875
2011-09-20,2623.89,2643.37,2589.52,2590.24,1949517000
2011-09-21,2601.06,2613.29,2537.46,2538.19,2199359750
2011-09-22,2466.06,2494.31,2420.23,2455.67,2953304500
2011-09-23,2438.63,2490.72,2438.28,2483.23,2006806625
2011-09-26,2496.98,2518.91,2446.12,2516.69,2036288750
2011-09-27,2560.78,2590.94,2532.65,2546.83,2121217000
2011-09-28,2557.86,2569.79,2491.07,2491.58,1954917625
2011-09-29,2535.52,2538.97,2433.58,2480.76,2334017750
2011-09-30,2444.77,2468.98,2415.07,2415.4,2112982250
2011-10-03,2401.33,2430.88,2335.23,2335.83,2596056750
2011-10-04,2312.68,2406.67,2298.89,2404.82,3122944750
2011-10-05,2398.37,2466.5,2380.96,2460.51,2509392750
2011-10-06,2459.05,2507.44,2446.72,2506.82,2268979250
2011-10-07,2509.61,2512.14,2468.6,2479.35,2112650250
2011-10-10,2522.72,2566.05,2519.78,2566.05,1607506000
2011-10-11,2554.7,2587.28,2551.94,2583.03,1684195000
2011-10-12,2606.61,2629.49,2602.31,2604.73,1999906750
2011-10-13,2595.05,2625.22,2588.71,2620.24,1692392750
2011-10-14,2655.23,2667.85,2636,2667.85,1695276500
2011-10-17,2653.32,2658.25,2606.91,2614.92,1728379250
2011-10-18,2614.05,2667.57,2586.31,2657.43,1988896750
2011-10-19,2642.89,2651.88,2597.77,2604.04,2016720500
2011-10-20,2605.42,2606.39,2557.17,2598.62,2095450875
2011-10-21,2630.3,2646.92,2611.11,2637.46,2182513750
2011-10-24,2644.83,2703.07,2643.94,2699.44,2009932375
2011-10-25,2685.86,2685.88,2633.94,2638.42,1837603250
2011-10-26,2660.42,2666.29,2598.74,2650.67,2153615250
2011-10-27,2720.59,2753.37,2694.27,2738.63,2893569500
2011-10-28,2724.03,2742.27,2723.03,2737.15,1868976875
2011-10-31,2705.89,2716.7,2684.13,2684.41,1810505625
2011-11-01,2607.31,2638.6,2597.16,2606.96,2326218000
2011-11-02,2637.56,2648.46,2613.74,2639.98,1974623750
2011-11-03,2666.21,2699.84,2628.22,2697.97,2148489000
2011-11-04,2678.16,2693.67,2655.12,2686.15,1959061750
2011-11-07,2683.38,2697.02,2649.06,2695.25,1960552875
2011-11-08,2712.08,2730.39,2680.93,2727.49,1960552875
2011-11-09,2662.56,2672.34,2617.93,2621.65,1960552875
2011-11-10,2652.01,2652.4,2601.79,2625.15,1960552875
2011-11-11,2653.53,2684.67,2649.85,2678.75,1616241750
2011-11-14,2671.11,2682.13,2647.48,2657.22,1451181875
2011-11-15,2647.91,2695.87,2644,2686.2,1709014750
2011-11-16,2661.09,2688.86,2637.91,2639.61,1905017120
2011-11-17,2637.37,2637.48,2576.22,2587.99,2197320000
2011-11-18,2595.02,2595.84,2567.15,2572.5,1755360000
2011-11-21,2535.34,2539.87,2500.89,2523.14,2069047750
2011-11-22,2517.64,2534.4,2499.19,2521.28,1798109625
2011-11-23,2501.18,2503.38,2460.08,2460.08,1720266250
2011-11-25,2453.03,2477.03,2441.48,2441.51,740202062
2011-11-28,2509.63,2531.32,2507.72,2527.34,1636523250
2011-11-29,2529.11,2542.46,2508.27,2515.51,1625056625
2011-11-30,2586.39,2620.34,2582.49,2620.34,2490659750
2011-12-01,2615.67,2636.08,2611.48,2626.2,1845313000
2011-12-02,2650.8,2659.23,2625.07,2626.93,1658329375
2011-12-05,2666.47,2674.53,2641.59,2655.76,1718956125
2011-12-06,2655.02,2663.63,2639.18,2649.56,1505512875
2011-12-07,2638.61,2660.24,2612.8,2649.21,1680145125
2011-12-08,2633.3,2645.92,2592.55,2596.38,1850892500
2011-12-09,2603.18,2653.46,2603.18,2646.85,1680391875
2011-12-12,2617.32,2617.32,2591.42,2612.26,1579970250
2011-12-13,2629.67,2639.74,2568.44,2579.27,1787847125
2011-12-14,2566.21,2568.44,2525.88,2539.31,1805631250
2011-12-15,2565.93,2565.94,2536.58,2541.01,1757451250
2011-12-16,2554.62,2585.42,2548,2555.33,2857872750
2011-12-19,2564.07,2570.65,2518.01,2523.14,1591607625
2011-12-20,2567.25,2604.52,2566.87,2603.73,1884065000
2011-12-21,2589.77,2590.61,2544.66,2577.97,1875592125
2011-12-22,2584.33,2601.99,2581.92,2599.45,1533918250
2011-12-23,2607.43,2618.84,2599.89,2618.64,971441500
2011-12-27,2613.51,2633.34,2610.77,2625.2,960494500
2011-12-28,2626.19,2626.34,2586.85,2589.98,1090866375
2011-12-29,2596.33,2614.87,2593.04,2613.74,1038912125
2011-12-30,2610.23,2616.46,2604.6,2605.15,1095391875
2012-01-03,2657.39,2665.9,2641.98,2648.72,1665900125
2012-01-04,2639.9,2653.18,2627.23,2648.36,1698855000
2012-01-05,2642.57,2673.56,2631.23,2669.86,1866507500
2012-01-06,2671.17,2682.12,2658.83,2674.22,1745377250
2012-01-09,2682.98,2683.78,2662.96,2676.56,1839966875
2012-01-10,2704.42,2712.5,2694.33,2702.5,1851460375
2012-01-11,2695.77,2714.29,2690.73,2710.76,1742673750
2012-01-12,2716.87,2726.43,2697.32,2724.7,1705953500
2012-01-13,2707.41,2712.93,2689.58,2710.67,1688961250
2012-01-17,2736.34,2742.73,2721.03,2728.08,1866456250
2012-01-18,2731.16,2769.71,2730.05,2769.71,2035416625
2012-01-19,2779.74,2793.35,2777.17,2788.33,2020639125
2012-01-20,2776.04,2787.2,2775.87,2786.7,1985132000
2012-01-23,2786.21,2804.99,2769.82,2784.17,1700273000
2012-01-24,2771.58,2788.38,2766.34,2786.64,1680270125
2012-01-25,2803.23,2822.79,2788.95,2818.31,1970175125
2012-01-26,2828.78,2834.3,2794.78,2805.28,2099828000
2012-01-27,2797.66,2821.55,2797.24,2816.55,1793518750
2012-01-30,2790.4,2816.85,2782.44,2811.94,1679094875
2012-01-31,2825.76,2830.45,2798.77,2813.84,1802551375
2012-02-01,2830.1,2855.73,2825.19,2848.27,2156985000
2012-02-02,2854.1,2868.23,2849.4,2859.68,1912979000
2012-02-03,2888.95,2908.13,2885.84,2905.66,2157563500
2012-02-06,2892.52,2903.03,2887.33,2901.99,1691840250
2012-02-07,2895.91,2910.27,2885.17,2904.08,1794664875
2012-02-08,2906.59,2918.26,2892.71,2915.86,2000845875
2012-02-09,2922.46,2930.68,2904.51,2927.23,2158517250
2012-02-10,2902,2910.98,2895.1,2903.88,1800051250
2012-02-13,2926.21,2933.93,2913.89,2931.39,1628820125
2012-02-14,2921.7,2932.08,2911.6,2931.83,1888375750
2012-02-15,2943.42,2958.19,2911.33,2915.83,2054225125
2012-02-16,2915.67,2961.38,2912.72,2959.85,1957028125
2012-02-17,2958.22,2962.78,2941.55,2951.78,1980680750
2012-02-21,2957.3,2965.05,2934.07,2948.57,1825895875
2012-02-22,2942.77,2950.37,2929.68,2933.17,1711256875
2012-02-23,2933.16,2958.42,2922.96,2956.98,1776999500
2012-02-24,2963.13,2970.88,2958.82,2963.75,1671847500
2012-02-27,2945.87,2976.08,2933.3,2966.16,1778048875
2012-02-28,2969.25,2988.59,2966.61,2986.76,1822114125
2012-02-29,2991.67,3000.11,2961.77,2966.89,2189075000
2012-03-01,2979.11,2996.37,2974.59,2988.97,1911682375
2012-03-02,2986.08,2995.97,2968,2976.19,1760889625
2012-03-05,2969.73,2973.93,2940.52,2950.48,1680687000
2012-03-06,2917.52,2921.77,2900.28,2910.32,1880397250
2012-03-07,2922.57,2940.28,2920.54,2935.69,1591454250
2012-03-08,2954.4,2976.05,2945.73,2970.42,1631925125
2012-03-09,2975.09,2993.98,2973.96,2988.34,1587261625
2012-03-12,2989.05,2994.1,2973.65,2983.66,1343738750
2012-03-13,3003.71,3039.89,2996.46,3039.88,1719735875
2012-03-14,3042.21,3051.37,3024.73,3040.73,1669366500
2012-03-15,3048.58,3059.81,3037.82,3056.37,1688321125
2012-03-16,3058.49,3060.82,3047.69,3055.26,2146069500
2012-03-19,3057.24,3087.1,3050.89,3078.32,1553209125
2012-03-20,3060.93,3078.72,3050.82,3074.15,1532892500
2012-03-21,3077.44,3090.08,3069.09,3075.32,1563464875
2012-03-22,3055,3068.5,3050.7,3063.32,1529811750
2012-03-23,3066.37,3070.93,3044.67,3067.92,1436148375
2012-03-26,3090.52,3122.57,3090.05,3122.57,1632595500
2012-03-27,3124.06,3134.17,3119.03,3120.35,1670148000
2012-03-28,3123.84,3130.56,3086.93,3104.96,1767723625
2012-03-29,3087.25,3099.8,3069.81,3095.36,1767718875
2012-03-30,3110.97,3111.55,3079.05,3091.57,1845637625
2012-04-02,3085.94,3123.03,3079.78,3119.7,1778994250
2012-04-03,3119.65,3128.25,3097.41,3113.57,1814370375
2012-04-04,3085.46,3086.35,3052.58,3068.09,1815702375
2012-04-05,3061.75,3083.38,3061.14,3080.5,1676068375
2012-04-09,3037.28,3058.76,3032.22,3047.08,1376437000
2012-04-10,3044.67,3055.2,2987,2991.22,1958538125
2012-04-11,3020.15,3030.51,3008.75,3016.46,1543623750
2012-04-12,3023.11,3059.26,3020.44,3055.55,1492486625
2012-04-13,3045.08,3045.42,3010.77,3011.33,1490486500
2012-04-16,3027.57,3027.57,2975.87,2988.4,1611238625
2012-04-17,3002.02,3052.76,2999.49,3042.82,1564349750
2012-04-18,3031.82,3045.04,3023.91,3031.45,1625962375
2012-04-19,3028.2,3058.72,2994.94,3007.56,2001612375
2012-04-20,3023.73,3034.69,2999.01,3000.45,1941614500
2012-04-23,2969,2973.38,2946.04,2970.45,1801281125
2012-04-24,2967.37,2979.08,2950.38,2961.6,1705183625
2012-04-25,3013.65,3031.41,3010.57,3029.63,1730173875
2012-04-26,3029.62,3056.77,3027.79,3050.61,1785163375
2012-04-27,3060.34,3076.44,3043.3,3069.2,1807514500
2012-04-30,3060.06,3063.66,3043.25,3046.36,1645181500
2012-05-01,3044.79,3085.4,3041.62,3050.44,1876061750
2012-05-02,3035.07,3061.47,3028.94,3059.85,1853153750
2012-05-03,3061.13,3061.33,3016.2,3024.3,1864521750
2012-05-04,3001.15,3001.48,2956.34,2956.34,1947576875
2012-05-07,2940.41,2970.2,2939.21,2957.76,1749344500
2012-05-08,2939.36,2952.65,2900.06,2946.27,2185717000
2012-05-09,2912.41,2948.77,2900.18,2934.71,2076905250
2012-05-10,2950.21,2950.21,2923.14,2933.64,2020612000
2012-05-11,2919.35,2960.38,2918.74,2933.82,1742127500
2012-05-14,2907.78,2924.89,2898.9,2902.58,1691608250
2012-05-15,2902.3,2930.68,2889.39,2893.76,1835863000
2012-05-16,2904.67,2913.9,2872.25,2874.04,1936406125
2012-05-17,2874.71,2879.22,2813.69,2813.69,2032876000
2012-05-18,2814.43,2827.28,2774.45,2778.79,2707797500
2012-05-21,2782.55,2848.83,2774.76,2847.21,1875500500
2012-05-22,2853.87,2867.34,2823.22,2839.08,1866863500
2012-05-23,2832.17,2855.35,2795.5,2850.12,1948125000
2012-05-24,2856.55,2858.24,2817.62,2839.38,1757859125
2012-05-25,2839.74,2846.31,2829.76,2837.53,1284007250
2012-05-29,2853.27,2882.83,2846.68,2870.99,1670854000
2012-05-30,2847.27,2847.27,2825.64,2837.36,1738815750
2012-05-31,2837.37,2842.43,2801.96,2827.34,2268250250
2012-06-01,2810.13,2810.13,2747.24,2747.48,1978925250
2012-06-04,2747.61,2769.93,2726.68,2760.01,1795207625
2012-06-05,2749.35,2781.97,2749.34,2778.11,1627906750
2012-06-06,2796.23,2844.72,2796.23,2844.72,1596322200
2012-06-07,2872.05,2873.59,2827.82,2831.02,1670672000
2012-06-08,2823.82,2860.94,2814.8,2858.42,1396691125
2012-06-11,2882.49,2882.96,2806.9,2809.73,1512612250
2012-06-12,2815.84,2843.67,2802.38,2843.07,1598636250
2012-06-13,2838.12,2853.17,2810.59,2818.61,1665758000
2012-06-14,2820.63,2842.31,2807.55,2836.33,1641362250
2012-06-15,2839.4,2874.38,2837.94,2872.8,2085309250
2012-06-18,2872.49,2903.03,2853.86,2895.33,1615798625
2012-06-19,2909.87,2940.23,2908.45,2929.76,1845445000
2012-06-20,2932.96,2942.28,2910,2930.45,1571459750
2012-06-21,2929.15,2930.93,2857.1,2859.09,1796820750
2012-06-22,2866.17,2894.35,2863.93,2892.42,3416974750
2012-06-25,2863.89,2863.89,2829.23,2836.16,1509743250
2012-06-26,2845.4,2862.15,2832.02,2854.06,1600776875
2012-06-27,2862.13,2882.4,2860.13,2875.32,1638675875
2012-06-28,2853.89,2855.74,2818.19,2849.49,1770230000
2012-06-29,2902.44,2935.13,2895.6,2935.05,1962111875
2012-07-02,2938.41,2951.23,2925.71,2951.23,1805103625
2012-07-03,2950.81,2976.08,2948.4,2976.08,1028296875
2012-07-05,2970.37,2987.94,2958.3,2976.12,1405995000
2012-07-06,2955.2,2957.5,2921.37,2937.33,1428501125
2012-07-09,2934.49,2942.99,2919.04,2931.77,1439206500
2012-07-10,2945.35,2953.47,2891.42,2902.33,1707227375
2012-07-11,2898.77,2905.51,2866.53,2887.98,1630717875
2012-07-12,2867.08,2876.32,2837.72,2866.19,1712392625
2012-07-13,2874.06,2913.28,2873.39,2908.47,1358718000
2012-07-16,2903.03,2910.2,2888.01,2896.94,1465607250
2012-07-17,2911.46,2916.61,2871.65,2910.04,1763101250
2012-07-18,2904.24,2951.3,2902.95,2942.6,1810939375
2012-07-19,2961.71,2976.22,2952.42,2965.9,1736280375
2012-07-20,2957.02,2957.02,2925.3,2925.3,1815049375
2012-07-23,2877.51,2898.05,2852.88,2890.15,1609483625
2012-07-24,2894.95,2896.56,2847.22,2862.99,1759368875
2012-07-25,2856.78,2870.22,2839.76,2854.24,1793658000
2012-07-26,2896.68,2905.57,2876.01,2893.25,1963723125
2012-07-27,2906.5,2961.87,2900.98,2958.09,2090857625
2012-07-30,2959.07,2970.3,2939.04,2945.84,1488270375
2012-07-31,2945.08,2959.62,2938.41,2939.52,1816832875
2012-08-01,2956.72,2958.28,2917.78,2920.21,1758079500
2012-08-02,2900.46,2934.65,2890.85,2909.77,1841065875
2012-08-03,2951.28,2977.41,2945.81,2967.9,1733723750
2012-08-06,2978.16,3000.24,2974.23,2989.91,1529031375
2012-08-07,3002.66,3028.61,3002.09,3015.86,1905500625
2012-08-08,3003.77,3018.9,3002.41,3011.25,1881049000
2012-08-09,3009.86,3022.69,3007.3,3018.64,1686230125
2012-08-10,3008.83,3020.86,3003.38,3020.86,1592893875
2012-08-13,3018.27,3023.03,2999.12,3022.52,1362211625
2012-08-14,3032.67,3034.16,3009.93,3016.98,1574072375
2012-08-15,3013.33,3032.06,3013.33,3030.93,1550615125
2012-08-16,3037.18,3067.44,3033.28,3062.39,1948743375
2012-08-17,3067.11,3076.72,3060.15,3076.59,1644341625
2012-08-20,3072.66,3076.21,3059.9,3076.21,1456913375
2012-08-21,3085.25,3100.54,3058.74,3067.26,1585663125
2012-08-22,3059.94,3080.73,3053.43,3073.67,1460852750
2012-08-23,3065.82,3070.34,3045.52,3053.4,1391552375
2012-08-24,3045.22,3076.8,3042.22,3069.79,1353250500
2012-08-27,3083.62,3085.81,3068.13,3073.19,1387307750
2012-08-28,3069.4,3083.19,3063.65,3077.14,1379823750
2012-08-29,3078.05,3087.24,3067.62,3081.19,1286976875
2012-08-30,3066.73,3067.54,3045.92,3048.71,1218834375
2012-08-31,3069.64,3078.52,3040.59,3066.96,1402415500
2012-09-04,3063.25,3082.26,3040.24,3075.06,1512572250
2012-09-05,3072.58,3082.75,3062.54,3069.27,1501640625
2012-09-06,3087.94,3135.81,3087.67,3135.81,1928875250
2012-09-07,3133.22,3139.61,3128.17,3136.42,1744533250
2012-09-10,3131.34,3133.89,3102.76,3104.02,1578805875
2012-09-11,3105.02,3117.86,3099.1,3104.53,1591855250
2012-09-12,3115.33,3120.12,3098.82,3114.31,1721564250
2012-09-13,3117.66,3167.63,3112.62,3155.83,1884013125
2012-09-14,3166.24,3195.67,3164.26,3183.95,2027381750
2012-09-17,3183.4,3183.4,3168.63,3178.67,1519046875
2012-09-18,3173.62,3179.37,3169.41,3177.8,1714421125
2012-09-19,3179.04,3189.35,3170.29,3182.62,1883736625
2012-09-20,3166.84,3178.45,3156.46,3175.96,1824222250
2012-09-21,3194.86,3196.93,3178.09,3179.96,2590451250
2012-09-24,3155.35,3167.74,3150.71,3160.78,1711043875
2012-09-25,3170.37,3176.3,3117.73,3117.73,1989856500
2012-09-26,3113.4,3114.54,3080.28,3093.7,1748709000
2012-09-27,3105.87,3142.02,3098.46,3136.6,1708316250
2012-09-28,3125.31,3132.51,3109.91,3116.23,1884135500
2012-10-01,3130.31,3146.99,3103.89,3113.53,1768207625
2012-10-02,3127.73,3131.64,3101.64,3120.04,1640086500
2012-10-03,3130.85,3142.36,3115.04,3135.23,1711108875
2012-10-04,3142.38,3153.48,3132.56,3149.46,1595941000
2012-10-05,3161.21,3171.46,3130.76,3136.19,1611781625
2012-10-08,3121.33,3125.49,3107.57,3112.35,1187999625
2012-10-09,3108.01,3108.01,3062.52,3065.02,1660382750
2012-10-10,3066.25,3071.57,3046.78,3051.78,1796847250
2012-10-11,3075.89,3078.08,3047.14,3049.41,1602241875
2012-10-12,3049.08,3061.77,3039.58,3044.11,1553307625
2012-10-15,3053.21,3066.31,3037.27,3064.18,1565172000
2012-10-16,3073.21,3102.97,3070.25,3101.17,1744407375
2012-10-17,3091.38,3112.45,3088.05,3104.12,1777785875
2012-10-18,3097.77,3102.56,3065.24,3072.87,2056511375
2012-10-19,3066.56,3066.56,3000.27,3005.62,2241007500
2012-10-22,3005.92,3020.61,2995.78,3016.96,1664515125
2012-10-23,2989.44,3006.59,2974.07,2990.46,1850586125
2012-10-24,3011.82,3012.95,2978.73,2981.7,1984826250
2012-10-25,3005.04,3007.71,2975.98,2986.12,1960742875
2012-10-26,2986.05,2999.14,2961.16,2987.95,1844677000
2012-10-31,2986.85,2989.7,2964.94,2977.23,1812995750
2012-11-01,2987.54,3021.94,2984.22,3020.06,1884736125
2012-11-02,3033.85,3033.85,2981.69,2982.13,1843810500
2012-11-05,2983.03,3004.81,2975.85,2999.66,1407688460
2012-11-06,3003.71,3024.44,2998.93,3011.93,1680037210
2012-11-07,2976.46,2977.81,2926.79,2937.29,2071865000
2012-11-08,2942.09,2949.7,2895.58,2895.58,1767259600
2012-11-09,2892.57,2931.11,2889.81,2904.87,1676749240
2012-11-12,2916.38,2920.01,2896.55,2904.26,1383066375
2012-11-13,2880.77,2909,2877.06,2883.89,1685255890
2012-11-14,2896.81,2900.1,2842.86,2846.81,1949425950
2012-11-15,2847.84,2855.64,2826.75,2836.94,1902169940
2012-11-16,2838.9,2859.57,2810.8,2853.13,2209767500
2012-11-19,2886,2916.07,2884.75,2916.07,1632788470
2012-11-20,2910.73,2919.95,2893.44,2916.68,1508679350
2012-11-21,2919.14,2928.17,2912.42,2926.55,1297762480
2012-11-23,2943.62,2967.19,2940.68,2966.85,815168688
2012-11-26,2961.02,2976.93,2951.73,2976.78,1647306125
2012-11-27,2974.56,2985.18,2965.13,2967.79,564034500
2012-11-28,2952.02,2992.17,2935.88,2991.78,1733049875
2012-11-29,3005.41,3017.18,2996.36,3012.03,1661890110
2012-11-30,3013.25,3014.25,2999.72,3010.24,1679243740
2012-12-03,3029.21,3030.28,2999.57,3002.2,1669607375
2012-12-04,3000.44,3002.88,2980.93,2996.69,1658119350
2012-12-05,2993.2,2994.73,2958.26,2973.7,1710288890
2012-12-06,2967.99,2996.49,2962.13,2989.27,1580739940
2012-12-07,2999.69,3003.27,2968.83,2978.04,1490314520
2012-12-10,2973.19,2997.64,2971.56,2986.96,1414926560
2012-12-11,3005.43,3033.14,3003.82,3022.3,1742991300
2012-12-12,3033.93,3035.14,3008.49,3013.81,1646154360
2012-12-13,3007.83,3026.51,2982.63,2992.16,1704419690
2012-12-14,2976.95,2985.33,2963.8,2971.33,1809615875
2012-12-17,2975.5,3011.22,2973.54,3010.6,1916356500
2012-12-18,3020.82,3056.65,3016.4,3054.53,2040593500
2012-12-19,3059.03,3061.82,3044.36,3044.36,1946449125
2012-12-20,3050.3,3053.53,3034.15,3050.39,1585608560
2012-12-21,2998.6,3022.19,2995.13,3021.01,2455177630
2012-12-24,3013.89,3016.18,3008.53,3012.6,595517190
2012-12-26,3013.13,3018.65,2983.35,2990.16,1023231670
2012-12-27,2989.87,2993.66,2951.04,2985.91,1287610420
2012-12-28,2965.12,2985.47,2959.37,2960.31,1098210040
2012-12-31,2955.45,3021.41,2953.69,3019.51,1405191920
2013-01-02,3091.33,3112.65,3083.49,3112.26,1988359110
2013-01-03,3108.49,3118.18,3092.28,3100.57,1669620300
2013-01-04,3100.89,3108.44,3090.81,3101.66,1665594530
2013-01-07,3089.17,3102.35,3083.88,3098.81,1593060410
2013-01-08,3098.46,3103.39,3076.6,3091.81,1659081750
2013-01-09,3099.65,3111.22,3096.34,3105.81,1599656980
2013-01-10,3125.64,3127.72,3098.47,3121.76,1689513530
2013-01-11,3122.12,3126.59,3114.1,3125.64,1707196098
2013-01-14,3113.65,3123.48,3104.08,3117.5,1811587040
2013-01-15,3101.06,3112.29,3093.32,3110.78,1729945130
2013-01-16,3110.72,3124.65,3106.79,3117.54,1698084125
2013-01-17,3130.49,3144.05,3125.79,3136,1775257750
2013-01-18,3127.91,3134.73,3119.2,3134.71,1896552250
2013-01-22,3135.63,3143.18,3121.54,3143.18,1798611750
2013-01-23,3155.82,3161.06,3149.74,3153.67,1742724875
2013-01-24,3125.67,3153.56,3124.45,3130.38,2056622250
2013-01-25,3140.65,3156.2,3135.86,3149.71,1933618750
2013-01-28,3152.17,3161.83,3144.89,3154.3,1957024750
2013-01-29,3149.62,3156.94,3133.11,3153.66,2067174875
2013-01-30,3157.43,3164.06,3135.83,3142.31,2031129750
2013-01-31,3140.67,3154.18,3136.82,3142.13,2224431250
2013-02-01,3162.94,3183.14,3154.91,3179.1,2030819125
2013-02-04,3161.72,3169.63,3130.57,3131.17,1887151375
2013-02-05,3140.9,3178.52,3136.82,3171.58,2157994000
2013-02-06,3159.38,3174.82,3157.35,3168.48,2011573000
2013-02-07,3167.44,3170.42,3135.98,3165.13,1963373500
2013-02-08,3178.06,3196.89,3177.18,3193.87,1823433750
2013-02-11,3192.53,3194.01,3182.19,3192,1554722875
2013-02-12,3190.73,3196.92,3184.84,3186.49,1796104375
2013-02-13,3195.34,3205.52,3187.06,3196.88,1835529250
2013-02-14,3182.74,3202.33,3182.39,3198.66,1927569000
2013-02-15,3202.84,3206.21,3184.03,3192.03,1863181250
2013-02-19,3197.46,3213.6,3194.92,3213.59,1847255000
2013-02-20,3211.99,3213.25,3163.95,3164.41,2014577625
2013-02-21,3154.88,3155.19,3118.62,3131.49,2062732000
2013-02-22,3149.09,3161.82,3139.55,3161.82,1584404000
2013-02-25,3180.59,3186.25,3116.25,3116.25,1934468750
2013-02-26,3126.23,3135.57,3105.36,3129.65,1850922125
2013-02-27,3129.72,3177.8,3127.27,3162.26,1734393000
2013-02-28,3161.43,3182.6,3159.72,3160.19,2036170875
2013-03-01,3143.54,3171.5,3129.4,3169.74,1873466750
2013-03-04,3159.46,3182.27,3154.79,3182.03,1724532750
2013-03-05,3200.38,3227.31,3200.27,3224.13,1883752625
2013-03-06,3233.31,3233.44,3217.67,3222.37,1760846250
2013-03-07,3224.5,3235.1,3221.47,3232.09,1679779750
2013-03-08,3245.85,3248.7,3227.89,3244.37,1615135750
2013-03-11,3237.74,3252.87,3233.67,3252.87,1628500000
2013-03-12,3244.85,3249.78,3229.92,3242.32,1673740000
2013-03-13,3243.04,3251.45,3230.62,3245.12,1577280000
2013-03-14,3253,3258.93,3250.24,3258.93,1651650000
2013-03-15,3260.13,3260.13,3242.66,3249.07,1981694030
2013-03-18,3215.71,3249.37,3211.1,3237.59,1555482750
2013-03-19,3246.7,3252.6,3205.42,3229.1,1698283375
2013-03-20,3251.91,3257.99,3240.9,3254.19,1599120000
2013-03-21,3228.17,3237.57,3215.69,3222.6,1698888625
2013-03-22,3235.3,3247.94,3230.86,3245,1685361750
2013-03-25,3255.85,3263.63,3222.48,3235.3,1668091375
2013-03-26,3249.95,3252.93,3239.92,3252.48,1446134875
2013-03-27,3229.47,3258.26,3227.11,3256.52,1322733120
2013-03-28,3257.32,3270.3,3253.21,3267.52,1656492500
2013-03-29,3257.32,3270.3,3253.21,3267.52,1657342875
2013-04-01,3268.63,3270.23,3230.57,3239.17,1488990250
2013-04-02,3252.55,3267.93,3245.41,3254.86,1588906625
2013-04-03,3257.38,3260.15,3210.39,3218.6,1825377500
2013-04-04,3219.11,3226.24,3206.02,3224.98,1485676375
2013-04-05,3174,3206.21,3168.88,3203.86,1613814875
2013-04-08,3207.15,3222.26,3195.57,3222.25,1325433250
2013-04-09,3229.81,3249.95,3215.02,3237.86,1505878125
2013-04-10,3246.06,3299.16,3245.8,3297.25,1780812125
2013-04-11,3289.59,3306.95,3287.74,3300.16,1829384500
2013-04-12,3292.39,3296.5,3271.02,3294.95,1474301250
2013-04-15,3277.58,3283.4,3213.46,3216.49,1786892375
2013-04-16,3239.55,3265.84,3231.48,3264.63,1403860040
2013-04-17,3236.25,3236.98,3186.08,3204.67,1912388625
2013-04-18,3212.24,3212.97,3154.96,3166.36,1771593625
2013-04-19,3169.32,3210.03,3168.33,3206.06,1753877625
2013-04-22,3217.4,3241.16,3198.74,3233.55,1632059750
2013-04-23,3252.8,3275.89,3241.52,3269.33,1642050375
2013-04-24,3262.21,3277.12,3255.44,3269.65,1698478250
2013-04-25,3279.82,3301.28,3279.29,3289.99,1980634625
2013-04-26,3284.07,3287.48,3268.03,3279.26,1713288250
2013-04-29,3290.31,3315.34,3289.42,3307.02,1557700750
2013-04-30,3308.05,3328.79,3298.58,3328.79,1948114875
2013-05-01,3325.35,3330.02,3296.51,3299.13,1846665625
2013-05-02,3306.15,3344.9,3305.81,3340.62,1719144375
2013-05-03,3371.41,3388.12,3370.3,3378.63,1704322250
2013-05-06,3382.33,3396.21,3381.44,3392.97,1479518000
2013-05-07,3398.84,3402.24,3381.04,3396.63,1707301000
2013-05-08,3394.89,3413.27,3389.8,3413.27,1725417000
2013-05-09,3408.94,3428.54,3403.43,3409.17,1790773250
2013-05-10,3414.84,3436.6,3411.59,3436.58,1664547250
2013-05-13,3429.53,3447.1,3426.67,3438.79,1614065875
2013-05-14,3439.72,3468.67,3439.72,3462.61,1817839250
2013-05-15,3455.68,3475.48,3452.31,3471.62,1843910000
2013-05-16,3473.16,3485.96,3462.24,3465.24,1945760000
2013-05-17,3483.41,3499.21,3473.04,3498.97,1828610000
2013-05-20,3490.47,3509.41,3488.13,3496.43,1745260000
2013-05-21,3495.46,3512.15,3486.88,3502.12,1776780000
2013-05-22,3503.48,3532.04,3446.96,3463.3,2179330000
2013-05-23,3426.07,3467.13,3422.51,3459.42,1820670000
2013-05-24,3438.28,3459.47,3429.31,3459.14,1449210000
2013-05-28,3497.9,3514.8,3475.39,3488.89,1718659000
2013-05-29,3471.67,3479.53,3450.4,3467.52,1794650000
2013-05-30,3473.21,3503.82,3473.04,3491.3,1737320000
2013-05-31,3478.22,3500.67,3455.84,3455.91,1968270000
2013-06-03,3460.76,3465.84,3419.39,3465.37,2054100000
2013-06-04,3467.02,3482.75,3430.02,3445.26,1871640000
2013-06-05,3432.85,3446.15,3397.91,3401.48,1813890000
2013-06-06,3404.41,3424.05,3378.24,3424.05,1802700000
2013-06-07,3437.84,3471.73,3429.43,3469.22,1646810000
2013-06-10,3475.68,3484.81,3465.54,3473.77,1556520000
2013-06-11,3436.62,3466.57,3426.57,3436.95,1560370000
2013-06-12,3458.14,3459.18,3395.91,3400.43,1630200000
2013-06-13,3398.54,3451.03,3387.61,3445.36,1584740000
2013-06-14,3442.31,3448.4,3419.32,3423.56,1458030000
2013-06-17,3449.97,3468.56,3436.34,3452.13,1581830000
2013-06-18,3456.29,3488.31,3456.09,3482.18,1675090000
2013-06-19,3483.59,3485.45,3443.2,3443.2,1649200000
2013-06-20,3405.14,3412.94,3355.93,3364.64,2041500000
2013-06-21,3367.81,3377.3,3326.86,3357.25,2921900000
2013-06-24,3326.38,3344.66,3294.95,3320.76,2030960000
2013-06-25,3350.59,3358.31,3327.69,3347.89,1657280000
2013-06-26,3375.7,3383.7,3365.48,3376.22,1671280000
2013-06-27,3395.79,3412.79,3395.41,3401.86,1689800000
2013-06-28,3389.3,3422.2,3382.75,3403.25,3630410000
2013-07-01,3430.48,3454.43,3430.31,3434.49,1586750000
2013-07-02,3430.69,3453.29,3415.23,3433.4,1685190000
2013-07-03,3420.27,3455.42,3417.88,3443.67,914058312
2013-07-05,3468.48,3479.46,3441.78,3479.38,1254400000
2013-07-08,3493.81,3495.51,3475.39,3484.83,1521720000
2013-07-09,3501.25,3508.81,3484.79,3504.26,1633520000
2013-07-10,3502.11,3522.99,3502,3520.76,1567340000
2013-07-11,3557.79,3579.29,3552.52,3578.3,1744210000
2013-07-12,3579.58,3600.08,3576.57,3600.08,1615820000
2013-07-15,3601.09,3609.59,3591.54,3607.49,1449130000
2013-07-16,3611,3611.35,3589.65,3598.5,1590540000
2013-07-17,3608.13,3615.79,3600.69,3610,1564340000
2013-07-18,3610.03,3624.54,3607.09,3611.28,1719390000
2013-07-19,3581.9,3589.05,3578.57,3587.61,1785460000
2013-07-22,3599.87,3601.92,3587.46,3600.39,1507010000
2013-07-23,3606.7,3606.7,3576.96,3579.27,1620350000
2013-07-24,3605.26,3606.28,3573.53,3579.6,1856660000
2013-07-25,3589.46,3606.19,3579.2,3605.19,2203970000
2013-07-26,3584.85,3613.33,3581.26,3613.16,1796060000
2013-07-29,3604.29,3618.85,3592.8,3599.14,1523392750
2013-07-30,3612.36,3629.12,3606.33,3616.47,1736761125
2013-07-31,3627.66,3649.35,3624.77,3626.37,1915579625
2013-08-01,3654.18,3678.5,3653.74,3675.74,1844801875
2013-08-02,3671.11,3689.59,3663.88,3689.59,1664601250
2013-08-05,3682.67,3694.19,3681.34,3692.95,1454656125
2013-08-06,3685.39,3690.32,3654.67,3665.77,1527632500
2013-08-07,3658.53,3663.2,3633.59,3654.01,1659722750
2013-08-08,3672.21,3675.71,3649.64,3669.12,1673628375
2013-08-09,3664.27,3677.83,3649.69,3660.11,1526904875
2013-08-12,3645.78,3673.51,3645.39,3669.95,1400037000
2013-08-13,3675.37,3691.06,3648.82,3684.44,1617371625
2013-08-14,3683.97,3686.55,3668.74,3669.27,1584757625
2013-08-15,3625.36,3626.77,3600.96,3606.12,1699330750
2013-08-16,3603.78,3621.46,3598.65,3602.78,1492340250
2013-08-19,3601.88,3623.48,3589.03,3589.09,1398264250
2013-08-20,3596.77,3625.26,3593.14,3613.59,1287866375
2013-08-21,3603.68,3630.23,3589.02,3599.79,1406468500
2013-08-22,3614.14,3639.21,3613.93,3638.71,910039312
2013-08-23,3659.21,3660.66,3643.86,3657.79,1478627375
2013-08-26,3661.81,3684.22,3652.26,3657.57,1375222125
2013-08-27,3616.06,3629.95,3573.57,3578.52,1597908500
2013-08-28,3579.11,3607.36,3578.8,3593.35,1348685250
2013-08-29,3587.07,3635.84,3587.07,3620.3,1316638500
2013-08-30,3621.59,3621.78,3581.05,3589.87,1301141500
2013-09-03,3622.64,3637.06,3593.62,3612.61,1599795125
2013-09-04,3619.05,3651.78,3612.22,3649.04,1826205125
2013-09-05,3652.44,3665.01,3651.17,3658.78,1529108000
2013-09-06,3672.82,3677.07,3618.77,3660.01,1692522750
2013-09-09,3675.12,3708.42,3675.12,3706.18,1633970750
2013-09-10,3724.67,3729.38,3716.44,3729.02,1809200625
2013-09-11,3710.79,3726.59,3704.22,3725.01,1688458000
2013-09-12,3724.53,3731.84,3713.08,3715.97,1628226750
2013-09-13,3723.27,3724.73,3701.88,3722.18,1439453750
2013-09-16,3755,3756.24,3712.47,3717.85,1514819000
2013-09-17,3725.31,3747.08,3724.26,3745.7,1481487625
2013-09-18,3751.29,3790.7,3737.69,3783.64,1794519500
2013-09-19,3794.7,3798.16,3781.59,3789.39,1747667250
2013-09-20,3796.28,3798.76,3774.12,3774.73,2680678750
2013-09-23,3786.84,3787.14,3745.54,3765.29,1696822125
2013-09-24,3771.6,3789.85,3753.04,3768.25,1785944875
2013-09-25,3772.59,3782.92,3754.94,3761.1,1796611625
2013-09-26,3774.95,3795.72,3772.8,3787.43,1788966375
2013-09-27,3767.89,3788.35,3762.67,3781.59,1671168125
2013-09-30,3737.6,3780.97,3734.74,3771.48,1865257250
2013-10-01,3774.18,3817.98,3774.18,3817.98,1805006000
2013-10-02,3793.11,3819.28,3788.45,3815.02,1763470375
2013-10-03,3809.9,3816.96,3753.17,3774.34,1835334250
2013-10-04,3774.72,3812.86,3773.4,3807.76,1524011375
2013-10-07,3776.64,3800.08,3769.75,3770.38,1452687750
2013-10-08,3772.22,3772.49,3694.15,3694.83,2038787375
2013-10-09,3701.62,3702.15,3650.03,3677.78,2166584000
2013-10-10,3721.58,3764.72,3721.11,3760.75,1848719625
2013-10-11,3753.22,3794.37,3751.38,3791.87,1721714500
2013-10-14,3767.49,3816.41,3766.28,3815.28,1449978625
2013-10-15,3810.72,3824.44,3789.68,3794.01,1702708875
2013-10-16,3815,3840.48,3814.15,3839.43,1694563125
2013-10-17,3822.85,3863.49,3821.43,3863.15,1931460125
2013-10-18,3893.36,3914.93,3882.06,3914.28,1899810250
2013-10-21,3922.65,3931.45,3909.91,3920.05,1724057875
2013-10-22,3935.54,3947.67,3904.06,3929.57,1842609250
2013-10-23,3907.3,3911.64,3887.66,3907.07,1872698125
2013-10-24,3911.61,3932.6,3907.54,3928.96,2025747625
2013-10-25,3955.98,3961.1,3927.5,3943.36,2186704750
2013-10-28,3942.56,3947.58,3927.09,3940.13,1873202250
2013-10-29,3954.34,3957.12,3934.94,3952.34,1858265625
2013-10-30,3962.4,3966.71,3919.14,3930.62,1878893250
2013-10-31,3924.34,3945.04,3909.26,3919.71,2264436000
2013-11-01,3932.45,3938.48,3904.2,3922.04,1917593750
2013-11-04,3932.6,3937.5,3919.46,3936.59,1800196125
2013-11-05,3925.06,3947.27,3909.63,3939.86,1906407500
2013-11-06,3952.18,3955.97,3920.91,3931.95,1996073875
2013-11-07,3935.81,3938.33,3855.07,3857.33,2248911750
2013-11-08,3871.24,3919.23,3869.12,3919.23,1948394250
2013-11-11,3913.64,3925.34,3904.72,3919.79,1569505625
2013-11-12,3907.82,3922.28,3902.67,3919.92,1756157500
2013-11-13,3899.38,3965.58,3899.31,3965.58,1827220000
2013-11-14,3956.47,3975.89,3949.01,3972.74,1965350000
2013-11-15,3978.27,3985.97,3969.22,3985.97,1878018750
2013-11-18,3990.06,3994.97,3942.84,3949.07,1796223875
2013-11-19,3945.97,3960.44,3923.47,3931.55,1725325875
2013-11-20,3940.98,3952.08,3911.61,3921.27,1688835125
2013-11-21,3938.11,3970.91,3936.82,3969.16,1666549625
2013-11-22,3977.31,3991.66,3973,3991.65,1701715750
2013-11-25,4004.37,4007.09,3987.16,3994.57,1793549125
2013-11-26,3996.7,4026.99,3989.49,4017.75,1906053500
2013-11-27,4026.92,4045.81,4023.65,4044.75,1476310250
2013-11-29,4057.16,4069.7,4055.45,4059.89,853410938
2013-12-02,4065.66,4068.49,4040.88,4045.26,1668674500
2013-12-03,4038.99,4050.08,4022.12,4037.2,1856633125
2013-12-04,4020.33,4051.74,4004.76,4038,1868474625
2013-12-05,4037.99,4043.71,4025.26,4033.16,1864897625
2013-12-06,4069.86,4069.86,4042.35,4062.52,1713872625
2013-12-09,4073.75,4081.78,4063.49,4068.75,1703283375
2013-12-10,4061.17,4074.01,4056.49,4060.49,1844886625
2013-12-11,4061.67,4065.08,3998.92,4003.81,1897882125
2013-12-12,4004.75,4013.55,3993.57,3998.4,1860304875
2013-12-13,4015.53,4017.45,3992.29,4000.97,1592656500
2013-12-16,4019.37,4043,4019.14,4029.52,1930850875
2013-12-17,4028.88,4034.69,4011.58,4023.68,1840604375
2013-12-18,4024.67,4070.38,3979.59,4070.06,2174237750
2013-12-19,4059.34,4063.7,4045.41,4058.14,1792797250
2013-12-20,4064.89,4111.93,4064.73,4104.74,3462698750
2013-12-23,4136.15,4149.31,4127.72,4148.9,1770962125
2013-12-24,4150.64,4155.62,4147.15,4155.42,804965188
2013-12-26,4164.21,4169.97,4158.59,4167.18,1172475500
2013-12-27,4173.36,4175.36,4153.64,4156.59,1238790750
2013-12-30,4153.58,4158.73,4142.18,4154.2,1348221250
2013-12-31,4161.51,4177.73,4160.77,4176.59,1401359000
2014-01-02,4160.03,4160.96,4131.79,4143.07,1737974125
2014-01-03,4148.56,4152.96,4124.96,4131.91,1666117000
2014-01-06,4137.03,4139.78,4103.75,4113.68,2274010250
2014-01-07,4128.57,4158.18,4126.48,4153.18,2265722500
2014-01-08,4154.28,4171.75,4145,4165.61,2332713750
2014-01-09,4179.04,4182.74,4142.7,4156.19,2203391500
2014-01-10,4168.94,4174.68,4142.21,4174.67,2143070000
2014-01-13,4167.41,4179.47,4097.99,4113.31,2293785250
2014-01-14,4129.6,4183.84,4125.81,4183.02,2010527125
2014-01-15,4196.53,4218.8,4195.98,4214.88,2085616875
2014-01-16,4209.59,4219.28,4204.15,4218.69,1986867375
2014-01-17,4207.82,4217.24,4187.31,4197.58,2196453000
2014-01-21,4222.98,4227.93,4193.17,4225.76,2021311625
2014-01-22,4234.58,4246.55,4225.52,4243,2014471625
2014-01-23,4224.36,4224.44,4192.28,4218.88,2166647750
2014-01-24,4194.97,4197.93,4128.17,4128.17,2448305750
2014-01-27,4132.22,4136.46,4052.63,4083.61,2355917500
2014-01-28,4067.86,4099.81,4067.69,4097.96,2048855125
2014-01-29,4060.61,4091.27,4044.76,4051.43,2179071000
2014-01-30,4098.81,4135.84,4094.17,4123.12,2133095750
2014-01-31,4068.63,4124.93,4067.61,4103.88,2246847500
2014-02-03,4105.06,4113.55,3989.95,3996.96,2548344250
2014-02-04,4019.44,4044.2,4004.58,4031.52,2124083500
2014-02-05,4015.5,4026.28,3968.19,4011.55,2107139000
2014-02-06,4022.66,4064.06,4022.17,4057.12,1904746875
2014-02-07,4081.82,4126.51,4069.93,4125.86,2007959375
2014-02-10,4125.12,4148.3,4122.61,4148.17,1790346625
2014-02-11,4154.65,4198.52,4153.1,4191.05,1964491000
2014-02-12,4196.85,4212.61,4190.39,4201.29,2035890048
2014-02-13,4171.58,4240.67,4170.47,4240.67,2237717500
2014-02-14,4237,4250.91,4225.75,4244.03,1851974000
2014-02-18,4253.71,4277.33,4243.56,4272.78,1866484125
2014-02-19,4260.74,4274.29,4232.38,4237.95,1917803500
2014-02-20,4241.46,4272.34,4226.75,4267.55,1964829250
2014-02-21,4282.17,4284.85,4261.63,4263.41,2115211750
2014-02-24,4273.32,4311.12,4272.11,4292.97,2143480000
2014-02-25,4298.48,4307.51,4275.8,4287.59,2120552500
2014-02-26,4300.45,4316.82,4278.54,4292.06,2086896000
2014-02-27,4291.47,4322.46,4284.78,4318.93,2030789125
2014-02-28,4323.52,4342.59,4275.61,4308.12,2587955750
2014-03-03,4261.42,4284.15,4239.65,4277.3,2033909625
2014-03-04,4327.85,4357.21,4327.53,4351.97,2451465250
2014-03-05,4352.76,4362.5,4344.15,4357.97,2197756500
2014-03-06,4368.81,4371.71,4341,4352.12,2110943250
2014-03-07,4370.98,4371.39,4319.15,4336.22,2142401750
2014-03-10,4332.62,4339.93,4307.84,4334.45,2097973500
2014-03-11,4342.93,4354.43,4295.47,4307.19,2452951250
2014-03-12,4288.6,4323.33,4270.22,4323.33,2100450000
2014-03-13,4338.26,4339.9,4242.94,4260.42,2326135750
2014-03-14,4250.45,4272.34,4241.94,4245.4,2153160750
2014-03-17,4274.22,4301.28,4273.01,4279.95,1785853500
2014-03-18,4286.23,4334.66,4284.11,4333.31,1937365875
2014-03-19,4331.46,4334.3,4283.53,4307.6,1960356000
2014-03-20,4297.99,4329.61,4287.41,4319.29,1822649125
2014-03-21,4339.9,4344.39,4268.34,4276.79,3220514500
2014-03-24,4289.49,4289.49,4190.61,4226.39,2402461500
2014-03-25,4252.65,4274.32,4203.64,4234.27,2247047000
2014-03-26,4254.98,4263.07,4173.58,4173.58,2429388750
2014-03-27,4169.35,4186.12,4131.81,4151.23,2238711250
2014-03-28,4163.18,4203.49,4144.69,4155.76,2006885750
2014-03-31,4185.62,4212.97,4180.54,4198.99,2067657125
2014-04-01,4219.87,4268.2,4218.77,4268.04,2127747750
2014-04-02,4281.61,4286.09,4258.86,4276.46,2164094500
2014-04-03,4282.18,4284.69,4216.57,4237.74,2046762000
2014-04-04,4263.94,4267.06,4118.71,4127.73,2587384500
2014-04-07,4110.92,4133.68,4052.14,4079.75,2516075750
2014-04-08,4085.18,4120.24,4066.11,4112.99,2178841000
2014-04-09,4129.63,4185.19,4121.17,4183.9,1939416375
2014-04-10,4181.21,4182.61,4042.76,4054.11,2385102500
2014-04-11,4015.07,4067.22,3991.64,3999.73,2221389250
2014-04-14,4038.06,4050.79,3986.5,4022.69,1858686750
2014-04-15,4032.63,4054.8,3946.03,4034.16,2361395750
2014-04-16,4066.82,4086.28,4038.81,4086.22,1829538000
2014-04-17,4080.3,4110.46,4064.7,4095.52,1928693250
2014-04-21,4105.36,4121.55,4081.91,4121.55,1510772625
2014-04-22,4132.06,4170.72,4131.61,4161.46,1825039375
2014-04-23,4160.9,4161.44,4125.41,4126.97,1744017125
2014-04-24,4174.61,4177.16,4107.52,4148.34,2105299500
2014-04-25,4125.16,4126.98,4068.1,4075.56,2065653750
2014-04-28,4091.81,4111.59,4014.17,4074.4,2322862750
2014-04-29,4089.51,4111.45,4070.24,4103.54,1894435125
2014-04-30,4085.19,4116.14,4070.62,4114.56,2135293750
2014-05-01,4121.25,4149.56,4105.61,4127.45,2059527375
2014-05-02,4138.63,4145.06,4115.89,4123.9,1828098875
2014-05-05,4099.25,4138.34,4086.35,4138.06,1545840750
2014-05-06,4128.22,4132.46,4080.76,4080.76,1833217000
2014-05-07,4085.49,4091.03,4021.05,4067.67,2467297250
2014-05-08,4053.28,4109.2,4039.91,4051.5,2393532500
2014-05-09,4043.44,4071.87,4025.24,4071.87,1963124375
2014-05-12,4092.84,4146.54,4092.09,4143.86,1864065500
2014-05-13,4144.9,4155.13,4128.01,4130.16,1929259250
2014-05-14,4122.08,4132.33,4093.83,4100.63,1746046625
2014-05-15,4096.53,4098.25,4035.96,4069.29,2053214250
2014-05-16,4070.35,4091.16,4044.27,4090.59,1718499375
2014-05-19,4080.33,4128.47,4075.7,4125.81,1580758375
2014-05-20,4121.11,4124.86,4080.61,4096.89,1768374250
2014-05-21,4105.96,4133.61,4103.61,4131.54,1689085750
2014-05-22,4136.09,4164.85,4131.48,4154.34,1823028250
2014-05-23,4159.78,4186.58,4148.3,4185.81,1530725625
2014-05-27,4206.44,4237.07,4204.72,4237.07,1796384250
2014-05-28,4234.96,4238.17,4216.89,4225.07,1771242875
2014-05-29,4238.04,4247.95,4228.96,4247.95,1702194500
2014-05-30,4251.49,4252.08,4221.95,4242.62,1896217250
2014-06-02,4247.96,4247.96,4207.61,4237.2,1623006125
2014-06-03,4222.04,4240.35,4215.8,4234.08,1704054875
2014-06-04,4222.21,4256.19,4216.23,4251.64,1597718875
2014-06-05,4259.12,4299.5,4241.68,4296.23,1905878750
2014-06-06,4312.76,4322.51,4305.74,4321.4,1593400750
2014-06-09,4324.35,4346.74,4320.28,4336.24,1769951000
2014-06-10,4329.2,4338.87,4319.93,4338,1771682000
2014-06-11,4322.92,4338.21,4315.49,4331.93,1756841000
2014-06-12,4323.11,4328.35,4284.53,4297.63,1866007625
2014-06-13,4315.31,4317.67,4288.41,4310.65,1734185875
2014-06-16,4303.93,4326.9,4296.26,4321.1,1661322125
2014-06-17,4316.01,4346.12,4311.15,4337.23,1798623875
2014-06-18,4341.18,4365.1,4320.54,4362.84,1836734750
2014-06-19,4370.14,4372.18,4339.61,4359.33,1824878750
2014-06-20,4365.37,4368.8,4354.03,4368.04,2695015750
2014-06-23,4368.95,4371.81,4358.68,4368.68,1696511875
2014-06-24,4367.9,4399.87,4342.9,4350.35,1949281375
2014-06-25,4341.82,4383.55,4339.41,4379.76,1694889250
2014-06-26,4379.44,4379.8,4347.45,4379.05,1536830125
2014-06-27,4371.8,4398.85,4371.6,4397.93,3788920250
2014-06-30,4398.37,4417.46,4396.59,4408.18,1829625875
2014-07-01,4424.71,4471.6,4424.43,4458.65,1926913625
2014-07-02,4457.86,4466.92,4450.88,4457.73,1585262125
2014-07-03,4472.89,4485.93,4463.85,4485.93,1001730000
2014-07-07,4477.74,4478.02,4447.6,4451.53,1647490875
2014-07-08,4442.87,4443.56,4372.04,4391.46,2156171250
2014-07-09,4403.03,4421.93,4388.01,4419.03,1691221125
2014-07-10,4352.03,4415.85,4351.04,4396.2,1614694000
2014-07-11,4401.05,4417.16,4389.29,4415.49,1480360625
2014-07-14,4441.39,4451.6,4432.95,4440.42,1568532125
2014-07-15,4444.91,4451.93,4389.7,4416.39,1751174000
2014-07-16,4446.17,4448.87,4419.71,4425.97,2059073750
2014-07-17,4411.52,4425.38,4352.23,4363.45,2054841125
2014-07-18,4379.94,4434.44,4378.22,4432.15,1824232250
2014-07-21,4421.2,4432.41,4404.51,4424.7,1537539000
2014-07-22,4444.94,4464.13,4443.35,4456.02,1711080750
2014-07-23,4468.16,4480.73,4457.94,4473.7,1888349125
2014-07-24,4481.61,4485.5,4465.94,4472.11,1907722875
2014-07-25,4448.06,4457.95,4430.43,4449.56,1697325000
2014-07-28,4451.12,4455.39,4413.91,4444.91,1765705500
2014-07-29,4456.07,4470.97,4441.03,4442.7,2072952625
2014-07-30,4468.44,4476.06,4444.51,4462.9,1846462375
2014-07-31,4421.29,4430.8,4367.15,4369.77,2216313000
2014-08-01,4363.39,4385.05,4324.02,4352.64,1977293250
2014-08-04,4365.62,4395.38,4343.03,4383.89,1638038500
2014-08-05,4364.59,4383.02,4333.58,4352.84,1867664000
2014-08-06,4326.28,4378.99,4325.04,4355.05,1781539375
2014-08-07,4373.24,4379.7,4321.89,4334.97,1814935250
2014-08-08,4340.88,4373.11,4327.87,4370.9,1717553000
2014-08-11,4387.38,4415.78,4384.15,4401.33,1500651375
2014-08-12,4394.69,4407.08,4371.84,4389.25,1533958625
2014-08-13,4407.86,4434.31,4403.64,4434.12,1582797875
2014-08-14,4438.13,4453,4433.94,4453,1527303750
2014-08-15,4479.64,4482.47,4427.13,4464.93,1743636625
2014-08-18,4490.53,4509.15,4486.44,4508.31,1544006500
2014-08-19,4514.26,4528.91,4513.92,4527.51,1534684875
2014-08-20,4517.75,4533.01,4515.73,4526.48,1472697125
2014-08-21,4526.72,4534,4513.81,4532.1,1405965750
2014-08-22,4534.87,4547.24,4521.77,4538.55,1286482125
2014-08-25,4563.72,4571.14,4547.78,4557.35,1364859375
2014-08-26,4563.81,4575.59,4556.78,4570.64,1452645375
2014-08-27,4574.35,4575.81,4561.84,4569.62,1370306250
2014-08-28,4552.55,4565.96,4546.62,4557.69,1288046375
2014-08-29,4571.76,4580.27,4553.78,4580.27,1332822375
2014-09-02,4592.42,4598.64,4576.81,4598.19,1840155750
2014-09-03,4610.14,4610.14,4565.38,4572.56,1880020250
2014-09-04,4581.52,4603.15,4553.31,4562.29,1702881625
2014-09-05,4560.63,4583,4542.74,4582.9,1621801625
2014-09-08,4579.06,4600.4,4570.23,4592.28,1653165625
2014-09-09,4588.83,4599.03,4544.44,4552.28,1932004125
2014-09-10,4554.15,4587.1,4544.84,4586.52,1784711500
2014-09-11,4567.64,4591.81,4559.75,4591.81,1688479500
2014-09-12,4588.77,4590.08,4555.68,4567.6,1755572625
2014-09-15,4567.45,4567.47,4506.73,4518.9,1914148125
2014-09-16,4502.11,4558.24,4499.87,4552.76,1845705250
2014-09-17,4553.96,4582.4,4539.36,4562.19,1753691250
2014-09-18,4575.74,4593.98,4572.62,4593.43,1749939125
2014-09-19,4606.13,4610.57,4563.44,4579.79,3152412750
2014-09-22,4568.45,4568.87,4513.12,4527.69,1852070000
2014-09-23,4511.32,4536.03,4508.42,4508.69,1812093625
2014-09-24,4514.92,4557.27,4500.13,4555.22,1737989125
2014-09-25,4540.82,4546.93,4466.64,4466.75,1877861250
2014-09-26,4476.48,4515.74,4475.48,4512.19,1602907375
2014-09-29,4465.84,4515.24,4464.44,4505.85,1692229000
2014-09-30,4512.64,4522.06,4483.91,4493.39,2156783000
2014-10-01,4486.65,4486.79,4409.3,4422.09,2251783250
2014-10-02,4421.25,4441.95,4367.74,4430.19,2104255500
2014-10-03,4456.81,4488.07,4445.72,4475.62,1735080875
2014-10-06,4492.4,4496.26,4444.1,4454.8,1755067125
2014-10-07,4433.91,4441.76,4385.15,4385.2,2006812500
2014-10-08,4385.7,4473.73,4355.34,4468.59,2319481000
2014-10-09,4458.29,4464.13,4377.28,4378.34,2121782750
2014-10-10,4354.63,4380.51,4276.24,4276.24,2669807750
2014-10-13,4274.9,4303.82,4212.86,4213.66,2363489500
2014-10-14,4246.23,4281.34,4212.82,4227.17,2392064500
2014-10-15,4154.1,4231.54,4116.6,4215.32,2915454750
2014-10-16,4133.25,4246.01,4131.65,4217.39,2447140500
2014-10-17,4275.09,4296.11,4241.67,4258.44,2186561250
2014-10-20,4254.16,4316.87,4248.22,4316.07,1662774625
2014-10-21,4359.17,4419.48,4356.1,4419.48,1935730375
2014-10-22,4429.16,4435.86,4381.28,4382.85,1890155500
2014-10-23,4427.44,4475.55,4421.56,4452.79,1890014625
2014-10-24,4459.46,4486.26,4445.85,4483.72,1703931125
2014-10-27,4469.02,4489.6,4450.29,4485.93,1500407250
2014-10-28,4505.73,4564.29,4505.11,4564.29,1865843250
2014-10-29,4551.37,4564.44,4517.02,4549.23,2076316625
2014-10-30,4532.1,4575.5,4521.79,4566.14,1943364000
2014-10-31,4639.45,4641.51,4616.58,4630.74,2325650000
2014-11-03,4633.71,4654.19,4627.42,4638.91,1996185375
2014-11-04,4623.77,4635.95,4594.92,4623.64,1888329500
2014-11-05,4649.47,4650.39,4607.73,4620.72,1970924875
2014-11-06,4616.78,4639.17,4604.76,4638.47,1952049625
2014-11-07,4636.89,4638.8,4606.81,4632.53,1941544125
2014-11-10,4635.1,4653.38,4626.49,4651.62,1787151250
2014-11-11,4649.19,4661.23,4640.24,4660.56,1630988125
2014-11-12,4644.63,4678.58,4643.78,4675.14,1742426000
2014-11-13,4681.56,4703.1,4664.27,4680.14,1819745000
2014-11-14,4679.85,4688.74,4664.31,4688.54,1740406625
2014-11-17,4678.44,4689.53,4655.19,4671,1665567875
2014-11-18,4674.84,4709.83,4674.3,4702.44,1627318875
2014-11-19,4694.78,4696.2,4655.72,4675.71,1606121875
2014-11-20,4655.2,4702.97,4653.32,4701.87,1641925500
2014-11-21,4751.01,4751.6,4700.73,4712.97,1820909125
2014-11-24,4725.17,4755.02,4723.62,4754.89,1545437000
2014-11-25,4762.39,4774.52,4749.92,4758.25,1694462500
2014-11-26,4760.23,4788,4757.49,4787.32,1342220500
2014-11-28,4797.1,4810.86,4786.72,4791.63,982535062
2014-12-01,4777.73,4782.07,4724.62,4727.35,1851016250
2014-12-02,4732.97,4761.63,4729.76,4755.81,1808348625
2014-12-03,4761.31,4781.37,4745.14,4774.47,1714990750
2014-12-04,4772,4785.41,4753.71,4769.44,1689584375
2014-12-05,4776.57,4788.98,4769.64,4780.76,1736471000
2014-12-08,4769.76,4793.24,4722.91,4740.69,1896275625
2014-12-09,4685.2,4768.41,4674.38,4766.47,1850995000
2014-12-10,4754.42,4766.64,4679.24,4684.03,1738408875
2014-12-11,4704.65,4759.88,4699.43,4708.16,1726711000
2014-12-12,4665.35,4707.92,4653.6,4653.6,1741047000
2014-12-15,4679.67,4690.58,4592.43,4605.16,2052027000
2014-12-16,4572.79,4645.19,4547.31,4547.83,2141410250
2014-12-17,4556.9,4651.9,4550.7,4644.31,2198323000
2014-12-18,4712.39,4748.4,4697.09,4748.4,2115304500
2014-12-19,4752.6,4782.13,4738.29,4765.38,3242686750
2014-12-22,4759.04,4781.93,4757.81,4781.42,1677214000
2014-12-23,4798.03,4798.06,4761.39,4765.42,1566217000
2014-12-24,4770.12,4787.57,4768.67,4773.47,718479750
2014-12-26,4788.06,4814.95,4787.85,4806.86,913312250
2014-12-29,4801.26,4813.72,4798.9,4806.91,1207297750
2014-12-30,4793.61,4803.89,4772.88,4777.44,1239593625
2014-12-31,4790.53,4806.43,4734.11,4736.05,1462734750
2015-01-02,4760.24,4777.01,4698.11,4726.81,1357901875
2015-01-05,4700.34,4702.77,4641.46,4652.57,1715741875
2015-01-06,4666.85,4667.33,4567.6,4592.74,2066762250
2015-01-07,4626.84,4652.72,4613.9,4650.47,1909008875
2015-01-08,4689.54,4741.38,4688.02,4736.19,2053451500
2015-01-09,4744.47,4744.71,4681.24,4704.07,1665508375
2015-01-12,4714.07,4715.81,4650.65,4664.71,1791388625
2015-01-13,4708.74,4751.34,4624.28,4661.5,2074457625
2015-01-14,4610.76,4655.37,4595.98,4639.32,1984662625
2015-01-15,4657.46,4663.96,4567.39,4570.82,1899197625
2015-01-16,4566.38,4635.82,4563.11,4634.39,1898362125
2015-01-20,4655.84,4665.65,4601.1,4654.85,1777415875
2015-01-21,4641.95,4692.46,4629.59,4667.42,1780528125
2015-01-22,4690.93,4752.6,4644.57,4750.4,1927493375
2015-01-23,4748.19,4771.18,4737.95,4757.88,1610030500
2015-01-26,4752.36,4774.18,4734.2,4771.76,1672426000
2015-01-27,4698.23,4721.88,4659.83,4681.5,1892355625
2015-01-28,4740.69,4742.06,4637.48,4637.99,2031190750
2015-01-29,4635.73,4688.41,4601.76,4683.41,2110710000
2015-01-30,4671.21,4703.81,4631.1,4635.24,2162809250
2015-02-02,4650.6,4676.69,4580.46,4676.69,1919495875
2015-02-03,4693.25,4727.74,4670.82,4727.74,2086388000
2015-02-04,4699.81,4744.33,4697.79,4716.7,2150578500
2015-02-05,4729.65,4767.38,4722.8,4765.1,1994959375
2015-02-06,4768.85,4787.19,4731.22,4744.4,1956392875
2015-02-09,4723.73,4749.47,4719.61,4726.01,1601719250
2015-02-10,4754.62,4793.27,4737.12,4787.65,1721718750
2015-02-11,4788.37,4810.36,4780.13,4801.18,1754730000
2015-02-12,4828.08,4857.61,4823.57,4857.61,2008992500
2015-02-13,4869.73,4893.84,4860.12,4893.84,1897722750
2015-02-17,4889.98,4901.89,4880.64,4899.27,1724872875
2015-02-18,4890.84,4907.5,4885.6,4906.36,1658137375
2015-02-19,4901.51,4929.53,4900.63,4924.7,1566779750
2015-02-20,4919.78,4957.02,4905.59,4955.97,1761140000
2015-02-23,4953.1,4960.97,4939.56,4960.97,1731903625
2015-02-24,4956.21,4971.18,4945.14,4968.12,1781411125
2015-02-25,4960.36,4984.24,4956,4967.14,1788148000
2015-02-26,4969.27,4989.11,4955.51,4987.89,1847604375
2015-02-27,4985.03,4989.25,4960.88,4963.53,1912442375
2015-03-02,4973.43,5008.57,4972.01,5008.1,1888913125
2015-03-03,4990.7,4996.66,4956.07,4979.9,1971040375
2015-03-04,4961.24,4973.32,4938.9,4967.14,1781453500
2015-03-05,4979.95,4993.52,4963.1,4982.81,1685234250
2015-03-06,4967.24,4982.93,4918.62,4927.37,1857358000
2015-03-09,4936.08,4950.47,4920.82,4942.44,1662558880
2015-03-10,4899.51,4903.44,4859.8,4859.8,1828406250
2015-03-11,4866.94,4876.09,4846.79,4849.94,1805382750
2015-03-12,4853.98,4895.71,4853.2,4893.29,1665299350
2015-03-13,4885.54,4904.36,4843.02,4871.76,1677292190
2015-03-16,4897.27,4929.84,4889.13,4929.51,1513635830
2015-03-17,4912.65,4944.86,4907.09,4937.43,1526861020
2015-03-18,4926.83,5001.46,4907.82,4982.83,1772696020
2015-03-19,4982.02,4999.88,4980,4992.38,1489161440
2015-03-20,5033.47,5042.03,5020.14,5026.42,1725568550
